250 31125
0 1 61923
0 2 86617
0 3 66293
0 4 59557
0 5 95448
0 6 95880
0 7 69870
0 8 71417
0 9 29467
0 10 60780
0 11 77351
0 12 65477
0 13 91822
0 14 104123
0 15 38634
0 16 76253
0 17 7375
0 18 26261
0 19 25440
0 20 92276
0 21 64539
0 22 46126
0 23 67480
0 24 101444
0 25 48015
0 26 34203
0 27 29123
0 28 34112
0 29 99325
0 30 63392
0 31 38750
0 32 31322
0 33 99268
0 34 49570
0 35 48613
0 36 47360
0 37 87295
0 38 34833
0 39 74265
0 40 41757
0 41 48722
0 42 25256
0 43 71801
0 44 51395
0 45 64645
0 46 50499
0 47 43467
0 48 88663
0 49 93053
0 50 75956
0 51 63919
0 52 5289
0 53 97280
0 54 45422
0 55 82566
0 56 39074
0 57 38036
0 58 95421
0 59 20946
0 60 19940
0 61 95726
0 62 59782
0 63 24175
0 64 81123
0 65 67931
0 66 32610
0 67 28676
0 68 21349
0 69 101796
0 70 73030
0 71 34403
0 72 54383
0 73 46280
0 74 35828
0 75 88402
0 76 39198
0 77 59562
0 78 57226
0 79 74525
0 80 93711
0 81 64945
0 82 49426
0 83 94469
0 84 35442
0 85 100041
0 86 35102
0 87 59520
0 88 68940
0 89 58910
0 90 73041
0 91 17641
0 92 85711
0 93 80322
0 94 69344
0 95 94235
0 96 39283
0 97 39324
0 98 75176
0 99 77523
0 100 64585
0 101 72395
0 102 38083
0 103 32015
0 104 59110
0 105 85473
0 106 34608
0 107 13687
0 108 33081
0 109 76247
0 110 26026
0 111 107931
0 112 37442
0 113 84401
0 114 56344
0 115 85555
0 116 27788
0 117 69997
0 118 60362
0 119 54347
0 120 38344
0 121 51942
0 122 67707
0 123 19213
0 124 68553
0 125 61152
0 126 99568
0 127 43109
0 128 99981
0 129 27490
0 130 72907
0 131 95587
0 132 47915
0 133 29401
0 134 6733
0 135 61139
0 136 37951
0 137 43701
0 138 75153
0 139 27993
0 140 78516
0 141 64006
0 142 50675
0 143 59161
0 144 19663
0 145 78787
0 146 64808
0 147 32018
0 148 67369
0 149 51431
0 150 22050
0 151 19951
0 152 25402
0 153 44159
0 154 101981
0 155 95870
0 156 15937
0 157 48635
0 158 23191
0 159 40234
0 160 73777
0 161 41544
0 162 69944
0 163 23723
0 164 80423
0 165 69236
0 166 40578
0 167 70983
0 168 92104
0 169 102490
0 170 49313
0 171 38181
0 172 66294
0 173 80775
0 174 72695
0 175 40747
0 176 46817
0 177 37916
0 178 60581
0 179 22853
0 180 55846
0 181 13392
0 182 59377
0 183 27134
0 184 62083
0 185 47664
0 186 49695
0 187 97396
0 188 4522
0 189 76705
0 190 81883
0 191 46811
0 192 71477
0 193 26767
0 194 74327
0 195 41467
0 196 74656
0 197 32736
0 198 49898
0 199 86142
0 200 21576
0 201 84742
0 202 80909
0 203 69062
0 204 93296
0 205 96600
0 206 91381
0 207 98494
0 208 100304
0 209 56351
0 210 20783
0 211 40639
0 212 70195
0 213 79658
0 214 56550
0 215 31183
0 216 88003
0 217 30360
0 218 29915
0 219 43758
0 220 90514
0 221 79145
0 222 15236
0 223 92977
0 224 53147
0 225 71506
0 226 93777
0 227 103339
0 228 60976
0 229 52259
0 230 16890
0 231 67799
0 232 93010
0 233 69738
0 234 44881
0 235 74987
0 236 53030
0 237 54020
0 238 30740
0 239 92062
0 240 33741
0 241 53995
0 242 80068
0 243 86631
0 244 26798
0 245 70539
0 246 35947
0 247 27922
0 248 28875
0 249 81835
1 2 48814
1 3 29623
1 4 33946
1 5 53749
1 6 40421
1 7 42201
1 8 12039
1 9 41721
1 10 7431
1 11 55034
1 12 42006
1 13 46556
1 14 42582
1 15 54749
1 16 31802
1 17 54798
1 18 36138
1 19 47707
1 20 51246
1 21 60951
1 22 25720
1 23 9388
1 24 39521
1 25 22776
1 26 61841
1 27 44844
1 28 70783
1 29 38119
1 30 21559
1 31 53237
1 32 58401
1 33 55853
1 34 32630
1 35 18913
1 36 21626
1 37 41991
1 38 75351
1 39 12354
1 40 53849
1 41 56375
1 42 36817
1 43 53866
1 44 69408
1 45 52765
1 46 13787
1 47 65357
1 48 49532
1 49 34919
1 50 14257
1 51 4920
1 52 57243
1 53 39704
1 54 27530
1 55 21181
1 56 26233
1 57 31570
1 58 51643
1 59 41196
1 60 51484
1 61 51809
1 62 21936
1 63 51559
1 64 37830
1 65 14251
1 66 46508
1 67 43040
1 68 48636
1 69 39888
1 70 16500
1 71 40240
1 72 60783
1 73 19371
1 74 54170
1 75 28906
1 76 63276
1 77 46034
1 78 17237
1 79 24190
1 80 64058
1 81 4349
1 82 12852
1 83 35329
1 84 31969
1 85 55001
1 86 43607
1 87 15827
1 88 38744
1 89 40662
1 90 28511
1 91 53023
1 92 25556
1 93 20168
1 94 25599
1 95 38252
1 96 40939
1 97 22624
1 98 46030
1 99 32315
1 100 8974
1 101 38146
1 102 23899
1 103 47019
1 104 66149
1 105 23560
1 106 55788
1 107 56161
1 108 29006
1 109 25750
1 110 56224
1 111 49497
1 112 60739
1 113 28294
1 114 47525
1 115 41864
1 116 49083
1 117 17718
1 118 63003
1 119 26383
1 120 54240
1 121 62344
1 122 34014
1 123 68215
1 124 40429
1 125 13441
1 126 55146
1 127 19137
1 128 39007
1 129 36995
1 130 16308
1 131 53553
1 132 19289
1 133 39155
1 134 58841
1 135 19517
1 136 48356
1 137 40079
1 138 25614
1 139 34092
1 140 35314
1 141 5267
1 142 29788
1 143 20307
1 144 42307
1 145 25404
1 146 41422
1 147 58027
1 148 11241
1 149 67625
1 150 40932
1 151 47023
1 152 36965
1 153 52398
1 154 42975
1 155 36081
1 156 49749
1 157 60206
1 158 52197
1 159 39942
1 160 33407
1 161 73295
1 162 37460
1 163 50470
1 164 29532
1 165 37250
1 166 52216
1 167 38490
1 168 39221
1 169 64116
1 170 12675
1 171 23742
1 172 27437
1 173 35883
1 174 17802
1 175 44283
1 176 28179
1 177 53154
1 178 51788
1 179 60567
1 180 61247
1 181 55897
1 182 14655
1 183 36815
1 184 49511
1 185 64711
1 186 42441
1 187 37586
1 188 60296
1 189 26109
1 190 20531
1 191 41307
1 192 53572
1 193 62044
1 194 34148
1 195 21681
1 196 18796
1 197 31973
1 198 60001
1 199 33677
1 200 46614
1 201 30301
1 202 36315
1 203 7176
1 204 32868
1 205 38561
1 206 29496
1 207 56565
1 208 62645
1 209 10216
1 210 62240
1 211 37781
1 212 20532
1 213 23749
1 214 5439
1 215 55917
1 216 36126
1 217 38107
1 218 40350
1 219 19949
1 220 36321
1 221 58776
1 222 50497
1 223 35137
1 224 32096
1 225 46603
1 226 46713
1 227 70191
1 228 33756
1 229 10322
1 230 45159
1 231 34123
1 232 35458
1 233 41805
1 234 51383
1 235 28288
1 236 60697
1 237 63931
1 238 42181
1 239 36221
1 240 70009
1 241 60386
1 242 40149
1 243 44283
1 244 40146
1 245 8638
1 246 29580
1 247 37467
1 248 55248
1 249 35671
2 3 22319
2 4 82577
2 5 9235
2 6 77259
2 7 17341
2 8 39783
2 9 57187
2 10 56245
2 11 18786
2 12 90802
2 13 10739
2 14 63474
2 15 55279
2 16 78565
2 17 79696
2 18 63817
2 19 61979
2 20 6260
2 21 38309
2 22 42433
2 23 40162
2 24 55732
2 25 41839
2 26 102119
2 27 84247
2 28 73662
2 29 62902
2 30 29144
2 31 96111
2 32 98125
2 33 13383
2 34 37103
2 35 64608
2 36 67192
2 37 10802
2 38 78511
2 39 47146
2 40 97603
2 41 101773
2 42 68580
2 43 23600
2 44 58941
2 45 30102
2 46 59020
2 47 60855
2 48 2333
2 49 69555
2 50 45057
2 51 52958
2 52 84099
2 53 73656
2 54 42466
2 55 43411
2 56 51037
2 57 73856
2 58 10660
2 59 68543
2 60 86686
2 61 10989
2 62 31229
2 63 64544
2 64 11392
2 65 34705
2 66 55531
2 67 58069
2 68 65686
2 69 57259
2 70 60897
2 71 52331
2 72 107006
2 73 46558
2 74 57107
2 75 63316
2 76 62086
2 77 30396
2 78 36296
2 79 25339
2 80 16388
2 81 51440
2 82 55357
2 83 67822
2 84 52340
2 85 15085
2 86 52380
2 87 35683
2 88 17690
2 89 28639
2 90 75817
2 91 87111
2 92 38869
2 93 57578
2 94 23559
2 95 75055
2 96 84590
2 97 57294
2 98 12931
2 99 16747
2 100 57039
2 101 86515
2 102 59787
2 103 56233
2 104 48878
2 105 48733
2 106 97006
2 107 74532
2 108 63550
2 109 71153
2 110 65943
2 111 78858
2 112 61080
2 113 68311
2 114 34545
2 115 8998
2 116 88028
2 117 31348
2 118 44325
2 119 33747
2 120 55146
2 121 107833
2 122 82690
2 123 81221
2 124 18311
2 125 62243
2 126 14256
2 127 53506
2 128 64512
2 129 60404
2 130 60727
2 131 9519
2 132 44391
2 133 57314
2 134 80650
2 135 68330
2 136 91329
2 137 85252
2 138 23872
2 139 63550
2 140 13583
2 141 53292
2 142 77059
2 143 32718
2 144 71815
2 145 69022
2 146 90205
2 147 62891
2 148 58207
2 149 56923
2 150 66165
2 151 81456
2 152 64533
2 153 49009
2 154 73041
2 155 39479
2 156 82147
2 157 51643
2 158 89042
2 159 83940
2 160 15876
2 161 71050
2 162 16743
2 163 64398
2 164 22153
2 165 17435
2 166 51915
2 167 15659
2 168 22936
2 169 16574
2 170 51923
2 171 58748
2 172 23550
2 173 13682
2 174 62980
2 175 47558
2 176 40753
2 177 95763
2 178 33386
2 179 71459
2 180 46481
2 181 87873
2 182 63434
2 183 72367
2 184 30095
2 185 108784
2 186 89143
2 187 67580
2 188 82885
2 189 71361
2 190 43206
2 191 87343
2 192 23655
2 193 70031
2 194 81814
2 195 52216
2 196 32607
2 197 56067
2 198 50388
2 199 22519
2 200 82038
2 201 26275
2 202 13197
2 203 47036
2 204 63030
2 205 34643
2 206 49674
2 207 12071
2 208 14644
2 209 58243
2 210 74274
2 211 46072
2 212 67683
2 213 65716
2 214 51001
2 215 61925
2 216 21201
2 217 77128
2 218 56702
2 219 50099
2 220 75811
2 221 21402
2 222 82635
2 223 33284
2 224 33570
2 225 17668
2 226 13799
2 227 21383
2 228 25715
2 229 48729
2 230 72049
2 231 19343
2 232 32593
2 233 17363
2 234 96263
2 235 74876
2 236 106633
2 237 50812
2 238 56029
2 239 73844
2 240 73068
2 241 47241
2 242 8706
2 243 6583
2 244 77276
2 245 48388
2 246 69623
2 247 59530
2 248 94376
2 249 14627
3 4 62071
3 5 30062
3 6 65265
3 7 12724
3 8 24501
3 9 37518
3 10 36787
3 11 25470
3 12 70619
3 13 25561
3 14 57799
3 15 40771
3 16 61224
3 17 59110
3 18 42135
3 19 43073
3 20 26958
3 21 35169
3 22 20638
3 23 22942
3 24 51288
3 25 19673
3 26 79827
3 27 61940
3 28 59637
3 29 55402
3 30 8077
3 31 73822
3 32 75845
3 33 33528
3 34 17513
3 35 43093
3 36 45566
3 37 21002
3 38 64638
3 39 32532
3 40 75360
3 41 79691
3 42 46581
3 43 24997
3 44 50176
3 45 25914
3 46 37644
3 47 49208
3 48 23879
3 49 58175
3 50 31432
3 51 34360
3 52 63255
3 53 62840
3 54 21003
3 55 33284
3 56 29029
3 57 51646
3 58 29463
3 59 47100
3 60 64655
3 61 29748
3 62 9082
3 63 46231
3 64 14831
3 65 17595
3 66 37685
3 67 38604
3 68 46276
3 69 52483
3 70 44491
3 71 33100
3 72 85049
3 73 24239
3 74 41763
3 75 51559
3 76 48997
3 77 20829
3 78 14399
3 79 13716
3 80 35445
3 81 33173
3 82 33711
3 83 57292
3 84 31074
3 85 33972
3 86 34242
3 87 14418
3 88 9199
3 89 15762
3 90 58047
3 91 65203
3 92 31649
3 93 43933
3 94 6536
3 95 62978
3 96 62402
3 97 34976
3 98 16454
3 99 11788
3 100 38523
3 101 67691
3 102 37469
3 103 38399
3 104 43193
3 105 38824
3 106 74688
3 107 55284
3 108 41271
3 109 54584
3 110 48811
3 111 70449
3 112 47225
3 113 54375
3 114 24072
3 115 19310
3 116 65747
3 117 15489
3 118 39100
3 119 12021
3 120 40458
3 121 85738
3 122 63371
3 123 63886
3 124 11058
3 125 42769
3 126 33603
3 127 31216
3 128 56845
3 129 39210
3 130 44301
3 131 30098
3 132 22072
3 133 36973
3 134 60794
3 135 48662
3 136 69059
3 137 63248
3 138 13186
3 139 41642
3 140 12247
3 141 34713
3 142 55706
3 143 10699
3 144 50169
3 145 53362
3 146 69972
3 147 47311
3 148 40391
3 149 48123
3 150 44966
3 151 59434
3 152 42896
3 153 35560
3 154 63974
3 155 38106
3 156 60363
3 157 41189
3 158 66889
3 159 61792
3 160 7492
3 161 59074
3 162 7848
3 163 45785
3 164 17171
3 165 7630
3 166 37383
3 167 8919
3 168 27684
3 169 38881
3 170 30097
3 171 36429
3 172 2346
3 173 14609
3 174 46288
3 175 30831
3 176 19496
3 177 73464
3 178 26506
3 179 54303
3 180 39017
3 181 66247
3 182 43575
3 183 50142
3 184 23357
3 185 86532
3 186 67434
3 187 58158
3 188 62924
3 189 54884
3 190 32775
3 191 65484
3 192 24744
3 193 53802
3 194 63759
3 195 29908
3 196 19918
3 197 34481
3 198 40367
3 199 22473
3 200 59933
3 201 23080
3 202 14692
3 203 30330
3 204 53130
3 205 35978
3 206 42314
3 207 33168
3 208 36960
3 209 37831
3 210 56904
3 211 27150
3 212 49957
3 213 50722
3 214 30451
3 215 45818
3 216 23596
3 217 54812
3 218 36752
3 219 27780
3 220 62474
3 221 29242
3 222 60894
3 223 32834
3 224 14049
3 225 17172
3 226 27494
3 227 42927
3 228 8040
3 229 27157
3 230 50814
3 231 4509
3 232 32498
3 233 12322
3 234 74138
3 235 57623
3 236 84620
3 237 42817
3 238 36698
3 239 61320
3 240 58935
3 241 38886
3 242 14304
3 243 20632
3 244 55016
3 245 32172
3 246 47332
3 247 38528
3 248 72110
3 249 15855
4 5 87692
4 6 41985
4 7 73897
4 8 44878
4 9 55742
4 10 26602
4 11 86585
4 12 8816
4 13 80430
4 14 58910
4 15 72800
4 16 19476
4 17 54736
4 18 43183
4 19 59677
4 20 85188
4 21 87791
4 22 49661
4 23 43149
4 24 60377
4 25 47809
4 26 40781
4 27 31259
4 28 83045
4 29 53582
4 30 54148
4 31 30119
4 32 39048
4 33 89726
4 34 58455
4 35 20322
4 36 18745
4 37 75914
4 38 86430
4 39 40369
4 40 28926
4 41 27786
4 42 38963
4 43 84233
4 44 89479
4 45 81245
4 46 24940
4 47 83226
4 48 83396
4 49 42641
4 50 43109
4 51 30462
4 52 54297
4 53 45334
4 54 51117
4 55 49253
4 56 43881
4 57 22479
4 58 85539
4 59 45284
4 60 41027
4 61 85697
4 62 53294
4 63 62838
4 64 71738
4 65 48196
4 66 62606
4 67 56691
4 68 58078
4 69 59848
4 70 28515
4 71 57387
4 72 30139
4 73 42022
4 74 71038
4 75 41199
4 76 79826
4 77 74040
4 78 47913
4 79 58125
4 80 97350
4 81 32179
4 82 29230
4 83 45203
4 84 48443
4 85 88767
4 86 61182
4 87 47656
4 88 70690
4 89 69307
4 90 17620
4 91 43399
4 92 55151
4 93 37080
4 94 59094
4 95 41130
4 96 21390
4 97 34538
4 98 78399
4 99 66228
4 100 26907
4 101 12855
4 102 32938
4 103 62772
4 104 89960
4 105 48005
4 106 34809
4 107 61478
4 108 34323
4 109 23798
4 110 68077
4 111 55513
4 112 77096
4 113 33905
4 114 74132
4 115 75809
4 116 34208
4 117 51664
4 118 87980
4 119 55012
4 120 72248
4 121 32803
4 122 8565
4 123 74060
4 124 72046
4 125 20874
4 126 88961
4 127 35569
4 128 53413
4 129 47467
4 130 28557
4 131 87491
4 132 43637
4 133 52599
4 134 60208
4 135 14940
4 136 26683
4 137 17292
4 138 59556
4 139 40813
4 140 69175
4 141 30177
4 142 9627
4 143 51589
4 144 43444
4 145 27708
4 146 8100
4 147 72471
4 148 27107
4 149 88169
4 150 47264
4 151 39641
4 152 43547
4 153 73283
4 154 51158
4 155 64673
4 156 43646
4 157 81396
4 158 39177
4 159 20198
4 160 66907
4 161 88138
4 162 69811
4 163 61503
4 164 63293
4 165 69464
4 166 71562
4 167 70942
4 168 72084
4 169 98057
4 170 33055
4 171 33999
4 172 60136
4 173 69822
4 174 26608
4 175 64750
4 176 52685
4 177 30545
4 178 79122
4 179 70172
4 180 84985
4 181 47781
4 182 19333
4 183 34183
4 184 77759
4 185 37218
4 186 14080
4 187 48682
4 188 60455
4 189 24116
4 190 48847
4 191 15435
4 192 83903
4 193 73229
4 194 15980
4 195 38875
4 196 52240
4 197 45421
4 198 81737
4 199 66967
4 200 38103
4 201 63244
4 202 70251
4 203 37670
4 204 46675
4 205 68759
4 206 53136
4 207 90493
4 208 96565
4 209 24366
4 210 70500
4 211 58608
4 212 20897
4 213 30764
4 214 31706
4 215 70326
4 216 69426
4 217 29338
4 218 54469
4 219 39447
4 220 36524
4 221 90146
4 222 44374
4 223 65845
4 224 59637
4 225 78060
4 226 80434
4 227 103952
4 228 64107
4 229 35272
4 230 47481
4 231 66392
4 232 66352
4 233 73524
4 234 24850
4 235 20174
4 236 30561
4 237 86375
4 238 57115
4 239 39251
4 240 82336
4 241 83621
4 242 73876
4 243 78219
4 244 32928
4 245 37219
4 246 26567
4 247 48795
4 248 37752
4 249 69614
5 6 77934
5 7 26558
5 8 43456
5 9 66087
5 10 61104
5 11 26744
5 12 95608
5 13 7959
5 14 61849
5 15 64513
5 16 81805
5 17 88449
5 18 72107
5 19 71010
5 20 3172
5 21 46799
5 22 50614
5 23 44603
5 24 53927
5 25 49732
5 26 109678
5 27 91753
5 28 82866
5 29 62058
5 30 35912
5 31 103197
5 32 105731
5 33 4178
5 34 45879
5 35 70722
5 36 73384
5 37 11860
5 38 87703
5 39 50064
5 40 104530
5 41 108346
5 42 76641
5 43 32110
5 44 67808
5 45 38992
5 46 65083
5 47 69966
5 48 6961
5 49 70154
5 50 47683
5 51 57451
5 52 92780
5 53 73895
5 54 50808
5 55 44716
5 56 59085
5 57 80780
5 58 3477
5 59 76966
5 60 94716
5 61 3628
5 62 38515
5 63 73648
5 64 16344
5 65 39509
5 66 64652
5 67 67007
5 68 74656
5 69 55519
5 70 64060
5 71 61281
5 72 113369
5 73 54057
5 74 66339
5 75 64277
5 76 71274
5 77 39611
5 78 43225
5 79 29569
5 80 18385
5 81 55818
5 82 61704
5 83 68101
5 84 60803
5 85 6307
5 86 61463
5 87 42214
5 88 26690
5 89 37838
5 90 79335
5 91 95256
5 92 39394
5 93 59584
5 94 29820
5 95 75819
5 96 91421
5 97 64706
5 98 22115
5 99 21693
5 100 61367
5 101 90482
5 102 67169
5 103 65358
5 104 57488
5 105 49581
5 106 104382
5 107 83547
5 108 71206
5 109 74135
5 110 75136
5 111 77926
5 112 70297
5 113 70098
5 114 43754
5 115 11949
5 116 95640
5 117 36034
5 118 52958
5 119 41918
5 120 64380
5 121 114413
5 122 87005
5 123 90421
5 124 27462
5 125 66975
5 126 5317
5 127 60754
5 128 63678
5 129 68918
5 130 63905
5 131 526
5 132 51902
5 133 66076
5 134 89574
5 135 73064
5 136 98355
5 137 91765
5 138 28136
5 139 71687
5 140 19120
5 141 57765
5 142 82906
5 143 39848
5 144 80135
5 145 71604
5 146 95052
5 147 72124
5 148 62143
5 149 65812
5 150 74690
5 151 89495
5 152 72849
5 153 58236
5 154 72537
5 155 37511
5 156 90386
5 157 60723
5 158 96921
5 159 90696
5 160 22872
5 161 80146
5 162 25517
5 163 73471
5 164 24812
5 165 26230
5 166 61150
5 167 24513
5 168 20884
5 169 10612
5 170 58490
5 171 66185
5 172 30866
5 173 17978
5 174 66222
5 175 56727
5 176 49164
5 177 102894
5 178 42425
5 179 80658
5 180 55347
5 181 96217
5 182 68372
5 183 80137
5 184 39193
5 185 115713
5 186 95264
5 187 67388
5 188 91792
5 189 74291
5 190 44651
5 191 93653
5 192 32209
5 193 79258
5 194 85394
5 195 59791
5 196 35992
5 197 64397
5 198 59445
5 199 22936
5 200 89984
5 201 27077
5 202 17583
5 203 50870
5 204 63198
5 205 32038
5 206 49404
5 207 3107
5 208 9674
5 209 63627
5 210 83465
5 211 55031
5 212 71336
5 213 68067
5 214 56630
5 215 71149
5 216 20878
5 217 84580
5 218 65547
5 219 57574
5 220 77132
5 221 28693
5 222 90903
5 223 31640
5 224 42306
5 225 26807
5 226 9724
5 227 18677
5 228 34473
5 229 55118
5 230 80570
5 231 27746
5 232 30891
5 233 26567
5 234 102932
5 235 78134
5 236 113081
5 237 59678
5 238 64980
5 239 74840
5 240 82277
5 241 56187
5 242 15757
5 243 9772
5 244 84962
5 245 51938
5 246 76793
5 247 68111
5 248 102030
5 249 18078
6 7 77640
6 8 40781
6 9 81179
6 10 37307
6 11 89654
6 12 42893
6 13 70015
6 14 22941
6 15 95117
6 16 22578
6 17 89597
6 18 72845
6 19 86858
6 20 76690
6 21 99677
6 22 66141
6 23 42913
6 24 28794
6 25 63192
6 26 82676
6 27 70817
6 28 110531
6 29 18993
6 30 58250
6 31 72051
6 32 80683
6 33 77999
6 34 72725
6 35 47346
6 36 48525
6 37 67115
6 38 114906
6 39 32807
6 40 70908
6 41 69203
6 42 71315
6 43 90165
6 44 109776
6 45 90812
6 46 46523
6 47 105761
6 48 76871
6 49 7780
6 50 33862
6 51 36072
6 52 90680
6 53 5239
6 54 67951
6 55 33874
6 56 65767
6 57 58484
6 58 74727
6 59 77056
6 60 80086
6 61 74721
6 62 60126
6 63 90652
6 64 66237
6 65 47792
6 66 86540
6 67 82458
6 68 87062
6 69 27429
6 70 24445
6 71 80297
6 72 70287
6 73 59531
6 74 94430
6 75 14002
6 76 103585
6 77 84710
6 78 56567
6 79 53641
6 80 93637
6 81 36095
6 82 49096
6 83 10146
6 84 71574
6 85 75923
6 86 83801
6 87 54491
6 88 74130
6 89 79243
6 90 24541
6 91 82264
6 92 38611
6 93 21442
6 94 59246
6 95 2287
6 96 62127
6 97 59595
6 98 79888
6 99 61669
6 100 33441
6 101 32439
6 102 59744
6 103 87004
6 104 105933
6 105 28542
6 106 76596
6 107 93414
6 108 63979
6 109 19770
6 110 95603
6 111 13591
6 112 101009
6 113 12241
6 114 86828
6 115 68383
6 116 74466
6 117 49822
6 118 102483
6 119 65909
6 120 94602
6 121 73504
6 122 34057
6 123 106063
6 124 76157
6 125 35105
6 126 76596
6 127 57406
6 128 17769
6 129 75118
6 130 24618
6 131 77525
6 132 59659
6 133 78350
6 134 94513
6 135 34831
6 136 68337
6 137 58597
6 138 54918
6 139 70445
6 140 64829
6 141 35808
6 142 47550
6 143 58791
6 144 76857
6 145 17128
6 146 42975
6 147 97995
6 148 30450
6 149 107964
6 150 77749
6 151 77254
6 152 73552
6 153 92796
6 154 10737
6 155 42255
6 156 80957
6 157 100535
6 158 79099
6 159 60867
6 160 65592
6 161 113497
6 162 72268
6 163 89457
6 164 55214
6 165 72339
6 166 92630
6 167 72977
6 168 57346
6 169 88206
6 170 51144
6 171 60156
6 172 62926
6 173 63871
6 174 23991
6 175 84702
6 176 68563
6 177 72439
6 178 90582
6 179 99447
6 180 101135
6 181 86258
6 182 36675
6 183 68747
6 184 87871
6 185 78609
6 186 56061
6 187 12202
6 188 95459
6 189 19325
6 190 34125
6 191 57275
6 192 89931
6 193 101392
6 194 26743
6 195 60632
6 196 46150
6 197 70723
6 198 100273
6 199 55216
6 200 76111
6 201 51187
6 202 64353
6 203 36028
6 204 15016
6 205 48003
6 206 28842
6 207 79771
6 208 87587
6 209 40852
6 210 100753
6 211 78185
6 212 25685
6 213 17052
6 214 44083
6 215 95843
6 216 57099
6 217 66507
6 218 79777
6 219 59420
6 220 5540
6 221 93431
6 222 81744
6 223 47048
6 224 71712
6 225 82015
6 226 68412
6 227 96578
6 228 71570
6 229 50079
6 230 80512
6 231 69486
6 232 47795
6 233 77244
6 234 66790
6 235 22094
6 236 71045
6 237 104055
6 238 81870
6 239 4201
6 240 109760
6 241 100404
6 242 70034
6 243 70975
6 244 69793
6 245 33984
6 246 59939
6 247 75918
6 248 78959
6 249 62703
7 8 37011
7 9 40410
7 10 49237
7 11 12845
7 12 82564
7 13 25543
7 14 68609
7 15 38047
7 16 73898
7 17 63128
7 18 48415
7 19 44902
7 20 23488
7 21 24887
7 22 27904
7 23 35644
7 24 61603
7 25 28193
7 26 87918
7 27 70348
7 28 56619
7 29 66707
7 30 20669
7 31 82971
7 32 83858
7 33 30668
7 34 20963
7 35 54324
7 36 56632
7 37 22470
7 38 61523
7 39 45058
7 40 84783
7 41 89645
7 42 53647
7 43 12572
7 44 43323
7 45 15528
7 46 49103
7 47 44272
7 48 19598
7 49 70405
7 50 43784
7 51 46993
7 52 67662
7 53 74995
7 54 27461
7 55 44883
7 56 36528
7 57 61440
7 58 27481
7 59 52771
7 60 71617
7 61 27812
7 62 20681
7 63 47329
7 64 17427
7 65 30229
7 66 38298
7 67 41203
7 68 48721
7 69 62929
7 70 57213
7 71 35468
7 72 95256
7 73 33728
7 74 39803
7 75 63808
7 76 45154
7 77 13504
7 78 26014
7 79 24569
7 80 25345
7 81 45850
7 82 44956
7 83 69350
7 84 36703
7 85 32117
7 86 35225
7 87 26619
7 88 3542
7 89 11312
7 90 70687
7 91 71789
7 92 42322
7 93 56427
7 94 18395
7 95 75355
7 96 72164
7 97 44201
7 98 5446
7 99 18522
7 100 51144
7 101 80119
7 102 46681
7 103 38994
7 104 34431
7 105 50497
7 106 83240
7 107 57462
7 108 49672
7 109 67304
7 110 48610
7 111 82131
7 112 43988
7 113 66963
7 114 17649
7 115 20050
7 116 73850
7 117 27848
7 118 29969
7 119 19879
7 120 37892
7 121 95623
7 122 75684
7 123 63883
7 124 1857
7 125 55163
7 126 31392
7 127 40975
7 128 68213
7 129 44510
7 130 57023
7 131 26813
7 132 31665
7 133 40858
7 134 63738
7 135 60951
7 136 78376
7 137 73507
7 138 23555
7 139 48518
7 140 16509
7 141 47347
7 142 66956
7 143 22392
7 144 56245
7 145 66074
7 146 81896
7 147 45589
7 148 53078
7 149 41254
7 150 50182
7 151 66413
7 152 49056
7 153 31867
7 154 75764
7 155 46941
7 156 66660
7 157 35274
7 158 74275
7 159 71691
7 160 13124
7 161 54480
7 162 5424
7 163 47238
7 164 25665
7 165 5302
7 166 34657
7 167 4985
7 168 33157
7 169 32627
7 170 41185
7 171 45540
7 172 15039
7 173 18903
7 174 59011
7 175 30257
7 176 25614
7 177 82529
7 178 17676
7 179 54121
7 180 31117
7 181 72121
7 182 55840
7 183 58046
7 184 14192
7 185 95839
7 186 78169
7 187 69980
7 188 66001
7 189 67606
7 190 44440
7 191 75999
7 192 12362
7 193 52704
7 194 76346
7 195 38904
7 196 31698
7 197 40698
7 198 34135
7 199 29546
7 200 67193
7 201 31640
7 202 18640
7 203 43038
7 204 65012
7 205 43608
7 206 53357
7 207 29406
7 208 30435
7 209 49931
7 210 56940
7 211 29234
7 212 62623
7 213 63393
7 214 42595
7 215 44592
7 216 29679
7 217 63454
7 218 40056
7 219 37144
7 220 75024
7 221 16575
7 222 67081
7 223 41038
7 224 17719
7 225 4449
7 226 28363
7 227 34206
7 228 10473
7 229 38646
7 230 56026
7 231 8261
7 232 40535
7 233 402
7 234 84006
7 235 70311
7 236 94710
7 237 35341
7 238 39143
7 239 73758
7 240 56002
7 241 31525
7 242 13920
7 243 19729
7 244 63073
7 245 44861
7 246 56743
7 247 43486
7 248 80042
7 249 20600
8 9 47962
8 10 18548
8 11 49356
8 12 52407
8 13 35875
8 14 36276
8 15 58199
8 16 38782
8 17 64115
8 18 45180
8 19 54140
8 20 41244
8 21 59075
8 22 29658
8 23 3958
8 24 31438
8 25 26727
8 26 73751
8 27 56542
8 28 75739
8 29 32811
8 30 17619
8 31 65264
8 32 70248
8 33 45117
8 34 33969
8 35 30945
8 36 33662
8 37 31598
8 38 80553
8 39 8047
8 40 65888
8 41 68337
8 42 46899
8 43 49465
8 44 71087
8 45 50086
8 46 25709
8 47 68270
8 48 40104
8 49 33816
8 50 7130
8 51 14438
8 52 67043
8 53 38548
8 54 31296
8 55 11673
8 56 33315
8 57 43443
8 58 41019
8 59 50471
8 60 62678
8 61 41148
8 62 19988
8 63 57935
8 64 28414
8 65 7062
8 66 51461
8 67 49287
8 68 55837
8 69 32191
8 70 21152
8 71 45377
8 72 72625
8 73 25817
8 74 58190
8 75 27204
8 76 66879
8 77 44196
8 78 17795
8 79 14452
8 80 55802
8 81 12704
8 82 24087
8 83 33164
8 84 38498
8 85 43995
8 86 48196
8 87 15273
8 88 33477
8 89 38753
8 90 36073
8 91 64063
8 92 14355
8 93 19435
8 94 18690
8 95 38494
8 96 52968
8 97 32443
8 98 39726
8 99 23060
8 100 18073
8 101 47040
8 102 34190
8 103 52071
8 104 65965
8 105 16167
8 106 67741
8 107 64083
8 108 39312
8 109 31432
8 110 62084
8 111 46807
8 112 64566
8 113 29965
8 114 46637
8 115 31904
8 116 60773
8 117 9208
8 118 62260
8 119 26546
8 120 57746
8 121 74281
8 122 43576
8 123 75402
8 124 35465
8 125 24007
8 126 44247
8 127 28411
8 128 34065
8 129 44972
8 130 20977
8 131 43199
8 132 24748
8 133 45888
8 134 67637
8 135 29990
8 136 60377
8 137 52101
8 138 15913
8 139 43447
8 140 26278
8 141 14710
8 142 41605
8 143 18938
8 144 52137
8 145 29577
8 146 51889
8 147 62801
8 148 18687
8 149 69147
8 150 49677
8 151 57999
8 152 46036
8 153 54630
8 154 40219
8 155 24766
8 156 60421
8 157 61776
8 158 63649
8 159 51977
8 160 25737
8 161 77146
8 162 31713
8 163 57010
8 164 18674
8 165 31723
8 166 55236
8 167 32511
8 168 27392
8 169 54020
8 170 22714
8 171 33770
8 172 22158
8 173 26211
8 174 23207
8 175 47419
8 176 31224
8 177 65172
8 178 50063
8 179 66946
8 180 61346
8 181 66632
8 182 25671
8 183 47713
8 184 47225
8 185 76737
8 186 54284
8 187 34418
8 188 69307
8 189 31660
8 190 10990
8 191 53259
8 192 49221
8 193 67805
8 194 42099
8 195 29996
8 196 7476
8 197 39641
8 198 61293
8 199 22095
8 200 57751
8 201 18476
8 202 26683
8 203 7416
8 204 29356
8 205 26708
8 206 21284
8 207 46090
8 208 52755
8 209 22141
8 210 68966
8 211 41456
8 212 27978
8 213 26588
8 214 16874
8 215 60839
8 216 24556
8 217 49650
8 218 46700
8 219 27785
8 220 38013
8 221 53157
8 222 61140
8 223 23216
8 224 32186
8 225 41430
8 226 35644
8 227 60866
8 228 30933
8 229 19377
8 230 54528
8 231 28790
8 232 23500
8 233 36611
8 234 63395
8 235 35093
8 236 72584
8 237 64629
8 238 48023
8 239 36820
8 240 74975
8 241 60824
8 242 31474
8 243 34469
8 244 51429
8 245 8606
8 246 41093
8 247 45119
8 248 67015
8 249 25624
9 10 43884
9 11 48484
9 12 64025
9 13 62815
9 14 83638
9 15 17305
9 16 66389
9 17 22777
9 18 13575
9 19 6182
9 20 62917
9 21 38771
9 22 18882
9 23 44097
9 24 79372
9 25 21526
9 26 52087
9 27 36851
9 28 29366
9 29 79522
9 30 35987
9 31 50416
9 32 48081
9 33 69962
9 34 20288
9 35 37182
9 36 37689
9 37 58426
9 38 33746
9 39 53017
9 40 52981
9 41 59347
9 42 19370
9 43 43251
9 44 34076
9 45 36639
9 46 35570
9 47 27495
9 48 59259
9 49 76397
9 50 53951
9 51 45401
9 52 27416
9 53 81107
9 54 17628
9 55 59633
9 56 15515
9 57 34703
9 58 66197
9 59 15071
9 60 34383
9 61 66507
9 62 32252
9 63 9980
9 64 52242
9 65 42829
9 66 7027
9 67 1331
9 68 8763
9 69 80059
9 70 56745
9 71 4993
9 72 65512
9 73 22553
9 74 15326
9 75 70581
9 76 24126
9 77 30766
9 78 31120
9 79 47448
9 80 64572
9 81 45754
9 82 32289
9 83 76997
9 84 9753
9 85 70847
9 86 7045
9 87 33686
9 88 39499
9 89 29552
9 90 62755
9 91 33837
9 92 61408
9 93 61865
9 94 41411
9 95 79146
9 96 43118
9 97 22466
9 98 45738
9 99 49113
9 100 47738
9 101 66925
9 102 23306
9 103 7081
9 104 36878
9 105 63708
9 106 48883
9 107 17769
9 108 21474
9 109 63394
9 110 14509
9 111 91146
9 112 21392
9 113 68950
9 114 28061
9 115 56555
9 116 39087
9 117 44074
9 118 36358
9 119 25950
9 120 16764
9 121 64608
9 122 61750
9 123 27599
9 124 39086
9 125 46994
9 126 70330
9 127 23848
9 128 80521
9 129 8580
9 130 56575
9 131 66242
9 132 23270
9 133 3149
9 134 23489
9 135 49871
9 136 46844
9 137 46362
9 138 47814
9 139 15505
9 140 49748
9 141 45624
9 142 46243
9 143 32049
9 144 18827
9 145 64630
9 146 63271
9 147 17201
9 148 50731
9 149 32982
9 150 12011
9 151 29674
9 152 13616
9 153 19512
9 154 84663
9 155 70775
9 156 28548
9 157 26937
9 158 37730
9 159 43283
9 160 44914
9 161 33051
9 162 40570
9 163 9062
9 164 52942
9 165 39857
9 166 16812
9 167 41583
9 168 64428
9 169 73026
9 170 30038
9 171 22451
9 172 37847
9 173 52125
9 174 57260
9 175 12743
9 176 18568
9 177 49747
9 178 32836
9 179 19017
9 180 32347
9 181 33063
9 182 46011
9 183 25181
9 184 33691
9 185 62854
9 186 52582
9 187 79307
9 188 25706
9 189 63844
9 190 58949
9 191 49657
9 192 42911
9 193 20330
9 194 66292
9 195 20549
9 196 49240
9 197 10795
9 198 27644
9 199 58667
9 200 31012
9 201 57916
9 202 52209
9 203 48039
9 204 74564
9 205 70484
9 206 69177
9 207 69113
9 208 70842
9 209 40705
9 210 21013
9 211 11176
9 212 57060
9 213 64127
9 214 37272
9 215 15008
9 216 60279
9 217 31822
9 218 1406
9 219 21869
9 220 76464
9 221 50626
9 222 28751
9 223 66937
9 224 23885
9 225 42183
9 226 64938
9 227 74079
9 228 31639
9 229 31463
9 230 17016
9 231 38586
9 232 66839
9 233 40275
9 234 53896
9 235 63888
9 236 64540
9 237 32425
9 238 1740
9 239 77016
9 240 28597
9 241 30638
9 242 50880
9 243 57466
9 244 29631
9 245 49925
9 246 29752
9 247 7122
9 248 44324
9 249 53324
10 11 62082
10 12 34583
10 13 53831
10 14 43517
10 15 58367
10 16 25369
10 17 53955
10 18 36095
10 19 49555
10 20 58634
10 21 66898
10 22 30102
10 23 16551
10 24 41769
10 25 27372
10 26 56895
10 27 40677
10 28 73247
10 29 38597
10 30 28710
10 31 47722
10 32 53686
10 33 63128
10 34 37885
10 35 13954
10 36 16419
10 37 49314
10 38 77601
10 39 15982
10 40 48052
10 41 50032
10 42 35552
10 43 60634
10 44 73758
10 45 59060
10 46 10331
10 47 69110
10 48 56957
10 49 32960
10 50 18522
10 51 4348
10 52 55831
10 53 37528
10 54 31887
10 55 25455
10 56 28539
10 57 27130
10 58 58938
10 59 40723
10 60 48252
10 61 59096
10 62 28705
10 63 53356
10 64 45246
10 65 21648
10 66 49406
10 67 45158
10 68 49868
10 69 41856
10 70 12926
10 71 43208
10 72 54148
10 73 22812
10 74 57470
10 75 27755
10 76 66668
10 77 52146
10 78 23660
10 79 31535
10 80 71451
10 81 6077
10 82 11908
10 83 33996
10 84 34331
10 85 62201
10 86 46813
10 87 22645
10 88 45826
10 89 46886
10 90 21897
10 91 50023
10 92 30667
10 93 19543
10 94 32993
10 95 35303
10 96 35495
10 97 22541
10 98 53234
10 99 39730
10 100 3932
10 101 30905
10 102 23065
10 103 49840
10 104 71388
10 105 26380
10 106 50711
10 107 56628
10 108 27797
10 109 20277
10 110 58296
10 111 47897
10 112 64039
10 113 25098
10 114 53281
10 115 49244
10 116 44881
10 117 25102
10 118 68503
10 119 32353
10 120 57836
10 121 55914
10 122 26648
10 123 69106
10 124 47438
10 125 6029
10 126 62378
10 127 20104
10 128 39211
10 129 37942
10 130 12765
10 131 60899
10 132 23382
10 133 41043
10 134 58458
10 135 12087
10 136 42925
10 137 34094
10 138 32972
10 139 33800
10 140 42741
10 141 4192
10 142 23160
10 143 27022
10 144 41174
10 145 20887
10 146 34003
10 147 60792
10 148 6912
10 149 72070
10 150 41014
10 151 44225
10 152 36858
10 153 56709
10 154 41637
10 155 40996
10 156 47355
10 157 64720
10 158 48481
10 159 34404
10 160 40811
10 161 76417
10 162 44634
10 163 52171
10 164 36717
10 165 44391
10 166 56119
10 167 45691
10 168 45938
10 169 71504
10 170 13881
10 171 23284
10 172 34655
10 173 43279
10 174 13388
10 175 48304
10 176 32865
10 177 47723
10 178 57782
10 179 62190
10 180 66419
10 181 53317
10 182 7270
10 183 34388
10 184 55720
10 185 58665
10 186 35829
10 187 36747
10 188 59678
10 189 20692
10 190 24888
10 191 34967
10 192 60330
10 193 64086
10 194 27249
10 195 23336
10 196 25752
10 197 33428
10 198 64651
10 199 40590
10 200 43557
10 201 37024
10 202 43715
10 203 11853
10 204 32524
10 205 44142
10 206 32322
10 207 63894
10 208 70051
10 209 4670
10 210 63576
10 211 41709
10 212 14362
10 213 20257
10 214 7489
10 215 58627
10 216 43050
10 217 34433
10 218 42480
10 219 22237
10 220 32604
10 221 65794
10 222 48132
10 223 40888
10 224 37861
10 225 53600
10 226 53882
10 227 77622
10 228 40377
10 229 13389
10 230 44470
10 231 41263
10 232 41290
10 233 48844
10 234 45272
10 235 22056
10 236 54148
10 237 68807
10 238 44613
10 239 33158
10 240 72476
10 241 65421
10 242 47579
10 243 51681
10 244 36960
10 245 12144
10 246 26235
10 247 38679
10 248 50785
10 249 43029
11 12 95286
11 13 29437
11 14 79011
11 15 41597
11 16 86693
11 17 71118
11 18 58393
11 19 51914
11 20 24462
11 21 20221
11 22 39260
11 23 48256
11 24 71633
11 25 40036
11 26 98457
11 27 81251
11 28 58603
11 29 77609
11 30 33485
11 31 94230
11 32 94379
11 33 30767
11 34 31235
11 35 66830
11 36 69061
11 37 28315
11 38 63190
11 39 57376
11 40 96200
11 41 101357
11 42 63978
11 43 6086
11 44 41722
11 45 13792
11 46 61715
11 47 44928
11 48 20911
11 49 82261
11 50 55916
11 51 59811
11 52 75838
11 53 86744
11 54 38489
11 55 56309
11 56 47595
11 57 73229
11 58 29088
11 59 62228
11 60 81562
11 61 29400
11 62 33490
11 63 53618
11 64 25452
11 65 42756
11 66 44796
11 67 49016
11 68 56014
11 69 73058
11 70 69873
11 71 43515
11 72 107096
11 73 45768
11 74 43927
11 75 75714
11 76 46950
11 77 17795
11 78 38786
11 79 36061
11 80 16642
11 81 58642
11 82 57512
11 83 81012
11 84 46755
11 85 33042
11 86 42274
11 87 39459
11 88 16294
11 89 19602
11 90 83504
11 91 81473
11 92 53038
11 93 68661
11 94 30672
11 95 87377
11 96 83856
11 97 55914
11 98 9792
11 99 28628
11 100 63967
11 101 92960
11 102 58345
11 103 45422
11 104 30979
11 105 61915
11 106 94120
11 107 64180
11 108 60862
11 109 80018
11 110 53719
11 111 93319
11 112 46508
11 113 79302
11 114 21163
11 115 25953
11 116 84524
11 117 40148
11 118 26517
11 119 31966
11 120 41612
11 121 107270
11 122 88511
11 123 68493
11 124 14652
11 125 68005
11 126 32060
11 127 52985
11 128 79164
11 129 54006
11 130 69684
11 131 27183
11 132 43793
11 133 49595
11 134 70872
11 135 73778
11 136 89768
11 137 85465
11 138 34852
11 139 58860
11 140 25804
11 141 60165
11 142 79426
11 143 35199
11 144 65879
11 145 78674
11 146 94611
11 147 49492
11 148 65861
11 149 39805
11 150 59414
11 151 76448
11 152 58941
11 153 35154
11 154 87101
11 155 56043
11 156 76228
11 157 35640
11 158 84473
11 159 83463
11 160 24103
11 161 54873
11 162 17750
11 163 53821
11 164 35750
11 165 17860
11 166 38561
11 167 16866
11 168 40447
11 169 28435
11 170 53711
11 171 57174
11 172 27741
11 173 27585
11 174 71710
11 175 36610
11 176 36625
11 177 93739
11 178 17854
11 179 58964
11 180 29404
11 181 81295
11 182 68665
11 183 68804
11 184 15497
11 185 107128
11 186 90357
11 187 81384
11 188 73180
11 189 80310
11 190 55930
11 191 88082
11 192 6325
11 193 56775
11 194 89182
11 195 50616
11 196 43505
11 197 50909
11 198 34249
11 199 38349
11 200 77402
11 201 41284
11 202 27177
11 203 55652
11 204 76509
11 205 51869
11 206 64169
11 207 28730
11 208 26224
11 209 62727
11 210 61853
11 211 37667
11 212 75424
11 213 75888
11 214 55409
11 215 49028
11 216 37776
11 217 74576
11 218 48440
11 219 49056
11 220 87289
11 221 3802
11 222 76565
11 223 49879
11 224 28604
11 225 8532
11 226 32513
11 227 26517
11 228 22582
11 229 51313
11 230 65078
11 231 20964
11 232 49270
11 233 13238
11 234 95693
11 235 83093
11 236 106483
11 237 33673
11 238 46977
11 239 85864
11 240 58104
11 241 30513
11 242 21272
11 243 24358
11 244 73848
11 245 57424
11 246 68375
11 247 52804
11 248 90543
11 249 29175
12 13 88205
12 14 62184
12 15 81192
12 16 20871
12 17 61259
12 18 51163
12 19 67696
12 20 93188
12 21 96592
12 22 58473
12 23 51006
12 24 64648
12 25 56625
12 26 42524
12 27 36471
12 28 90742
12 29 56955
12 30 62644
12 31 32039
12 32 41595
12 33 97481
12 34 67269
12 35 29134
12 36 27491
12 37 83778
12 38 93938
12 39 47189
12 40 30111
12 41 26905
12 42 46574
12 43 93006
12 44 97918
12 45 90060
12 46 33720
12 47 91518
12 48 91538
12 49 45084
12 50 49905
12 51 38162
12 52 60308
12 53 46968
12 54 59922
12 55 55603
12 56 52588
12 57 29952
12 58 93337
12 59 52830
12 60 46139
12 61 93480
12 62 61922
12 63 70723
12 64 79827
12 65 56225
12 66 70952
12 67 64925
12 68 65859
12 69 63933
12 70 34260
12 71 65879
12 72 27408
12 73 50839
12 74 79349
12 75 44891
12 76 88024
12 77 82856
12 78 56557
12 79 66060
12 80 105785
12 81 39819
12 82 38022
12 83 47910
12 84 57025
12 85 96402
12 86 69656
12 87 56203
12 88 79325
12 89 78113
12 90 20531
12 91 48546
12 92 61629
12 93 42258
12 94 67416
12 95 42495
12 96 26258
12 97 43205
12 98 86998
12 99 74312
12 100 34336
12 101 10503
12 102 41514
12 103 71087
12 104 98645
12 105 53681
12 106 37121
12 107 68638
12 108 42552
12 109 27311
12 110 75934
12 111 56436
12 112 85300
12 113 37033
12 114 82941
12 115 83793
12 116 38719
12 117 59669
12 118 96723
12 119 63792
12 120 80641
12 121 30707
12 122 9976
12 123 81012
12 124 80717
12 125 28642
12 126 96646
12 127 44357
12 128 56549
12 129 55635
12 130 34341
12 131 95387
12 132 52450
12 133 60896
12 134 66785
12 135 22546
12 136 29736
12 137 21837
12 138 67509
12 139 48858
12 140 77320
12 141 37853
12 142 17814
12 143 60213
12 144 50669
12 145 31294
12 146 754
12 147 80540
12 148 34033
12 149 96651
12 150 55007
12 151 45573
12 152 51463
12 153 81871
12 154 52939
12 155 70659
12 156 49573
12 157 89957
12 158 43759
12 159 25256
12 160 75243
12 161 96084
12 162 78394
12 163 69388
12 164 71007
12 165 78065
12 166 80060
12 167 79514
12 168 79271
12 169 106054
12 170 41845
12 171 42602
12 172 68640
12 173 77847
12 174 32154
12 175 73369
12 176 61496
12 177 32644
12 178 87935
12 179 77723
12 180 93680
12 181 53013
12 182 27368
12 183 41435
12 184 86574
12 185 36110
12 186 16432
12 187 51375
12 188 66815
12 189 27507
12 190 55265
12 191 18963
12 192 92677
12 193 80926
12 194 16293
12 195 47637
12 196 59855
12 197 53878
12 198 90332
12 199 74384
12 200 43906
12 201 70541
12 202 78287
12 203 45056
12 204 50174
12 205 75099
12 206 58368
12 207 98349
12 208 104624
12 209 32802
12 210 77869
12 211 67292
12 212 26285
12 213 34849
12 214 40180
12 215 78419
12 216 76831
12 217 35944
12 218 62784
12 219 48249
12 220 37770
12 221 98866
12 222 50251
12 223 72380
12 224 68448
12 225 86756
12 226 88051
12 227 112184
12 228 72847
12 229 43986
12 230 54687
12 231 74978
12 232 72932
12 233 82188
12 234 25737
12 235 22967
12 236 28212
12 237 94994
12 238 65449
12 239 40892
12 240 90050
12 241 92295
12 242 82118
12 243 86248
12 244 39469
12 245 44364
12 246 34473
12 247 57002
12 248 41076
12 249 77554
13 14 54387
13 15 63298
13 16 73993
13 17 84662
13 18 67549
13 19 68118
13 20 6958
13 21 48516
13 22 46118
13 23 37281
13 24 46505
13 25 44857
13 26 104025
13 27 86102
13 28 82038
13 29 54373
13 30 30179
13 31 97112
13 32 100139
13 33 9297
13 34 42548
13 35 64049
13 36 66747
13 37 4826
13 38 86972
13 39 42260
13 40 98308
13 41 101848
13 42 71721
13 43 33920
13 44 68548
13 45 39886
13 46 58411
13 47 69812
13 48 8929
13 49 62238
13 50 39836
13 51 50053
13 52 88815
13 53 66023
13 54 46557
13 55 36758
13 56 54291
13 57 74640
13 58 5145
13 59 72592
13 60 89664
13 61 5276
13 62 33191
13 63 71036
13 64 10765
13 65 32411
13 66 62187
13 67 63836
13 68 71530
13 69 48079
13 70 56263
13 71 58202
13 72 106715
13 73 48666
13 74 64852
13 75 56330
13 76 70650
13 77 39046
13 78 37453
13 79 22421
13 80 24998
13 81 48387
13 82 55245
13 83 60218
13 84 56629
13 85 8755
13 86 58854
13 87 36131
13 88 24612
13 89 36247
13 90 71583
13 91 90361
13 92 31449
13 93 51645
13 94 23897
13 95 67892
13 96 85164
13 97 59113
13 98 22368
13 99 15358
13 100 53891
13 101 82820
13 102 61528
13 103 62903
13 104 58904
13 105 41630
13 106 98558
13 107 80518
13 108 65825
13 109 66289
13 110 73038
13 111 70289
13 112 69392
13 113 62143
13 114 43191
13 115 6268
13 116 90087
13 117 28942
13 118 54348
13 119 37574
13 120 63100
13 121 107905
13 122 79450
13 123 88314
13 124 25928
13 125 59622
13 126 8691
13 127 55036
13 128 55994
13 129 64762
13 130 56112
13 131 7592
13 132 46552
13 133 62454
13 134 86224
13 135 65691
13 136 92234
13 137 85269
13 138 21049
13 139 66905
13 140 13500
13 141 50357
13 142 76021
13 143 34336
13 144 75573
13 145 63706
13 146 87666
13 147 70613
13 148 54539
13 149 66498
13 150 70511
13 151 84478
13 152 68328
13 153 57266
13 154 64792
13 155 30074
13 156 85648
13 157 60771
13 158 91670
13 159 84382
13 160 18069
13 161 80021
13 162 22928
13 163 70722
13 164 17208
13 165 23638
13 166 59872
13 167 22183
13 168 13290
13 169 18502
13 170 52216
13 171 60607
13 172 25846
13 173 11642
13 174 58437
13 175 54607
13 176 45054
13 177 96849
13 178 42804
13 179 78583
13 180 56158
13 181 91618
13 182 61098
13 183 74831
13 184 39382
13 185 109466
13 186 88501
13 187 59575
13 188 88383
13 189 66437
13 190 36697
13 191 87013
13 192 33938
13 193 77556
13 194 77646
13 195 54416
13 196 28399
13 197 59965
13 198 59597
13 199 14979
13 200 84844
13 201 19123
13 202 11366
13 203 43287
13 204 55324
13 205 24817
13 206 41572
13 207 10264
13 208 17631
13 209 56583
13 210 81313
13 211 52049
13 212 63629
13 213 60149
13 214 49763
13 215 69428
13 216 12929
13 217 78904
13 218 62133
13 219 52115
13 220 69176
13 221 32140
13 222 86208
13 223 24049
13 224 38957
13 225 27099
13 226 3076
13 227 26563
13 228 31399
13 229 48745
13 230 76346
13 231 24307
13 232 23313
13 233 25431
13 234 96516
13 235 70330
13 236 106485
13 237 60462
13 238 61868
13 239 66896
13 240 81404
13 241 56757
13 242 12162
13 243 5814
13 244 79534
13 245 44269
13 246 70888
13 247 64088
13 248 96501
13 249 11219
14 15 94469
14 16 41400
14 17 97140
14 18 78673
14 19 89761
14 20 61344
14 21 92864
14 22 65820
14 23 39879
14 24 7943
14 25 62847
14 26 97713
14 27 83188
14 28 111931
14 29 5337
14 30 52767
14 31 87517
14 32 95057
14 33 60961
14 34 70109
14 35 56880
14 36 58920
14 37 52698
14 38 116703
14 39 30652
14 40 86984
14 41 86670
14 42 78870
14 43 80975
14 44 106926
14 45 83495
14 46 53845
14 47 104462
14 48 62506
14 49 17508
14 50 29745
14 51 40204
14 52 99259
14 53 17703
14 54 67500
14 55 25026
14 56 68411
14 57 69778
14 58 58415
14 59 83642
14 60 91437
14 61 58328
14 62 55748
14 63 93602
14 64 53748
14 65 42708
14 66 87588
14 67 84969
14 68 91021
14 69 6337
14 70 32559
14 71 81428
14 72 88837
14 73 61105
14 74 94459
14 75 17754
14 76 103149
14 77 78596
14 78 54068
14 79 44274
14 80 79273
14 81 39218
14 82 54710
14 83 14494
14 84 73958
14 85 58524
14 86 84380
14 87 51529
14 88 65392
14 89 73364
14 90 41810
14 91 93322
14 92 26302
14 93 24176
14 94 51266
14 95 21932
14 96 76160
14 97 65069
14 98 69384
14 99 50482
14 100 39893
14 101 52334
14 102 66080
14 103 88178
14 104 100899
14 105 20117
14 106 91449
14 107 98727
14 108 71043
14 109 35200
14 110 97989
14 111 16635
14 112 100842
14 113 25191
14 114 81590
14 115 54536
14 116 87250
14 117 43173
14 118 96882
14 119 62595
14 120 94018
14 121 91673
14 122 52409
14 123 110649
14 124 67513
14 125 44554
14 126 59370
14 127 61716
14 128 5664
14 129 79530
14 130 32621
14 131 61374
14 132 60415
14 133 81304
14 134 101354
14 135 47280
14 136 83185
14 137 73454
14 138 45134
14 139 76562
14 140 53208
14 141 40119
14 142 61666
14 143 54930
14 144 84463
14 145 31232
14 146 62082
14 147 98999
14 148 37383
14 149 104941
14 150 83497
14 151 87637
14 152 79491
14 153 90751
14 154 13079
14 155 24341
14 156 90851
14 157 97653
14 158 91300
14 159 74928
14 160 55540
14 161 113419
14 162 63256
14 163 92591
14 164 43291
14 165 63544
14 166 91480
14 167 63633
14 168 41098
14 169 71315
14 170 55223
14 171 66079
14 172 55680
14 173 51507
14 174 33726
14 175 83688
14 176 67491
14 177 87739
14 178 84305
14 179 102646
14 180 96539
14 181 96760
14 182 46644
14 183 77901
14 184 81127
14 185 96075
14 186 72520
14 187 11229
14 188 102741
14 189 34927
14 190 25645
14 191 72991
14 192 80812
14 193 103765
14 194 46096
14 195 64191
14 196 38087
14 197 74415
14 198 97070
14 199 41092
14 200 86872
14 201 37777
14 202 51940
14 203 35745
14 204 12248
14 205 29882
14 206 15520
14 207 63069
14 208 71138
14 209 48109
14 210 104489
14 211 77719
14 212 38576
14 213 28215
14 214 47771
14 215 97005
14 216 42274
14 217 77511
14 218 82318
14 219 62312
14 220 26064
14 221 82584
14 222 91631
14 223 30355
14 224 68053
14 225 72588
14 226 52137
14 227 80317
14 228 65406
14 229 52804
14 230 87540
14 231 61244
14 232 31084
14 233 68250
14 234 83270
14 235 39292
14 236 89370
14 237 100098
14 238 83866
14 239 22640
14 240 111164
14 241 96213
14 242 57902
14 243 56894
14 244 80274
14 245 33996
14 246 69609
14 247 79935
14 248 92656
14 249 49994
15 16 82241
15 17 34014
15 18 30798
15 19 15612
15 20 61493
15 21 26061
15 22 29142
15 23 54705
15 24 89185
15 25 32145
15 26 67239
15 27 53382
15 28 18912
15 29 90917
15 30 42659
15 31 66828
15 32 63383
15 33 68658
15 34 24643
15 35 53658
15 36 54449
15 37 59649
15 38 23908
15 39 64607
15 40 69522
15 41 76089
15 42 36423
15 43 35588
15 44 16774
15 45 27917
15 46 51287
15 47 10768
15 48 57577
15 49 89602
15 50 64948
15 51 59057
15 52 38764
15 53 94409
15 54 27358
15 55 69576
15 56 30245
15 57 52007
15 58 65526
15 59 31343
15 60 49431
15 61 65857
15 62 39217
15 63 14918
15 64 53794
15 65 51898
15 66 10285
15 67 16599
15 68 19386
15 69 90106
15 70 70812
15 71 15604
15 72 82271
15 73 35639
15 74 2815
15 75 83394
15 76 8680
15 77 24996
15 78 40405
15 79 53491
15 80 58220
15 81 59044
15 82 47535
15 83 89785
15 84 24803
15 85 70164
15 86 11800
15 87 42940
15 88 38694
15 89 27051
15 90 78591
15 91 48386
15 92 70006
15 93 74679
15 94 46430
15 95 92974
15 96 60264
15 97 38761
15 98 42471
15 99 52318
15 100 62013
15 101 83625
15 102 39995
15 103 10250
15 104 20956
15 105 74366
15 106 64772
15 107 24956
15 108 38689
15 109 78484
15 110 12838
15 111 103917
15 112 6506
15 113 82915
15 114 20946
15 115 57387
15 116 55142
15 117 52065
15 118 21749
15 119 32188
15 120 553
15 121 81132
15 122 78459
15 123 26927
15 124 37417
15 125 62297
15 126 69430
15 127 39189
15 128 92097
15 129 25877
15 130 70629
15 131 64794
15 132 35466
15 133 20371
15 134 31903
15 135 65858
15 136 63567
15 137 63612
15 138 53384
15 139 32804
15 140 51861
15 141 59331
15 142 63383
15 143 39763
15 144 34877
15 145 79237
15 146 80437
15 147 7897
15 148 64933
15 149 15703
15 150 28385
15 151 45288
15 152 30754
15 153 6451
15 154 97319
15 155 78095
15 156 43312
15 157 10411
15 158 53027
15 159 60481
15 160 47093
15 161 18957
15 162 40483
15 163 15798
15 164 57871
15 165 39794
15 166 3436
15 167 41139
15 168 68324
15 169 69235
15 170 44635
15 171 39020
15 172 42042
15 173 54438
15 174 71651
15 175 10781
15 176 27084
15 177 66114
15 178 23781
15 179 17599
15 180 17258
15 181 46526
15 182 61600
15 183 42243
15 184 26235
15 185 78891
15 186 69863
15 187 91704
15 188 34141
15 189 78918
15 190 68927
15 191 66925
15 192 35313
15 193 15178
15 194 82554
15 195 35664
15 196 57413
15 197 27398
15 198 11493
15 199 63245
15 200 46833
15 201 63620
15 202 54365
15 203 60099
15 204 86752
15 205 76571
15 206 79262
15 207 67259
15 208 66985
15 209 55858
15 210 20470
15 211 17007
15 212 72270
15 213 78220
15 214 51164
15 215 7722
15 216 64296
15 217 48874
15 218 18463
15 219 36268
15 220 90773
15 221 42556
15 222 43311
15 223 73280
15 224 27352
15 225 37947
15 226 65938
15 227 68108
15 228 33008
15 229 45132
15 230 32053
15 231 39865
15 232 73014
15 233 38087
15 234 70751
15 235 79482
15 236 81235
15 237 16033
15 238 15780
15 239 90916
15 240 18232
15 241 15407
15 242 51212
15 243 57522
15 244 46428
15 245 62121
15 246 47039
15 247 24427
15 248 59783
15 249 55954
16 17 70578
16 18 55798
16 19 71395
16 20 79795
16 21 92264
16 22 55066
16 23 38806
16 24 44350
16 25 52482
16 26 60250
16 27 49471
16 28 95366
16 29 36225
16 30 53229
16 31 49594
16 32 58424
16 33 83010
16 34 63145
16 35 29523
16 36 29776
16 37 70029
16 38 99307
16 39 31741
16 40 48366
16 41 46668
16 42 53021
16 43 85667
16 44 98220
16 45 84388
16 46 30966
16 47 92997
16 48 78851
16 49 24214
16 50 34171
16 51 26933
16 52 70970
16 53 26260
16 54 56805
16 55 38437
16 56 51997
16 57 38222
16 58 79104
16 59 59193
16 60 59048
16 61 79193
16 62 53732
16 63 74976
16 64 67192
16 65 44405
16 66 72642
16 67 67550
16 68 70744
16 69 43513
16 70 17751
16 71 66701
16 72 48024
16 73 47469
16 74 81002
16 75 24459
16 76 90166
16 77 77507
16 78 48888
16 79 53230
16 80 94524
16 81 28051
16 82 34756
16 83 27054
16 84 57515
16 85 81521
16 86 70465
16 87 47623
16 88 70405
16 89 72225
16 90 3650
16 91 61333
16 92 44490
16 93 23661
16 94 56538
16 95 21888
16 96 40211
16 97 43924
16 98 77473
16 99 61836
16 100 22829
16 101 11002
16 102 43299
16 103 72972
16 104 96526
16 105 35299
16 106 54243
16 107 75825
16 108 46547
16 109 7886
16 110 80170
16 111 36155
16 112 87463
16 113 16418
16 114 78632
16 115 70552
16 116 52850
16 117 47505
16 118 93766
16 119 57716
16 120 81695
16 121 51125
16 122 11515
16 123 88619
16 124 72152
16 125 20238
16 126 81935
16 127 43052
16 128 35748
16 129 59075
16 130 17909
16 131 81503
16 132 48358
16 133 63315
16 134 75821
16 135 16524
16 136 46049
16 137 36429
16 138 54694
16 139 53320
16 140 65045
16 141 26580
16 142 26073
16 143 52091
16 144 58255
16 145 11383
16 146 20834
16 147 83590
16 148 20838
16 149 96631
16 150 60489
16 151 56820
16 152 56376
16 153 81271
16 154 32199
16 155 52305
16 156 60707
16 157 89387
16 158 57666
16 159 38965
16 160 64110
16 161 99437
16 162 69002
16 163 73687
16 164 57066
16 165 68845
16 166 80317
16 167 69977
16 168 63355
16 169 92416
16 170 37950
16 171 44030
16 172 58968
16 173 64969
16 174 15612
16 175 72718
16 176 57938
16 177 50012
16 178 83150
16 179 83234
16 180 91534
16 181 65538
16 182 20669
16 183 49427
16 184 81067
16 185 56092
16 186 33525
16 187 30512
16 188 76450
16 189 7855
16 190 38265
16 191 34870
16 192 85374
16 193 85753
16 194 4718
16 195 46578
16 196 46050
16 197 55594
16 198 89427
16 199 59291
16 200 55490
16 201 55197
16 202 65444
16 203 31606
16 204 29549
16 205 57295
16 206 39160
16 207 84253
16 208 91285
16 209 26643
16 210 84087
16 211 66154
16 212 11280
16 213 15233
16 214 32791
16 215 81397
16 216 61629
16 217 46060
16 218 65002
16 219 46132
16 220 17200
16 221 90459
16 222 61478
16 223 55035
16 224 63225
16 225 78323
16 226 73272
16 227 99582
16 228 65531
16 229 38418
16 230 62167
16 231 65731
16 232 55673
16 233 73498
16 234 44223
16 235 3689
16 236 48705
16 237 93729
16 238 67431
16 239 20152
16 240 94615
16 241 90460
16 242 70211
16 243 73147
16 244 49544
16 245 30178
16 246 40753
16 247 60150
16 248 56922
16 249 64301
17 18 18937
17 19 19536
17 20 85277
17 21 59409
17 22 38832
17 23 60172
17 24 94302
17 25 40673
17 26 34722
17 27 25767
17 28 33124
17 29 92402
17 30 56058
17 31 37220
17 32 31269
17 33 92227
17 34 42597
17 35 42251
17 36 41216
17 37 80102
17 38 34887
17 39 67119
17 40 40206
17 41 47213
17 42 18432
17 43 65718
17 44 48234
17 45 58769
17 46 43747
17 47 40324
17 48 81708
17 49 86486
17 50 68758
17 51 56957
17 52 4816
17 53 90797
17 54 38178
17 55 75320
17 56 31700
17 57 32600
17 58 88339
17 59 13663
17 60 18004
17 61 88640
17 62 52463
17 63 19114
17 64 73940
17 65 60565
17 66 26755
17 67 22128
17 68 15341
17 69 94685
17 70 66387
17 71 27766
17 72 53170
17 73 38909
17 74 31209
17 75 81666
17 76 36030
17 77 53333
17 78 49856
17 79 67165
17 80 87318
17 81 57927
17 82 42435
17 83 87803
17 84 28157
17 85 92941
17 86 28890
17 87 52145
17 88 62053
17 89 52329
17 90 67261
17 91 16170
17 92 78391
17 93 73472
17 94 62039
17 95 87888
17 96 35513
17 97 32174
17 98 68484
17 99 70260
17 100 57803
17 101 67465
17 102 31061
17 103 26230
17 104 54895
17 105 78322
17 106 33780
17 107 9968
17 108 26163
17 109 70099
17 110 22159
17 111 101407
17 112 33928
17 113 77947
17 114 50322
17 115 78399
17 116 25481
17 117 62622
17 118 55692
17 119 47131
17 120 33653
17 121 51150
17 122 62617
17 123 20197
17 124 61755
17 125 54655
17 126 92489
17 127 35874
17 128 93098
17 129 20150
17 130 66258
17 131 88575
17 132 40540
17 133 22383
17 134 5533
17 135 55045
17 136 35518
17 137 39837
17 138 67802
17 139 20754
17 140 71312
17 141 57058
17 142 45516
17 143 51819
17 144 12812
17 145 72472
17 146 60560
17 147 28299
17 148 60636
17 149 47994
17 150 14675
17 151 16124
17 152 18080
17 153 39010
17 154 95364
17 155 88524
17 156 12443
17 157 44325
17 158 21677
17 159 36313
17 160 66601
17 161 40123
17 162 62981
17 163 18369
17 164 73075
17 165 62278
17 166 35512
17 167 64041
17 168 84760
17 169 95705
17 170 42150
17 171 31086
17 172 59054
17 173 73545
17 174 66157
17 175 34673
17 176 39616
17 177 36404
17 178 54782
17 179 20438
17 180 51243
17 181 13095
17 182 52959
17 183 21152
17 184 56042
17 185 47603
17 186 46099
17 187 90665
17 188 5883
17 189 70560
17 190 74636
17 191 43109
17 192 65386
17 193 24415
17 194 68947
17 195 34140
17 196 67288
17 197 25370
17 198 45486
17 199 78790
17 200 17915
17 201 77371
17 202 73688
17 203 61911
17 204 86474
17 205 89228
17 206 84208
17 207 91509
17 208 93535
17 209 49610
17 210 19168
17 211 33924
17 212 63945
17 213 73162
17 214 49458
17 215 27057
17 216 80664
17 217 25422
17 218 23073
17 219 36416
17 220 84296
17 221 73091
17 222 11991
17 223 85605
17 224 46151
17 225 64959
17 226 86573
17 227 96852
17 228 54002
17 229 45025
17 230 9644
17 231 60743
17 232 85637
17 233 62980
17 234 42770
17 235 69097
17 236 51902
17 237 49870
17 238 24185
17 239 85709
17 240 32615
17 241 49396
17 242 72985
17 243 79530
17 244 21845
17 245 63429
17 246 29892
17 247 20638
17 248 28174
17 249 74581
18 19 16533
18 20 68966
18 21 51414
18 22 21503
18 23 41236
18 24 75544
18 25 22745
18 26 40170
18 27 23773
18 28 39993
18 29 74071
18 30 38014
18 31 37313
18 32 36094
18 33 75656
18 34 27497
18 35 26303
18 36 26143
18 37 62845
18 38 43656
18 39 48384
18 40 39754
18 41 45953
18 42 5969
18 43 53786
18 44 47525
18 45 47986
18 46 26328
18 47 40644
18 48 65644
18 49 69021
18 50 49930
18 51 38685
18 52 22132
18 53 73518
18 54 21351
18 55 56424
18 56 13357
18 57 21411
18 58 71597
18 59 5352
18 60 23234
18 61 71880
18 62 34590
18 63 19668
18 64 56788
18 65 41734
18 66 20573
18 67 14199
18 68 15054
18 69 75978
18 70 48890
18 71 17015
18 72 52095
18 73 20163
18 74 28639
18 75 63808
18 76 36973
18 77 41376
18 78 31401
18 79 48781
18 80 73592
18 81 39506
18 82 24248
18 83 70086
18 84 11726
18 85 76081
18 86 20273
18 87 33560
18 88 46657
18 89 38803
18 90 52251
18 91 23387
18 92 59456
18 93 55379
18 94 44192
18 95 70981
18 96 29545
18 97 13651
18 98 53859
18 99 52644
18 100 40018
18 101 54976
18 102 13111
18 103 20550
18 104 50340
18 105 59561
18 106 36284
18 107 20582
18 108 9260
18 109 53952
18 110 24916
18 111 83971
18 112 34270
18 113 60843
18 114 39466
18 115 61357
18 116 26495
18 117 43926
18 118 49561
18 119 30190
18 120 30265
18 121 51349
18 122 49835
18 123 33231
18 124 46805
18 125 37779
18 126 75733
18 127 17048
18 128 74852
18 129 5096
18 130 48744
18 131 72171
18 132 21938
18 133 10739
18 134 22705
18 135 39433
18 136 33505
18 137 32814
18 138 49525
18 139 2478
18 140 54056
18 141 38822
18 142 33567
18 143 33730
18 144 8034
18 145 55812
18 146 50412
18 147 29383
18 148 42956
18 149 46500
18 150 4922
18 151 18070
18 152 859
18 153 32951
18 154 77732
18 155 69613
18 156 18335
18 157 40506
18 158 26080
18 159 29711
18 160 49559
18 161 44961
18 162 47172
18 163 18336
18 164 54807
18 165 46512
18 166 30376
18 167 48320
18 168 66489
18 169 80258
18 170 23465
18 171 12811
18 172 41704
18 173 56117
18 174 48953
18 175 25422
18 176 23081
18 177 36689
18 178 44540
18 179 27473
18 180 45706
18 181 24115
18 182 36377
18 183 11682
18 184 44734
18 185 49984
18 186 39074
18 187 72777
18 188 24217
18 189 54413
18 190 55738
18 191 36128
18 192 53435
18 193 30219
18 194 55075
18 195 15207
18 196 48465
18 197 7759
18 198 41187
18 199 60467
18 200 19017
18 201 58807
18 202 56312
18 203 43178
18 204 68386
18 205 70437
18 206 65407
18 207 75209
18 208 78181
18 209 32080
18 210 28301
18 211 21345
18 212 47617
18 213 55991
18 214 30904
18 215 27275
18 216 62450
18 217 18298
18 218 12606
18 219 17504
18 220 67765
18 221 61024
18 222 18818
18 223 66812
18 224 30710
18 225 51088
18 226 69203
18 227 82620
18 228 38369
18 229 26172
18 230 9410
18 231 44487
18 232 66867
18 233 48190
18 234 40443
18 235 53719
18 236 51165
18 237 45970
18 238 15231
18 239 68805
18 240 39268
18 241 44043
18 242 56380
18 243 62767
18 244 16368
18 245 44773
18 246 16691
18 247 6583
18 248 32261
18 249 56997
19 20 67853
19 21 40009
19 22 25008
19 23 50270
19 24 85543
19 25 27692
19 26 51682
19 27 37917
19 28 23979
19 29 85606
19 30 41974
19 31 51289
19 32 47801
19 33 74962
19 34 25621
19 35 41952
19 36 42179
19 37 63833
19 38 28103
19 39 59125
19 40 54020
19 41 60665
19 42 21577
19 43 46370
19 44 31764
19 45 39290
19 46 40846
19 47 24459
19 48 64116
19 49 82245
19 50 60096
19 51 51261
19 52 24347
19 53 86927
19 54 23693
19 55 65810
19 56 21475
19 57 37894
19 58 71303
19 59 15982
19 60 33857
19 61 71619
19 62 38237
19 63 3853
19 64 57662
19 65 48999
19 66 7227
19 67 4867
19 68 4195
19 69 86222
19 70 62462
19 71 9973
19 72 66846
19 73 28658
19 74 13025
19 75 76509
19 76 20591
19 77 34130
19 78 37271
19 79 53440
19 80 68312
19 81 51680
19 82 37808
19 83 82916
19 84 15810
19 85 75975
19 86 9736
19 87 39844
19 88 44324
19 89 33743
19 90 67784
19 91 32895
19 92 67582
19 93 67813
19 94 47255
19 95 84857
19 96 45297
19 97 27608
19 98 50098
19 99 54771
19 100 53444
19 101 71290
19 102 28098
19 103 6694
19 104 36426
19 105 69858
19 106 49161
19 107 12561
19 108 25446
19 109 68765
19 110 8805
19 111 97045
19 112 17938
19 113 74652
19 114 30921
19 115 61882
19 116 39551
19 117 50201
19 118 36676
19 119 31766
19 120 15149
19 121 65608
19 122 66127
19 123 21453
19 124 43714
19 125 52363
19 126 75413
19 127 29452
19 128 86587
19 129 12381
19 130 62296
19 131 71193
19 132 29432
19 133 8564
19 134 18992
19 135 54880
19 136 48161
19 137 48890
19 138 53760
19 139 18866
19 140 55242
19 141 51472
19 142 50075
19 143 38103
19 144 19373
19 145 70166
19 146 66945
19 147 12860
19 148 56440
19 149 31002
19 150 13177
19 151 29677
19 152 16260
19 153 19731
19 154 90590
19 155 76912
19 156 27759
19 157 25973
19 158 37433
19 159 45623
19 160 50377
19 161 28471
19 162 45562
19 163 2884
19 164 58843
19 165 44843
19 166 16385
19 167 46517
19 168 70254
19 169 77490
19 170 35794
19 171 27379
19 172 43549
19 173 57669
19 174 62888
19 175 15308
19 176 24521
19 177 50565
19 178 35273
19 179 12888
19 180 32351
19 181 31327
19 182 51259
19 183 27298
19 184 36658
19 185 63283
19 186 55249
19 187 85280
19 188 21293
19 189 69220
19 190 65125
19 191 52253
19 192 46045
19 193 14541
19 194 71037
19 195 26295
19 196 55388
19 197 16143
19 198 26950
19 199 64552
19 200 31231
19 201 63914
19 202 57728
19 203 54118
19 204 80572
19 205 76544
19 206 75345
19 207 73994
19 208 75278
19 209 46179
19 210 14831
19 211 16070
19 212 62411
19 213 69812
19 214 43132
19 215 10783
19 216 66104
19 217 33839
19 218 7452
19 219 27781
19 220 82055
19 221 53723
19 222 27793
19 223 73009
19 224 29190
19 225 46246
19 226 70343
19 227 77984
19 228 36757
19 229 37411
19 230 16440
19 231 43815
19 232 72899
19 233 44805
19 234 55408
19 235 69038
19 236 65778
19 237 31601
19 238 6460
19 239 82713
19 240 23224
19 241 30536
19 242 56072
19 243 62658
19 244 31155
19 245 55985
19 246 33224
19 247 11246
19 248 44182
19 249 58924
20 21 44321
20 22 47479
20 23 42197
20 24 53463
20 25 46631
20 26 106650
20 27 88730
20 28 79912
20 29 61283
20 30 32971
20 31 100255
20 32 102694
20 33 7181
20 34 42707
20 35 67968
20 36 70615
20 37 9805
20 38 84766
20 39 48082
20 40 101620
20 41 105512
20 42 73529
20 43 29602
20 44 65129
20 45 36289
20 46 62335
20 47 67112
20 48 3932
20 49 68921
20 50 45775
20 51 55067
20 52 89611
20 53 72785
20 54 47657
20 55 43187
20 56 55969
20 57 77862
20 58 4628
20 59 73813
20 60 91611
20 61 4938
20 62 35492
20 63 70505
20 64 13562
20 65 36995
20 66 61514
20 67 63839
20 68 71491
20 69 55037
20 70 62045
20 71 58115
20 72 110582
20 73 51018
20 74 63288
20 75 62918
20 76 68343
20 77 36643
20 78 40271
20 79 27135
20 80 18077
20 81 53459
20 82 58891
20 83 66967
20 84 57644
20 85 8841
20 86 58316
20 87 39332
20 88 23538
20 89 34743
20 90 77245
20 91 92136
20 92 38080
20 93 57894
20 94 26948
20 95 74544
20 96 88527
20 97 61688
20 98 19191
20 99 19012
20 100 59033
20 101 88280
20 102 64158
20 103 62221
20 104 54955
20 105 48214
20 106 101385
20 107 80386
20 108 68152
20 109 72188
20 110 72029
20 111 77212
20 112 67323
20 113 68496
20 114 40796
20 115 9396
20 116 92600
20 117 33533
20 118 50410
20 119 38780
20 120 61352
20 121 111579
20 122 84707
20 123 87320
20 124 24347
20 125 64546
20 126 7996
20 127 57763
20 128 62903
20 129 65757
20 130 61886
20 131 3345
20 132 48860
20 133 62904
20 134 86405
20 135 70642
20 136 95424
20 137 88937
20 138 25681
20 139 68564
20 140 16285
20 141 55386
20 142 80222
20 143 36853
20 144 76993
20 145 69768
20 146 92622
20 147 69074
20 148 59913
20 149 63119
20 150 71528
20 151 86388
20 152 69706
20 153 55242
20 154 71669
20 155 37032
20 156 87254
20 157 57895
20 158 93838
20 159 87816
20 160 19840
20 161 77305
20 162 22347
20 163 70320
20 164 22729
20 165 23060
20 166 58119
20 167 21348
20 168 20247
20 169 12870
20 170 55627
20 171 63165
20 172 27822
20 173 15367
20 174 64189
20 175 53609
20 176 46007
20 177 99943
20 178 39625
20 179 77555
20 180 52666
20 181 93074
20 182 65893
20 183 77067
20 184 36348
20 185 112806
20 186 92524
20 187 66406
20 188 88622
20 189 72360
20 190 43079
20 191 90870
20 192 29679
20 193 76191
20 194 83294
20 195 56744
20 196 33819
20 197 61251
20 198 56635
20 199 21484
20 200 86890
20 201 25567
20 202 14944
20 203 48641
20 204 62089
20 205 31754
20 206 48397
20 207 6249
20 208 11511
20 209 61033
20 210 80357
20 211 51867
20 212 69198
20 213 66293
20 214 53968
20 215 68076
20 216 19627
20 217 81564
20 218 62376
20 219 54542
20 220 75684
20 221 26691
20 222 87768
20 223 31000
20 224 39134
20 225 23926
20 226 9515
20 227 20005
20 228 31301
20 229 52287
20 230 77409
20 231 24581
20 232 30265
20 233 23485
20 234 100076
20 235 76114
20 236 110275
20 237 56998
20 238 61814
20 239 73490
20 240 79316
20 241 53455
20 242 12659
20 243 6989
20 244 81907
20 245 49788
20 246 73826
20 247 64946
20 248 98984
20 249 15662
21 22 38176
21 23 56766
21 24 86115
21 25 40291
21 26 90858
21 27 75184
21 28 40232
21 29 90569
21 30 41470
21 31 88725
21 32 86849
21 33 50884
21 34 29483
21 35 67477
21 36 69143
21 37 46428
21 38 44448
21 39 66914
21 40 91130
21 41 97145
21 42 57381
21 43 14721
21 44 21756
21 45 9423
21 46 63343
21 47 26124
21 48 40572
21 49 92881
21 50 66173
21 51 65855
21 52 64220
21 53 97622
21 54 36677
21 55 68451
21 56 44443
21 57 70290
21 58 48901
21 59 53815
21 60 73130
21 61 49223
21 62 39617
21 63 40440
21 64 42075
21 65 52013
21 66 32956
21 67 38776
21 68 44167
21 69 87382
21 70 77244
21 71 34486
21 72 103220
21 73 45908
21 74 28816
21 75 86275
21 76 28976
21 77 14997
21 78 43747
21 79 48593
21 80 35362
21 81 65143
21 82 59035
21 83 92199
21 84 41220
21 85 53058
21 86 31734
21 87 45486
21 88 27721
21 89 20458
21 90 88762
21 91 72478
21 92 66595
21 93 78235
21 94 41663
21 95 97398
21 96 80112
21 97 53838
21 98 26306
21 99 43369
21 100 69715
21 101 96463
21 102 55903
21 103 33383
21 104 10762
21 105 73975
21 106 87532
21 107 50859
21 108 56750
21 109 86687
21 110 38898
21 111 105556
21 112 29269
21 113 88228
21 114 13736
21 115 43964
21 116 77717
21 117 50463
21 118 6376
21 119 34603
21 120 26290
21 121 102685
21 122 91550
21 123 52248
21 124 25632
21 125 72240
21 126 52109
21 127 52243
21 128 92014
21 129 46393
21 130 77049
21 131 47216
21 132 44524
21 133 40965
21 134 57812
21 135 77266
21 136 84816
21 137 82659
21 138 47784
21 139 52682
21 140 41378
21 141 66195
21 142 79291
21 143 41048
21 144 57583
21 145 86234
21 146 95861
21 147 33530
21 148 72186
21 149 19950
21 150 50763
21 151 68441
21 152 51705
21 153 20418
21 154 99046
21 155 71791
21 156 67215
21 157 17353
21 158 76500
21 159 80020
21 160 37871
21 161 35527
21 162 29922
21 163 41064
21 164 50441
21 165 29532
21 166 23972
21 167 29785
21 168 57823
21 169 48390
21 170 55325
21 171 54726
21 172 37391
21 173 43720
21 174 78714
21 175 26107
21 176 35152
21 177 88103
21 178 9167
21 179 43446
21 180 10062
21 181 71269
21 182 72303
21 183 62964
21 184 11863
21 185 101374
21 186 88377
21 187 93225
21 188 60081
21 189 87053
21 190 67935
21 191 85705
21 192 14655
21 193 40487
21 194 93833
21 195 49043
21 196 55085
21 197 45207
21 198 15898
21 199 54430
21 200 69752
21 201 56462
21 202 43429
21 203 63813
21 204 88177
21 205 68484
21 206 77427
21 207 48910
21 208 46224
21 209 66108
21 210 46257
21 211 30505
21 212 81183
21 213 84130
21 214 59487
21 215 33756
21 216 54492
21 217 69426
21 218 39296
21 219 48345
21 220 96402
21 221 19407
21 222 67363
21 223 65921
21 224 29041
21 225 21813
21 226 51555
21 227 45035
21 228 28143
21 229 54082
21 230 55649
21 231 31633
21 232 65421
21 233 25188
21 234 91544
21 235 88931
21 236 102369
21 237 13975
21 238 37041
21 239 95611
21 240 39845
21 241 11629
21 242 38223
21 243 42959
21 244 67776
21 245 65818
21 246 65143
21 247 44950
21 248 83084
21 249 45418
22 23 25947
22 24 61060
22 25 3010
22 26 60098
22 27 42451
22 28 46111
22 29 62036
22 30 17382
22 31 55112
22 32 56053
22 33 54153
22 34 8820
22 35 29339
22 36 31127
22 37 41458
22 38 50902
22 39 35576
22 40 56997
22 41 62099
22 42 26154
22 43 35705
22 44 43773
22 45 31756
22 46 25209
22 47 39667
22 48 44205
22 49 60478
22 50 36107
22 51 30213
22 52 42805
22 53 65291
22 54 1811
22 55 41285
22 56 8680
22 57 34011
22 58 50101
22 59 26476
22 60 44259
22 61 50387
22 62 13702
22 63 28680
22 64 35354
22 65 24074
22 66 21803
22 67 20160
22 68 27378
22 69 61845
22 70 42030
22 71 15761
22 72 67863
22 73 7766
22 74 28795
22 75 54252
22 76 37755
22 77 24538
22 78 12287
22 79 28756
22 80 53242
22 81 30052
22 82 20930
22 83 60643
22 84 10684
22 85 54602
22 86 18560
22 87 14878
22 88 25686
22 89 20257
22 90 51465
22 91 44688
22 92 42665
22 93 45541
22 94 23220
22 95 63969
22 96 44600
22 97 16714
22 98 33257
22 99 31446
22 100 33489
22 101 58426
22 102 19108
22 103 22415
22 104 41476
22 105 45721
22 106 55341
22 107 36204
22 108 21772
22 109 50376
22 110 32535
22 111 74780
22 112 35300
22 113 53997
22 114 24479
22 115 39900
22 116 46005
22 117 25195
22 118 38893
22 119 8703
22 120 28648
22 121 68011
22 122 53453
22 123 46461
22 124 26159
22 125 34829
22 126 54241
22 127 14279
22 128 63161
22 129 18730
22 130 41842
22 131 50673
22 132 6727
22 133 17444
22 134 41035
22 135 39409
22 136 50572
22 137 46327
22 138 29236
22 139 21119
22 140 32654
22 141 30508
22 142 41418
22 143 13276
22 144 29537
22 145 50701
22 146 57748
22 147 33179
22 148 36305
22 149 42036
22 150 24436
22 151 39028
22 152 22259
22 153 26727
22 154 68186
22 155 51903
22 156 39775
22 157 34653
22 158 46689
22 159 44224
22 160 28085
22 161 47910
22 162 25945
22 163 27888
22 164 34457
22 165 25319
22 166 26512
22 167 27122
22 168 46089
22 169 58948
22 170 17318
22 171 17930
22 172 20314
22 173 34800
22 174 43053
22 175 18571
22 176 3025
22 177 54655
22 178 29465
22 179 37571
22 180 36477
22 181 45618
22 182 34600
22 183 30212
22 184 28258
22 185 67998
22 186 51480
22 187 62590
22 188 43050
22 189 50787
22 190 40611
22 191 49064
22 192 35357
22 193 38202
22 194 56168
22 195 11467
22 196 30386
22 197 13850
22 198 34553
22 199 40196
22 200 39650
22 201 39181
22 202 34968
22 203 30972
22 204 57661
22 205 51640
22 206 50937
22 207 53718
22 208 56913
22 209 28466
22 210 39770
22 211 12136
22 212 44402
22 213 49387
22 214 22653
22 215 31192
22 216 41962
22 217 35554
22 218 17778
22 219 10295
22 220 61970
22 221 42402
22 222 40290
22 223 48079
22 224 10682
22 225 31206
22 226 47874
22 227 61852
22 228 17483
22 229 16728
22 230 30241
22 231 23093
22 232 47995
22 233 27625
22 234 56434
22 235 51966
22 236 67232
22 237 38719
22 238 18654
22 239 61940
22 240 45344
22 241 35396
22 242 34879
22 243 41269
22 244 35217
22 245 32987
22 246 29117
22 247 18204
22 248 52254
22 249 35781
23 24 35275
23 25 22985
23 26 70458
23 27 53092
23 28 72058
23 29 36213
23 30 15425
23 31 62200
23 32 66892
23 33 46577
23 34 30721
23 35 27976
23 36 30713
23 37 32786
23 38 76845
23 39 10280
23 40 62942
23 41 65668
23 42 43030
23 43 47900
23 44 67953
23 45 47968
23 46 22565
23 47 64892
23 48 40708
23 49 36264
23 50 10246
23 51 12871
23 52 63127
23 53 41058
23 54 27621
23 55 15555
23 56 29372
23 57 40157
23 58 42392
23 59 46533
23 60 59000
23 61 42548
23 62 17249
23 63 54075
23 64 28956
23 65 5599
23 66 47735
23 67 45424
23 68 51917
23 69 35984
23 70 21624
23 71 41611
23 72 70146
23 73 21877
23 74 54607
23 75 29711
23 76 63382
23 77 41798
23 78 14378
23 79 15063
23 80 55836
23 81 11293
23 82 20582
23 83 35872
23 84 34592
23 85 45663
23 86 44506
23 87 11974
23 88 32104
23 89 36331
23 90 35854
23 91 60340
23 92 18251
23 93 21475
23 94 17764
23 95 40636
23 96 49925
23 97 28581
23 98 38818
23 99 23462
23 100 16890
23 101 46355
23 102 30383
23 103 48334
23 104 63237
23 105 19774
23 106 64508
23 107 60136
23 108 35490
23 109 31824
23 110 58278
23 111 49744
23 112 61027
23 113 31592
23 114 44000
23 115 32801
23 116 57312
23 117 8816
23 118 59659
23 119 23442
23 120 54241
23 121 71658
23 122 42573
23 123 71497
23 124 33999
23 125 22372
23 126 45830
23 127 24515
23 128 37404
23 129 41017
23 130 21437
23 131 44386
23 132 20851
23 133 41984
23 134 63679
23 135 28461
23 136 57298
23 137 49286
23 138 16520
23 139 39520
23 140 26581
23 141 13193
23 142 39167
23 143 16004
23 144 48235
23 145 30433
23 146 50449
23 147 59123
23 148 18118
23 149 66041
23 150 45722
23 151 54267
23 152 42092
23 153 51338
23 154 43130
23 155 28588
23 156 56621
23 157 58639
23 158 60063
23 159 48975
23 160 25309
23 161 73627
23 162 30507
23 163 53136
23 164 20179
23 165 30431
23 166 51804
23 167 31408
23 168 29924
23 169 55057
23 170 18955
23 171 29928
23 172 20610
23 173 26896
23 174 23507
23 175 43938
23 176 27650
23 177 62076
23 178 47670
23 179 63097
23 180 58534
23 181 62837
23 182 23817
23 183 43980
23 184 44975
23 185 73889
23 186 51808
23 187 37378
23 188 65353
23 189 32101
23 190 14868
23 191 50620
23 192 47637
23 193 64017
23 194 41779
23 195 26045
23 196 9446
23 197 35689
23 198 58212
23 199 24309
23 200 54063
23 201 21028
23 202 27346
23 203 7398
23 204 32340
23 205 30248
23 206 25087
23 207 47365
23 208 53663
23 209 19590
23 210 65090
23 211 37862
23 212 27691
23 213 27797
23 214 13611
23 215 57138
23 216 26753
23 217 46129
23 218 42824
23 219 23828
23 220 39744
23 221 52052
23 222 57334
23 223 26698
23 224 29183
23 225 40092
23 226 37356
23 227 61462
23 228 28690
23 229 15546
23 230 50591
23 231 27384
23 232 26927
23 233 35242
23 234 60607
23 235 35143
23 236 70042
23 237 61689
23 238 44193
23 239 38847
23 240 71291
23 241 57930
23 242 31616
23 243 35284
23 244 47798
23 245 9239
23 246 37581
23 247 41171
23 248 63597
23 249 26550
24 25 58151
24 26 97674
24 27 82278
24 28 107057
24 29 9839
24 30 46879
24 31 87787
24 32 94772
24 33 53019
24 34 64615
24 35 55601
24 36 57872
24 37 44938
24 38 111906
24 39 27183
24 40 87524
24 41 87845
24 42 76312
24 43 73838
24 44 100977
24 45 76708
24 46 51919
24 47 98918
24 48 54706
24 49 22087
24 50 25670
24 51 37987
24 52 96748
24 53 23677
24 54 62664
24 55 19777
24 56 64484
24 57 68736
24 58 50487
24 59 80675
24 60 90019
24 61 50398
24 62 50083
24 63 89350
24 64 46255
24 65 37302
24 66 82853
24 67 80698
24 68 87108
24 69 1615
24 70 32502
24 71 76801
24 72 90514
24 73 57036
24 74 89359
24 75 19892
24 76 97842
24 77 72115
24 78 48987
24 79 37609
24 80 71429
24 81 36734
24 82 52169
24 83 19095
24 84 69832
24 85 50584
24 86 79553
24 87 46397
24 88 58482
24 89 66996
24 90 44122
24 91 91769
24 92 19652
24 93 23698
24 94 44765
24 95 27355
24 96 76025
24 97 62132
24 98 62093
24 99 43270
24 100 38500
24 101 55342
24 102 63401
24 103 83472
24 104 94481
24 105 15984
24 106 91407
24 107 95143
24 108 68482
24 109 37337
24 110 93522
24 111 24440
24 112 95627
24 113 27961
24 114 75281
24 115 46834
24 116 86436
24 117 37283
24 118 90365
24 119 57057
24 120 88756
24 121 93128
24 122 54697
24 123 106721
24 124 60598
24 125 43858
24 126 51428
24 127 58497
24 128 11231
24 129 75931
24 130 32517
24 131 53449
24 132 56115
24 133 77223
24 134 98234
24 135 47486
24 136 83258
24 137 73706
24 138 38342
24 139 73567
24 140 45874
24 141 37971
24 142 61913
24 143 49431
24 144 81823
24 145 33360
24 146 64457
24 147 94125
24 148 36380
24 149 98963
24 150 80258
24 151 85918
24 152 76383
24 153 85136
24 154 20119
24 155 16435
24 156 88910
24 157 91764
24 158 90203
24 159 74829
24 160 48485
24 161 108131
24 162 56314
24 163 88406
24 164 36055
24 165 56644
24 166 86091
24 167 56618
24 168 33217
24 169 63373
24 170 52152
24 171 63263
24 172 49264
24 173 44060
24 174 34079
24 175 78427
24 176 62476
24 177 87935
24 178 77735
24 179 98371
24 180 90249
24 181 94961
24 182 46003
24 183 75912
24 184 74482
24 185 97143
24 186 73463
24 187 16594
24 188 99752
24 189 37148
24 190 20454
24 191 73607
24 192 73690
24 193 99237
24 194 49058
24 195 60659
24 196 32014
24 197 70684
24 198 91107
24 199 33478
24 200 85303
24 201 30350
24 202 44479
24 203 32391
24 204 15109
24 205 21941
24 206 10213
24 207 55129
24 208 63198
24 209 46439
24 210 100358
24 211 72693
24 212 39531
24 213 29836
24 214 44910
24 215 92195
24 216 34541
24 217 76193
24 218 78095
24 219 58621
24 220 30852
24 221 75155
24 222 89676
24 223 22511
24 224 62317
24 225 65468
24 226 44220
24 227 72377
24 228 59080
24 229 49390
24 230 84659
24 231 54496
24 232 23230
24 233 61255
24 234 84042
24 235 41735
24 236 90928
24 237 93932
24 238 79458
24 239 27543
24 240 106296
24 241 90020
24 242 50428
24 243 49150
24 244 78714
24 245 30919
24 246 67985
24 247 76205
24 248 92126
24 249 42505
25 26 60328
25 27 42523
25 28 49085
25 29 59041
25 30 15393
25 31 54855
25 32 56315
25 33 53143
25 34 10814
25 35 27536
25 36 29492
25 37 40127
25 38 53861
25 39 32571
25 40 56611
25 41 61467
25 42 26928
25 43 36862
25 44 46657
25 45 33436
25 46 23087
25 47 42651
25 48 43503
25 49 57489
25 50 33122
25 51 27323
25 52 44479
25 53 62303
25 54 4790
25 55 38374
25 56 9434
25 57 33271
25 58 49024
25 59 27905
25 60 44985
25 61 49299
25 62 11865
25 63 31414
25 64 34112
25 65 21308
25 66 24750
25 67 22827
25 68 29864
25 69 58919
25 70 39140
25 71 18651
25 72 67123
25 73 5844
25 74 31803
25 75 51251
25 76 40763
25 77 26231
25 78 9618
25 79 26560
25 80 53406
25 81 27116
25 82 18766
25 83 57639
25 84 12757
25 85 53448
25 86 21538
25 87 12164
25 88 25680
25 89 21594
25 90 48901
25 91 45566
25 92 39896
25 93 42544
25 94 21478
25 95 61013
25 96 43977
25 97 16009
25 98 33421
25 99 29899
25 100 30679
25 101 56177
25 102 18490
25 103 25351
25 104 44054
25 105 42756
25 106 55364
25 107 38580
25 108 21774
25 109 47623
25 110 35390
25 111 71774
25 112 38309
25 113 51066
25 114 26555
25 115 38703
25 116 46226
25 117 22622
25 118 41322
25 119 8358
25 120 31653
25 121 67434
25 122 51260
25 123 49124
25 124 26388
25 125 32266
25 126 53140
25 127 12962
25 128 60160
25 129 20525
25 130 38951
25 131 49761
25 132 4233
25 133 19859
25 134 43153
25 135 37034
25 136 50216
25 137 45438
25 138 27144
25 139 22051
25 140 31357
25 141 27624
25 142 39856
25 143 11146
25 144 30744
25 145 47859
25 146 55909
25 147 36158
25 148 33463
25 149 44898
25 150 26100
25 151 39766
25 152 23545
25 153 29628
25 154 65178
25 155 49277
25 156 40796
25 157 37497
25 158 47229
25 159 43522
25 160 26967
25 161 50919
25 162 25681
25 163 30575
25 164 32409
25 165 25101
25 166 29492
25 167 26878
25 168 44089
25 169 58408
25 170 15034
25 171 17357
25 172 19027
25 173 33380
25 174 40207
25 175 21548
25 176 5495
25 177 54437
25 178 31415
25 179 40357
25 180 39071
25 181 46765
25 182 32144
25 183 30528
25 184 29949
25 185 67697
25 186 50357
25 187 59581
25 188 45109
25 189 48029
25 190 37697
25 191 48049
25 192 36520
25 193 41088
25 194 53723
25 195 10715
25 196 27730
25 197 15367
25 198 37355
25 199 38133
25 200 40261
25 201 36902
25 202 33582
25 203 27963
25 204 54652
25 205 49199
25 206 48011
25 207 52839
25 208 56424
25 209 25971
25 210 42499
25 211 15141
25 212 41712
25 213 46479
25 214 19894
25 215 34158
25 216 39992
25 217 35487
25 218 20359
25 219 9020
25 220 59062
25 221 43321
25 222 41351
25 223 45616
25 224 11883
25 225 31776
25 226 46464
25 227 61749
25 228 17727
25 229 14067
25 230 31793
25 231 22619
25 232 45561
25 233 27884
25 234 55821
25 235 49326
25 236 66549
25 237 41445
25 238 21413
25 239 58993
25 240 48317
25 241 38051
25 242 33976
25 243 40225
25 244 35455
25 245 29980
25 246 28551
25 247 20171
25 248 52552
25 249 34252
26 27 17931
26 28 67649
26 29 92408
26 30 73892
26 31 10676
26 32 4079
26 33 112823
26 34 67311
26 35 43107
26 36 40511
26 37 99199
26 38 68878
26 39 72863
26 40 12434
26 41 17589
26 42 34481
26 43 93949
26 44 82560
26 45 88091
26 46 48062
26 47 74737
26 48 103703
26 49 82625
26 50 75338
26 51 61160
26 52 30855
26 53 85746
26 54 60457
26 55 82321
26 56 51424
26 57 30311
26 58 108598
26 59 37071
26 60 17831
26 61 108846
26 62 71163
26 63 52612
26 64 93561
26 65 73488
26 66 58214
26 67 52121
26 68 47865
26 69 97476
26 70 65326
26 71 56511
26 72 21867
26 73 55634
26 74 64549
26 75 80084
26 76 70477
26 77 81545
26 78 66587
26 79 82706
26 80 113254
26 81 62780
26 82 49963
26 83 84926
26 84 51708
26 85 112773
26 86 59126
26 87 67935
26 88 85783
26 89 78856
26 90 58152
26 91 18921
26 92 87274
26 93 74056
26 94 80141
26 95 81698
26 96 21649
26 97 44978
26 98 93315
26 99 88668
26 100 59564
26 101 52271
26 102 42528
26 103 57900
26 104 88108
26 105 83054
26 106 6271
26 107 44678
26 108 38571
26 109 63718
26 110 56496
26 111 96124
26 112 68210
26 113 73633
26 114 79530
26 115 98159
26 116 14104
26 117 76600
26 118 88177
26 119 68587
26 120 66796
26 121 18714
26 122 49118
26 123 53364
26 124 86211
26 125 53860
26 126 112609
26 127 48996
26 128 92516
26 129 44877
26 130 65288
26 131 109658
26 132 57796
26 133 50015
26 134 39164
26 135 50441
26 136 14543
26 137 24339
26 138 83824
26 139 39598
26 140 90751
26 141 61055
26 142 36060
26 143 69848
26 144 33297
26 145 67354
26 146 42098
26 147 62563
26 148 61380
26 149 82132
26 150 40109
26 151 22429
26 152 39697
26 153 71164
26 154 91422
26 155 97740
26 156 23928
26 157 77637
26 158 14360
26 159 22849
26 160 86812
26 161 74795
26 162 85962
26 163 51563
26 164 88809
26 165 85359
26 166 67988
26 167 87152
26 168 99868
26 169 118693
26 170 52321
26 171 43494
26 172 78829
26 173 92388
26 174 64007
26 175 64788
26 176 62305
26 177 10240
26 178 84539
26 179 55158
26 180 83952
26 181 21673
26 182 51712
26 183 29886
26 184 84878
26 185 13604
26 186 26850
26 187 88334
26 188 37815
26 189 64099
26 190 81737
26 191 25401
26 192 93598
26 193 59136
26 194 56635
26 195 49925
26 196 79638
26 197 47548
26 198 78632
26 199 93930
26 200 21216
26 201 91186
26 202 92684
26 203 68368
26 204 85572
26 205 100400
26 206 88878
26 207 112769
26 208 116734
26 209 52417
26 210 53767
26 211 61447
26 212 59269
26 213 69758
26 214 56896
26 215 61061
26 216 96246
26 217 25123
26 218 51602
26 219 52108
26 220 77173
26 221 101166
26 222 23939
26 223 96954
26 224 70272
26 225 90913
26 226 105113
26 227 121949
26 228 77566
26 229 55909
26 230 35361
26 231 82946
26 232 97250
26 233 87657
26 234 16814
26 235 60645
26 236 20416
26 237 83265
26 238 53818
26 239 79737
26 240 67184
26 241 82159
26 242 94021
26 243 99980
26 244 24890
26 245 68980
26 246 33279
26 247 46230
26 248 7916
26 249 92890
27 28 57886
27 29 77993
27 30 55962
27 31 13572
27 32 14050
27 33 94892
27 34 50017
27 35 26730
27 36 24407
27 37 81277
27 38 60244
27 39 56415
27 40 16155
27 41 22753
27 42 17813
27 43 77008
27 44 69667
27 45 71559
27 46 31116
27 47 62204
27 48 85807
27 49 69461
27 50 58750
27 51 44770
27 52 24070
27 53 73131
27 54 42932
27 55 65765
27 56 33825
27 57 13554
27 58 90666
27 59 22044
27 60 9775
27 61 90915
27 62 53240
27 63 39804
27 64 75630
27 65 55831
27 66 43562
27 67 37175
27 68 34729
27 69 82248
27 70 50657
27 71 40737
27 72 28931
27 73 37724
27 74 50906
27 75 65995
27 76 58139
27 77 64772
27 78 48658
27 79 64895
27 80 95690
27 81 46283
27 82 32510
27 83 71421
27 84 34746
27 85 94849
27 86 43809
27 87 50032
27 88 68096
27 89 61705
27 90 46665
27 91 12163
27 92 70399
27 93 59081
27 94 62214
27 95 69493
27 96 10212
27 97 27049
27 98 75708
27 99 70747
27 100 43781
27 101 44066
27 102 24596
27 103 43389
27 104 73688
27 105 67057
27 106 12895
27 107 34544
27 108 20752
27 109 51125
27 110 44492
27 111 83782
27 112 55608
27 113 60446
27 114 63109
27 115 80228
27 116 4239
27 117 58871
27 118 73178
27 119 50829
27 120 52885
27 121 27782
27 122 39723
27 123 45959
27 124 68609
27 125 38644
27 126 94680
27 127 31068
27 128 78305
27 129 28800
27 130 50586
27 131 91730
27 132 39888
27 133 34323
27 134 31242
27 135 36498
27 136 10292
27 137 14635
27 138 65988
27 139 22693
27 140 72820
27 141 44713
27 142 23419
27 143 51918
27 144 18545
27 145 54325
27 146 35822
27 147 50140
27 148 45974
27 149 68915
27 150 25041
27 151 9646
27 152 23487
27 153 56356
27 154 78453
27 155 80922
27 156 13449
27 157 63536
27 158 8287
27 159 11249
27 160 68890
27 161 64288
27 162 68197
27 163 38569
27 164 71018
27 165 67607
27 166 53508
27 167 69392
27 168 82188
27 169 100818
27 170 34609
27 171 25567
27 172 60912
27 173 74464
27 174 49687
27 175 49149
27 176 44795
27 177 12925
27 178 68221
27 179 44698
27 180 69198
27 181 16594
27 182 36544
27 183 12476
27 184 68238
27 185 26225
27 186 20579
27 187 74685
27 188 30904
27 189 51555
27 190 65150
27 191 17689
27 192 76655
27 193 48414
27 194 46824
27 195 32033
27 196 62114
27 197 30565
27 198 64354
27 199 76216
27 200 7852
27 201 73590
27 202 74757
27 203 51657
27 204 71351
27 205 83249
27 206 72995
27 207 94842
27 208 98875
27 209 36043
27 210 44126
27 211 45013
27 212 45771
27 213 56099
27 214 39684
27 215 48311
27 216 78504
27 217 7199
27 218 36098
27 219 34192
27 220 65289
27 221 84110
27 222 14044
27 223 79745
27 224 52817
27 225 73501
27 226 87215
27 227 104241
27 228 59933
27 229 38201
27 230 21849
27 231 65134
27 232 80001
27 233 70073
27 234 17625
27 235 48921
27 236 27863
27 237 69112
27 238 38580
27 239 67396
27 240 57286
27 241 67483
27 242 76109
27 243 82051
27 244 7469
27 245 52487
27 246 15559
27 247 30256
27 248 10537
27 249 74979
28 29 108090
28 30 61083
28 31 70179
28 32 64334
28 33 87035
28 34 43073
28 35 65895
28 36 66022
28 37 78486
28 38 5001
28 39 81566
28 40 73133
28 41 80105
28 42 44169
28 43 52519
28 44 20554
28 45 44847
28 46 64793
28 47 14135
28 48 75981
28 49 105623
28 50 82205
28 51 74654
28 52 36799
28 53 110362
28 54 44446
28 55 87312
28 56 44781
28 57 60792
28 58 84065
28 59 37924
28 60 51074
28 61 84398
28 62 57522
28 63 20417
28 64 72675
28 65 69804
28 66 24379
28 67 28107
28 68 24977
28 69 107891
28 70 86090
28 71 30613
28 72 86143
28 73 51423
28 74 17969
28 75 99689
28 76 11674
28 77 43270
28 78 58070
28 79 72140
28 80 74923
28 81 74917
28 82 61636
28 83 106111
28 84 38972
28 85 88665
28 86 27552
28 87 60662
28 88 57479
28 89 45839
28 90 91759
28 91 49294
28 92 88196
28 93 90949
28 94 65170
28 95 108486
28 96 66722
28 97 51571
28 98 60752
28 99 71222
28 100 77091
28 101 94968
28 102 52067
28 103 23821
28 104 31180
28 105 91831
28 106 66898
28 107 23456
28 108 49169
28 109 92691
28 110 15197
28 111 120280
28 112 12646
28 113 98296
28 114 39117
28 115 76199
28 116 58295
28 117 70290
28 118 34298
28 119 50501
28 120 19195
28 121 84237
28 122 89828
28 123 15650
28 124 56112
28 125 76284
28 126 87891
28 127 53209
28 128 109177
28 129 36302
28 130 85918
28 131 83174
28 132 51756
28 133 32280
28 134 28496
28 135 78856
28 136 68046
28 137 70723
28 138 72101
28 139 42435
28 140 70768
28 141 74888
28 142 73418
28 143 57893
28 144 40381
28 145 93991
28 146 90000
28 147 12938
28 148 80081
28 149 21537
28 150 35783
28 151 48453
28 152 39558
28 153 24773
28 154 113751
28 155 96637
28 156 45237
28 157 23098
28 158 54772
28 159 67273
28 160 66005
28 161 7579
28 162 59320
28 163 21726
28 164 76686
28 165 58637
28 166 22340
28 167 59936
28 168 87228
28 169 86852
28 170 59387
28 171 51357
28 172 60840
28 173 73346
28 174 86625
28 175 29069
28 176 44581
28 177 69376
28 178 40929
28 179 13217
28 180 30171
28 181 45995
28 182 75218
28 183 49427
28 184 43878
28 185 80708
28 186 77147
28 187 108296
28 188 30009
28 189 93143
28 190 86646
28 191 74106
28 192 52292
28 193 9820
28 194 94936
28 195 49910
28 196 75638
28 197 40009
28 198 24539
28 199 82106
28 200 50234
28 201 82371
28 202 73269
28 203 76772
28 204 103463
28 205 95316
28 206 96991
28 207 85514
28 208 84610
28 209 70042
28 210 13960
28 211 34379
28 212 86343
28 213 93481
28 214 66541
28 215 14937
28 216 83191
28 217 55490
28 218 30772
28 219 51141
28 220 105831
28 221 58891
28 222 44907
28 223 91978
28 224 46020
28 225 56091
28 226 84728
28 227 84776
28 228 51916
28 229 60644
28 230 36502
28 231 58774
28 232 91735
28 233 56689
28 234 75387
28 235 93016
28 236 84908
28 237 26564
28 238 28676
28 239 106361
28 240 774
28 241 28653
28 242 70008
28 243 76241
28 244 52285
28 245 78728
28 246 56478
28 247 35219
28 248 61297
28 249 74865
29 30 49846
29 31 82195
29 32 89775
29 33 61526
29 34 66780
29 35 51793
29 36 53782
29 37 52241
29 38 112811
29 39 26541
29 40 81651
29 41 81338
29 42 74071
29 43 79199
29 44 103838
29 45 81270
29 46 48926
29 47 101068
29 48 62118
29 49 12699
29 50 25971
29 51 35451
29 52 94414
29 53 13844
29 54 63753
29 55 22156
29 56 64176
29 57 64620
29 58 58685
29 59 78970
29 60 86327
29 61 58628
29 62 52629
29 63 89456
29 64 52678
29 65 39527
29 66 83715
29 67 80852
29 68 86718
29 69 8437
29 70 27338
29 71 77509
29 72 83532
29 73 56970
29 74 90788
29 75 12416
29 76 99594
29 77 76062
29 78 50552
29 79 42165
29 80 78984
29 81 34565
29 82 49976
29 83 9646
29 84 69799
29 85 59217
29 86 80568
29 87 48067
29 88 63388
29 89 70742
29 90 36535
29 91 88237
29 92 24571
29 93 19117
29 94 48910
29 95 17655
29 96 70871
29 97 60433
29 98 67880
29 99 48981
29 100 34901
29 101 47192
29 102 61351
29 103 84286
29 104 98240
29 105 16786
29 106 86146
29 107 94266
29 108 66261
29 109 29896
29 110 93945
29 111 15960
29 112 97231
29 113 19929
29 114 78881
29 115 53907
29 116 82037
29 117 40355
29 118 94330
29 119 59335
29 120 90453
29 121 86354
29 122 47146
29 123 106320
29 124 65503
29 125 39388
29 126 59999
29 127 57200
29 128 1621
29 129 75113
29 130 27407
29 131 61604
29 132 56402
29 133 77102
29 134 96708
29 135 41985
29 136 77876
29 137 68137
29 138 43153
29 139 71915
29 140 51869
29 141 35344
29 142 56355
29 143 51694
29 144 79679
29 145 25920
29 146 56840
29 147 95181
29 148 32313
29 149 101880
29 150 78926
29 151 82595
29 152 74879
29 153 87441
29 154 10629
29 155 24834
29 156 85859
29 157 94536
29 158 86129
29 159 69637
29 160 53782
29 161 109834
29 162 61303
29 163 88413
29 164 41900
29 165 61538
29 166 88006
29 167 61770
29 168 41174
29 169 71877
29 170 50678
29 171 61397
29 172 53204
29 173 50372
29 174 28446
29 175 80150
29 176 63853
29 177 82421
29 178 81843
29 179 98494
29 180 93768
29 181 91728
29 182 41463
29 183 72939
29 184 78754
29 185 90741
29 186 67183
29 187 6801
29 188 98047
29 189 29630
29 190 22707
29 191 67657
29 192 79016
29 193 99743
29 194 40933
29 195 59795
29 196 35500
29 197 70069
29 198 94014
29 199 40383
29 200 81798
29 201 36762
29 202 50825
29 203 31488
29 204 6912
29 205 30594
29 206 13441
29 207 63516
29 208 71533
29 209 43144
29 210 100264
29 211 74048
29 212 33245
29 213 22878
29 214 43188
29 215 93153
29 216 41832
29 217 72395
29 218 78182
29 219 57993
29 220 21438
29 221 81258
29 222 86642
29 223 30430
29 224 64914
29 225 70819
29 226 52344
29 227 80683
29 228 62782
29 229 48413
29 230 82831
29 231 59075
29 232 31182
29 233 66336
29 234 77933
29 235 34029
29 236 84057
29 237 97208
29 238 79822
29 239 18049
29 240 107320
29 241 93356
29 242 56766
29 243 56365
29 244 75206
29 245 29642
29 246 64571
29 247 75575
29 248 87402
29 249 48947
30 31 67288
30 32 69986
30 33 38939
30 34 18037
30 35 35528
30 36 38080
30 37 25364
30 38 66039
30 39 25455
30 40 68655
30 41 72662
30 42 41767
30 43 32627
30 44 54172
30 45 32568
30 46 29985
30 47 52096
30 48 30380
30 49 51412
30 50 24738
30 51 26327
30 52 59866
30 53 56159
30 54 18397
30 55 27776
30 56 24659
30 57 44894
30 58 34706
30 59 43240
30 60 59575
30 61 34954
30 62 3737
30 63 45479
30 64 19677
30 65 10561
30 66 37660
30 67 37212
30 68 44636
30 69 47916
30 70 36713
30 71 32220
30 72 77864
30 73 18526
30 74 43140
30 75 44808
30 76 51236
30 77 26577
30 78 7319
30 79 11466
30 80 43219
30 81 25186
30 82 26227
30 83 50779
30 84 28013
30 85 38908
30 86 34201
30 87 6579
30 88 17191
30 89 21138
30 90 50020
30 91 60359
30 92 27430
30 93 36814
30 94 6298
30 95 55968
30 96 55576
30 97 28942
30 98 24527
30 99 14876
30 100 30482
30 101 59614
30 102 31370
30 103 38344
30 104 48462
30 105 33065
30 106 68508
30 107 53533
30 108 35655
30 109 46709
30 110 48799
30 111 64328
30 112 49157
30 113 47016
30 114 29101
30 115 24268
30 116 59922
30 117 9612
30 118 44680
30 119 10598
30 120 42265
30 121 78727
30 122 55304
30 123 63340
30 124 18925
30 125 34696
30 126 38721
30 127 24900
30 128 51200
30 129 35908
30 130 36521
30 131 35858
30 132 16445
30 133 34788
30 134 58410
30 135 40604
30 136 62454
30 137 56122
30 138 11860
30 139 37112
30 140 16866
30 141 26681
30 142 48065
30 143 4285
30 144 45946
30 145 45649
30 146 62005
30 147 48310
30 148 32417
30 149 52179
30 150 41491
30 151 54417
30 152 38832
30 153 38295
30 154 57764
30 155 35565
30 156 55782
30 157 44920
30 158 61509
30 159 54886
30 160 13288
30 161 61505
30 162 15925
30 163 44819
30 164 17077
30 165 15695
30 166 39447
30 167 16985
30 168 28727
30 169 45461
30 170 22783
30 171 30435
30 172 5996
30 173 18540
30 174 38444
30 175 32048
30 176 17454
30 177 66982
30 178 32444
30 179 54103
30 180 43931
30 181 61852
30 182 35525
30 183 44669
30 184 29634
30 185 79841
30 186 60023
30 187 51950
30 188 60409
30 189 47022
30 190 27185
30 191 58200
30 192 32352
30 193 54198
30 194 55705
30 195 24264
30 196 14875
30 197 30754
30 198 44310
30 199 22815
30 200 54724
30 201 21940
30 202 18814
30 203 22704
30 204 46887
30 205 34651
30 206 37282
30 207 38977
30 208 43683
30 209 29842
30 210 56493
30 211 27010
30 212 41954
30 213 43167
30 214 22465
30 215 46565
30 216 24614
30 217 48770
30 218 34985
30 219 21945
30 220 55168
30 221 37238
30 222 56376
30 223 31171
30 224 15462
30 225 25094
30 226 31489
30 227 50261
30 228 13330
30 229 19603
30 230 47162
30 231 12566
30 232 31013
30 233 20271
30 234 67180
30 235 49648
30 236 77499
30 237 47373
30 238 35520
30 239 54219
30 240 60344
30 241 43512
30 242 20571
30 243 26156
30 244 49356
30 245 24631
30 246 40887
30 247 35502
30 248 66333
30 249 19194
31 32 9667
31 33 106119
31 34 63031
31 35 34324
31 36 31621
31 37 92297
31 38 72107
31 39 63684
31 40 3011
31 41 10019
31 42 31345
31 43 90176
31 44 82968
31 45 84922
31 46 39635
31 47 75401
31 48 97539
31 49 72159
31 50 66245
31 51 52051
31 52 34377
31 53 75192
31 54 55758
31 55 73159
31 56 46638
31 57 22474
31 58 101858
31 59 35539
31 60 19246
31 61 102088
31 62 64893
31 63 52960
31 64 86907
31 65 65702
31 66 57093
31 67 50721
31 68 47931
31 69 87521
31 70 55318
31 71 54299
31 72 15965
31 73 49656
31 74 64308
31 75 69823
31 76 71271
31 77 78053
31 78 59985
31 79 75262
31 80 108253
31 81 53730
31 82 42111
31 83 74516
31 84 48062
31 85 105860
31 86 57381
31 87 61034
31 88 80535
31 89 74781
31 90 47548
31 91 21299
31 92 78350
31 93 64101
31 94 73407
31 95 71105
31 96 12298
31 97 38934
31 98 88259
31 99 81796
31 100 50098
31 101 41640
31 102 36432
31 103 56904
31 104 87232
31 105 73522
31 106 5158
31 107 46727
31 108 33375
31 109 53223
31 110 57455
31 111 85526
31 112 68798
31 113 63199
31 114 76524
31 115 91453
31 116 11938
31 117 68958
31 118 86749
31 119 63213
31 120 66338
31 121 14325
31 122 38442
31 123 57142
31 124 81193
31 125 44187
31 126 105776
31 127 42608
31 128 82247
31 129 42359
31 130 55293
31 131 103135
31 132 51813
31 133 47894
31 134 42381
31 135 40349
31 136 4910
31 137 14090
31 138 76468
31 139 36125
31 140 84106
31 141 51913
31 142 25901
31 143 63449
31 144 31951
31 145 56915
31 146 31581
31 147 63258
31 148 51705
31 149 82281
31 150 38561
31 151 21940
31 152 37048
31 153 69916
31 154 80906
31 155 88717
31 156 24943
31 157 77036
31 158 15672
31 159 13330
31 160 80472
31 161 76888
31 162 80468
31 163 51765
31 164 81269
31 165 79913
31 166 67038
31 167 81670
31 168 91980
31 169 112620
31 170 44915
31 171 37528
31 172 72588
31 173 85549
31 174 53896
31 175 62713
31 176 57625
31 177 834
31 178 81656
31 179 57142
31 180 82761
31 181 25362
31 182 42049
31 183 25831
31 184 81567
31 185 12898
31 186 16177
31 187 77945
31 188 41542
31 189 53595
31 190 72602
31 191 14791
31 192 89823
31 193 60986
31 194 45959
31 195 44164
31 196 71553
31 197 43900
31 198 77876
31 199 86151
31 200 20236
31 201 83164
31 202 85878
31 203 59432
31 204 75326
31 205 91695
31 206 79256
31 207 106254
31 208 110752
31 209 43421
31 210 56248
31 211 58467
31 212 48972
31 213 59437
31 214 48595
31 215 61504
31 216 88526
31 217 19674
31 218 49670
31 219 46126
31 220 66558
31 221 97193
31 222 25287
31 223 88331
31 224 65663
31 225 86308
31 226 97968
31 227 116536
31 228 72504
31 229 48432
31 230 34990
31 231 77292
31 232 88674
31 233 82677
31 234 6736
31 235 50055
31 236 14738
31 237 82625
31 238 52147
31 239 69162
31 240 69626
31 241 81042
31 242 87754
31 243 93433
31 244 20950
31 245 59866
31 246 26490
31 247 43819
31 248 10227
31 249 85901
32 33 108904
32 34 63236
32 35 39806
32 36 37268
32 37 95315
32 38 65743
32 39 69615
32 40 12178
32 41 18428
32 42 30402
32 43 89872
32 44 78843
32 45 84026
32 46 44614
32 47 71053
32 48 99723
32 49 80303
32 50 72049
32 51 57911
32 52 27630
32 53 83571
32 54 56398
32 55 79050
32 56 47377
32 57 26831
32 58 104685
32 59 33045
32 60 13954
32 61 104935
32 62 67218
32 63 48834
32 64 89645
32 65 69797
32 66 54264
32 67 48136
32 68 44034
32 69 94622
32 70 62565
32 71 52474
32 72 23482
32 73 51676
32 74 60712
32 75 77515
32 76 66808
32 77 77470
32 78 62689
32 79 78929
32 80 109191
32 81 59501
32 82 46346
32 83 82521
32 84 47629
32 85 108884
32 86 55123
32 87 64080
32 88 81739
32 89 74777
32 90 56145
32 91 15238
32 92 83900
32 93 71235
32 94 76247
32 95 79616
32 96 18912
32 97 41052
32 98 89258
32 99 84787
32 100 56485
32 101 50978
32 102 38617
32 103 53963
32 104 84218
32 105 79957
32 106 4510
32 107 41183
32 108 34576
32 109 61475
32 110 52828
32 111 94043
32 112 64503
32 113 71280
32 114 75468
32 115 94247
32 116 10098
32 117 72872
32 118 84227
32 119 64560
32 120 62934
32 121 20731
32 122 47521
32 123 50342
32 124 82155
32 125 50914
32 126 108708
32 127 45103
32 128 89938
32 129 40814
32 130 62518
32 131 105716
32 132 53835
32 133 45976
32 134 35920
32 135 47796
32 136 12375
32 137 22093
32 138 80030
32 139 35520
32 140 86836
32 141 57820
32 142 33564
32 143 65919
32 144 29272
32 145 65018
32 146 41112
32 147 58864
32 148 58410
32 149 78374
32 150 36089
32 151 18408
32 152 35626
32 153 67218
32 154 89170
32 155 94392
32 156 20089
32 157 73770
32 158 10388
32 159 20155
32 160 82861
32 161 71392
32 162 81933
32 163 47761
32 164 85046
32 165 81327
32 166 64069
32 167 83122
32 168 96170
32 169 114699
32 170 48594
32 171 39564
32 172 74873
32 173 88499
32 174 61332
32 175 60767
32 176 58244
32 177 8989
32 178 80484
32 179 51687
32 180 80023
32 181 18371
32 182 48769
32 183 25842
32 184 80808
32 185 16412
32 186 25449
32 187 85899
32 188 34704
32 189 61869
32 190 78455
32 191 23621
32 192 89520
32 193 55647
32 194 55010
32 195 45954
32 196 76011
32 197 43470
32 198 74747
32 199 90213
32 200 17159
32 201 87530
32 202 88789
32 203 65031
32 204 82979
32 205 96933
32 206 85822
32 207 108825
32 208 112733
32 209 49151
32 210 50404
32 211 57380
32 212 56782
32 213 67273
32 214 53376
32 215 57317
32 216 92513
32 217 21247
32 218 47576
32 219 48158
32 220 75157
32 221 97087
32 222 20152
32 223 93463
32 224 66205
32 225 86841
32 226 101264
32 227 117905
32 228 73515
32 229 52186
32 230 31429
32 231 78931
32 232 93744
32 233 83599
32 234 16359
32 235 58596
32 236 22067
32 237 79399
32 238 49814
32 239 77615
32 240 63846
32 241 78236
32 242 90057
32 243 96047
32 244 20864
32 245 65713
32 246 29530
32 247 42173
32 248 3837
32 249 89024
33 34 49711
33 35 73261
33 36 75950
33 37 13954
33 38 91875
33 39 51323
33 40 107373
33 41 111017
33 42 80071
33 43 36217
33 44 71958
33 45 43152
33 46 67620
33 47 74144
33 48 11082
33 49 70225
33 50 48841
33 51 59338
33 52 96516
33 53 73783
33 54 54421
33 55 45329
33 56 62540
33 57 83662
33 58 4270
33 59 80576
33 60 98109
33 61 4066
33 62 41727
33 63 77648
33 64 19263
33 65 41696
33 66 68666
33 67 70903
33 68 78568
33 69 54627
33 70 65317
33 71 65189
33 72 115933
33 73 57278
33 74 70465
33 75 64548
33 76 75447
33 77 43774
33 78 46255
33 79 31705
33 80 21079
33 81 57665
33 82 64382
33 83 68039
33 84 64454
33 85 2787
33 86 65452
33 87 45086
33 88 30676
33 89 41924
33 90 80675
33 91 98707
33 92 39743
33 93 60357
33 94 32732
33 95 75935
33 96 94239
33 97 67852
33 98 26285
33 99 24341
33 100 63156
33 101 91986
33 102 70295
33 103 69374
33 104 61591
33 105 49929
33 106 107442
33 107 87483
33 108 74451
33 109 75256
33 110 79206
33 111 77264
33 112 74460
33 113 70703
33 114 47921
33 115 14677
33 116 98826
33 117 38224
33 118 57068
33 119 45482
33 120 68520
33 121 117079
33 122 88678
33 123 94498
33 124 31523
33 125 68911
33 126 1727
33 127 63838
33 128 63139
33 129 72584
33 130 65169
33 131 3864
33 132 55136
33 133 69875
33 134 93451
33 135 74976
33 136 101255
33 137 94434
33 138 30321
33 139 75161
33 140 22074
33 141 59640
33 142 85287
33 143 42986
33 144 83689
33 145 72558
33 146 96946
33 147 76251
33 148 63754
33 149 69965
33 150 78355
33 151 92898
33 152 76410
33 153 62392
33 154 72095
33 155 36745
33 156 93890
33 157 64899
33 158 100237
33 159 93480
33 160 26181
33 161 84323
33 162 29412
33 163 77448
33 164 26474
33 165 30129
33 166 65289
33 167 28446
33 168 20653
33 169 10361
33 170 61279
33 171 69340
33 172 34162
33 173 20584
33 174 67501
33 175 60781
33 176 52813
33 177 105838
33 178 46599
33 179 84733
33 180 59498
33 181 99770
33 182 70394
33 183 83420
33 184 43371
33 185 118545
33 186 97743
33 187 67116
33 188 95658
33 189 75389
33 190 45328
33 191 96223
33 192 36324
33 193 83372
33 194 86740
33 195 63027
33 196 37646
33 197 67977
33 198 63620
33 199 23740
33 200 93341
33 201 27869
33 202 20244
33 203 52521
33 204 63117
33 205 31087
33 206 49249
33 207 2469
33 208 10317
33 209 65870
33 210 87533
33 211 58950
33 212 72771
33 213 68938
33 214 59017
33 215 75257
33 216 21468
33 217 87703
33 218 69392
33 219 60771
33 220 77493
33 221 32566
33 222 94421
33 223 31162
33 224 46125
33 225 30983
33 226 9780
33 227 19447
33 228 38324
33 229 57844
33 230 84227
33 231 31483
33 232 30407
33 233 30666
33 234 105656
33 235 79362
33 236 115686
33 237 63829
33 238 68886
33 239 75065
33 240 86444
33 241 60350
33 242 19298
33 243 12919
33 244 88197
33 245 53455
33 246 79799
33 247 71813
33 248 105229
33 249 20386
34 35 38137
34 36 39946
34 37 38217
34 38 48042
34 39 40904
34 40 65058
34 41 70403
34 42 32876
34 43 27237
34 44 37259
34 45 22951
34 46 33867
34 47 34356
34 48 39112
34 49 66595
34 50 40921
34 51 37398
34 52 47002
34 53 71420
34 54 7570
34 55 45118
34 56 16467
34 57 42493
34 58 45915
34 59 31810
34 60 50727
34 61 46224
34 62 14576
34 63 28721
34 64 32043
34 65 27410
34 66 20222
34 67 21290
34 68 28983
34 69 65573
34 70 49130
34 71 15668
34 72 76254
34 73 16456
34 74 25115
34 75 60165
34 76 33259
34 77 15739
34 78 16374
34 79 29103
34 80 46098
34 81 36962
34 82 29555
34 83 66448
34 84 15771
34 85 50562
34 86 16761
34 87 18754
34 88 19508
34 89 11768
34 90 59588
34 91 50846
34 92 45366
34 93 51611
34 94 22299
34 95 70499
34 96 52943
34 97 25312
34 98 26407
34 99 29281
34 100 40998
34 101 66991
34 102 27624
34 103 20931
34 104 33560
34 105 50079
34 106 62890
34 107 37970
34 108 29705
34 109 58021
34 110 31388
34 111 80426
34 112 31133
34 113 60773
34 114 15750
34 115 36296
34 116 53325
34 117 27427
34 118 30625
34 119 7560
34 120 24240
34 121 76248
34 122 62068
34 123 46388
34 124 19417
34 125 42976
34 126 50052
34 127 23091
34 128 68030
34 129 23555
34 130 48938
34 131 46018
34 132 15045
34 133 20214
34 134 43759
34 135 47838
34 136 58625
34 137 54875
34 138 29144
34 139 27741
34 140 29627
34 141 37719
34 142 50236
34 143 15199
34 144 35285
34 145 58001
34 146 66546
34 147 30376
34 148 43667
34 149 35373
34 150 29253
34 151 45543
34 152 28119
34 153 20662
34 154 73808
34 155 53566
34 156 45702
34 157 27952
34 158 53475
34 159 52636
34 160 24757
34 161 43543
34 162 20386
34 163 28297
34 164 33940
34 165 19682
34 166 21484
34 167 21445
34 168 45024
34 169 53240
34 170 25844
34 171 26433
34 172 18219
34 173 32070
34 174 50363
34 175 14016
34 176 5826
34 177 62529
34 178 20670
34 179 36846
34 180 28630
34 181 51167
34 182 42922
34 183 37577
34 184 19454
34 185 75928
34 186 60161
34 187 68080
34 188 45954
34 189 58413
34 190 44483
34 191 57688
34 192 26885
34 193 36541
34 194 64494
34 195 20166
34 196 32773
34 197 19835
34 198 27594
34 199 39535
34 200 46389
34 201 39436
34 202 32119
34 203 36842
34 204 63053
34 205 52344
34 206 54779
34 207 48927
34 208 51103
34 209 36737
34 210 39415
34 211 9636
34 212 52247
34 213 56341
34 214 30401
34 215 28714
34 216 40892
34 217 43364
34 218 19682
34 219 19114
34 220 68877
34 221 34164
34 222 46119
34 223 48956
34 224 3597
34 225 23625
34 226 44729
34 227 55158
34 228 11409
34 229 24756
34 230 35116
34 231 18298
34 232 48739
34 233 20757
34 234 64732
34 235 59923
34 236 75572
34 237 31342
34 238 19322
34 239 68550
34 240 42339
34 241 27758
34 242 30592
34 243 37178
34 244 42622
34 245 38900
34 246 37494
34 247 22564
34 248 59405
34 249 33362
35 36 2740
35 37 59309
35 38 69790
35 39 29813
35 40 34973
35 41 37867
35 42 24032
35 43 64179
35 44 70103
35 45 60965
35 46 5642
35 47 64310
35 48 65709
35 49 44509
35 50 32245
35 51 18115
35 52 43465
35 53 48674
35 54 30801
35 55 39244
35 56 23902
35 57 13179
35 58 68996
35 59 29975
35 60 34563
35 61 69196
35 62 34068
35 63 45486
35 64 54411
35 65 31886
35 66 43715
35 67 38286
35 68 41221
35 69 55618
35 70 24711
35 71 38064
35 72 42672
35 73 21723
35 74 52163
35 75 40211
35 76 61216
35 77 53752
35 78 28698
35 79 41743
35 80 78534
35 81 19695
35 82 9398
35 83 46071
35 84 28902
35 85 72707
35 86 41878
35 87 28953
35 88 51270
35 89 49095
35 90 25956
35 91 36445
35 92 44179
35 93 32706
35 94 41121
35 95 45649
35 96 22026
35 97 14897
35 98 59083
35 99 49033
35 100 17117
35 101 29997
35 102 13893
35 103 43980
35 104 69906
35 105 40331
35 106 36983
35 107 46558
35 108 17083
35 109 27935
35 110 50699
35 111 59339
35 112 58490
35 113 35792
35 114 53811
35 115 58787
35 116 30929
35 117 35273
35 118 67782
35 119 34982
35 120 53106
35 121 43905
35 122 24850
35 123 59335
35 124 52467
35 125 12625
35 126 72736
35 127 15309
35 128 52245
35 129 29594
35 130 24609
35 131 70593
35 132 23403
35 133 34061
35 134 47205
35 135 13139
35 136 29446
35 137 21360
35 138 43051
35 139 23828
35 140 51688
35 141 18035
35 142 12643
35 143 32407
35 144 29529
35 145 30221
35 146 28410
35 147 54340
35 148 19497
35 149 68674
35 150 31055
35 151 30836
35 152 26906
35 153 53541
35 154 53481
35 155 54634
35 156 34229
35 157 61698
35 158 34603
35 159 21034
35 160 48735
35 161 70192
35 162 50610
35 163 44189
35 164 47555
35 165 50196
35 166 52098
35 167 51779
35 168 57876
35 169 80704
35 170 13139
35 171 14736
35 172 41376
35 173 52768
35 174 24167
35 175 44944
35 176 32363
35 177 34247
35 178 58802
35 179 53713
35 180 64911
35 181 39977
35 182 10770
35 183 21554
35 184 57474
35 185 45920
35 186 24562
35 187 49135
35 188 48115
35 189 28397
35 190 38650
35 191 22964
35 192 63844
35 193 56247
35 194 29120
35 195 18705
35 196 37395
35 197 26443
35 198 61943
35 199 52158
35 200 30005
35 201 48999
35 202 53148
35 203 25263
35 204 45367
35 205 57410
35 206 46265
35 207 73684
35 208 79024
35 209 9354
35 210 54604
35 211 38626
35 212 21711
35 213 31071
35 214 14468
35 215 52151
35 216 54573
35 217 20650
35 218 35822
35 219 19138
35 220 42058
35 221 70306
35 222 35017
35 223 54022
35 224 39399
35 225 58349
35 226 64580
35 227 85789
35 228 44255
35 229 15949
35 230 33252
35 231 47211
35 232 54356
35 233 53965
35 234 32682
35 235 27428
35 236 42438
35 237 66502
35 238 38350
35 239 43473
35 240 65149
35 241 63605
35 242 55950
35 243 60998
35 244 23417
35 245 25907
35 246 12877
35 247 30714
35 248 36847
35 249 52876
36 37 62000
36 38 69786
36 39 32358
36 40 32241
36 41 35143
36 42 23287
36 43 66273
36 44 71019
36 45 62853
36 46 8340
36 47 65020
36 48 68320
36 49 46061
36 50 34827
36 51 20653
36 52 42154
36 53 50103
36 54 32512
36 55 41811
36 56 25143
36 57 10882
36 58 71683
36 59 29420
36 60 32560
36 61 71885
36 62 36514
36 63 45610
36 64 57063
36 65 34615
36 66 44378
36 67 38737
36 68 41177
36 69 57845
36 70 26539
36 71 38912
36 72 39990
36 73 23650
36 74 52838
36 75 42020
36 76 61803
36 77 55633
36 78 31167
36 79 44459
36 80 80989
36 81 22269
36 82 11865
36 83 47747
36 84 29846
36 85 75413
36 86 42725
36 87 31515
36 88 53627
36 89 51086
36 90 26302
36 91 34523
36 92 46816
36 93 34759
36 94 43738
36 95 46911
36 96 19324
36 97 15852
36 98 61455
36 99 51700
36 100 19378
36 101 29237
36 102 14456
36 103 44602
36 104 71225
36 105 42747
36 106 34359
36 107 46052
36 108 16889
36 109 28904
36 110 50850
36 111 60792
36 112 59071
36 113 37223
36 114 55534
36 115 61455
36 116 28570
36 117 37997
36 118 69239
36 119 37140
36 120 53896
36 121 41185
36 122 24063
36 123 58846
36 124 54776
36 125 14413
36 126 75435
36 127 16905
36 128 54177
36 129 29800
36 130 26451
36 131 73260
36 132 25435
36 133 34545
36 134 46304
36 135 13830
36 136 26753
36 137 18624
36 138 45762
36 139 23669
36 140 54331
36 141 20555
36 142 10384
36 143 34869
36 144 28638
36 145 31460
36 146 26753
36 147 54742
36 148 21594
36 149 69647
36 150 30751
36 151 29070
36 152 26680
36 153 54638
36 154 55062
36 155 57251
36 156 32601
36 157 62774
36 158 32406
36 159 18316
36 160 51316
36 161 70564
36 162 53022
36 163 44296
36 164 50284
36 165 52593
36 166 53040
36 167 54198
36 168 60616
36 169 83332
36 170 15501
36 171 15439
36 172 43891
36 173 55440
36 174 25818
36 175 46074
36 176 34138
36 177 31556
36 178 60572
36 179 53616
36 180 66246
36 181 38198
36 182 12401
36 183 20226
36 184 59356
36 185 43181
36 186 21951
36 187 50882
36 188 47097
36 189 29363
36 190 41226
36 191 20275
36 192 65935
36 193 56301
36 194 28936
36 195 20146
36 196 40134
36 197 27080
36 198 63077
36 199 54897
36 200 28131
36 201 51738
36 202 55817
36 203 27890
36 204 47261
36 205 60088
36 206 48654
36 207 76354
36 208 81638
36 209 11906
36 210 54367
36 211 39879
36 212 22843
36 213 32591
36 214 17206
36 215 52563
36 216 57311
36 217 18629
36 218 36358
36 219 20844
36 220 43155
36 221 72501
36 222 33391
36 223 56712
36 224 41375
36 225 60606
36 226 67297
36 227 88334
36 228 46480
36 229 18477
36 230 32480
36 231 49634
36 232 57053
36 233 56279
36 234 29944
36 235 27977
36 236 39738
36 237 67688
36 238 38944
36 239 44745
36 240 65284
36 241 64893
36 242 58548
36 243 63651
36 244 21596
36 245 28470
36 246 11414
36 247 31004
36 248 34384
36 249 55565
37 38 83448
37 39 38301
37 40 93503
37 41 97081
37 42 66957
37 43 32137
37 44 65779
37 45 37464
37 46 53668
37 47 66603
37 48 9880
37 49 59364
37 50 35976
37 51 45617
37 52 84211
37 53 63330
37 54 41950
37 55 33467
37 56 49561
37 57 69826
37 58 9696
37 59 67918
37 60 84878
37 61 9889
37 62 28415
37 63 66836
37 64 6186
37 65 27788
37 66 58061
37 67 59476
37 68 67166
37 69 46469
37 70 52279
37 71 53885
37 72 101980
37 73 43863
37 74 61084
37 75 53273
37 76 67225
37 77 35889
37 78 32631
37 79 17805
37 80 26759
37 81 43974
37 82 50461
37 83 57499
37 84 52018
37 85 13580
37 86 54690
37 87 31306
37 88 21040
37 89 32653
37 90 67517
37 91 85593
37 92 28530
37 93 48102
37 94 19077
37 95 64947
37 96 80361
37 97 54293
37 98 20131
37 99 10532
37 100 49516
37 101 78629
37 102 56705
37 103 58778
37 104 56551
37 105 38588
37 106 93733
37 107 76167
37 108 61016
37 109 62401
37 110 69011
37 111 68201
37 112 65850
37 113 58724
37 114 39981
37 115 2465
37 116 85265
37 117 24311
37 118 52019
37 119 32977
37 120 59425
37 121 103141
37 122 75146
37 123 84251
37 124 22580
37 125 55157
37 126 13484
37 127 50212
37 128 53856
37 129 60141
37 130 52121
37 131 11615
37 132 41755
37 133 57967
37 134 81775
37 135 61241
37 136 87421
37 137 80500
37 138 16399
37 139 62164
37 140 8805
37 141 45928
37 142 71343
37 143 29535
37 144 70861
37 145 59964
37 146 83228
37 147 66816
37 148 50285
37 149 63713
37 150 65879
37 151 79698
37 152 63630
37 153 53753
37 154 62477
37 155 28679
37 156 80904
37 157 57705
37 158 86865
37 159 79586
37 160 13530
37 161 76787
37 162 19168
37 163 66478
37 164 12976
37 165 19855
37 166 56214
37 167 18574
37 168 12266
37 169 22432
37 170 47408
37 171 55788
37 172 21151
37 173 6824
37 174 54431
37 175 50638
37 176 40487
37 177 92031
37 178 40067
37 179 74550
37 180 53505
37 181 86892
37 182 56584
37 183 70025
37 184 36597
37 185 104666
37 186 83789
37 187 57095
37 188 83915
37 189 62569
37 190 33337
37 191 82272
37 192 32106
37 193 73663
37 194 73572
37 195 49612
37 196 24138
37 197 55293
37 198 56588
37 199 11955
37 200 80051
37 201 15927
37 202 6567
37 203 39011
37 204 52655
37 205 23926
37 206 39119
37 207 14580
37 208 21258
37 209 51955
37 210 77246
37 211 47786
37 212 59498
37 213 56489
37 214 45067
37 215 65553
37 216 10434
37 217 74079
37 218 57705
37 219 47305
37 220 65976
37 221 31401
37 222 81469
37 223 22482
37 224 34643
37 225 24667
37 226 6513
37 227 29789
37 228 27255
37 229 43947
37 230 71698
37 231 20139
37 232 21793
37 233 22300
37 234 91736
37 235 66352
37 236 101738
37 237 57763
37 238 57530
37 239 63841
37 240 77834
37 241 53975
37 242 8572
37 243 4231
37 244 74719
37 245 40093
37 246 66063
37 247 59499
37 248 91679
37 249 6435
38 39 86274
38 40 75092
38 41 82097
38 42 47468
38 43 57114
38 44 23901
38 45 49480
38 46 68933
38 47 18368
38 48 80834
38 49 110126
38 50 86965
38 51 79134
38 52 38115
38 53 114845
38 54 49258
38 55 92149
38 56 49239
38 57 64043
38 58 88947
38 59 41155
38 60 52881
38 61 89279
38 62 62465
38 63 24389
38 64 77652
38 65 74681
38 66 29115
38 67 32456
38 68 28609
38 69 112724
38 70 90482
38 71 35302
38 72 88054
38 73 56022
38 74 22953
38 75 104251
38 76 16430
38 77 48135
38 78 62926
38 79 77120
38 80 79402
38 81 79447
38 82 65901
38 83 110673
38 84 43441
38 85 93535
38 86 32358
38 87 65522
38 88 62431
38 89 50796
38 90 95719
38 91 50960
38 92 93107
38 93 95519
38 94 70162
38 95 112884
38 96 69408
38 97 55687
38 98 65590
38 99 76221
38 100 81470
38 101 98535
38 102 56048
38 103 28530
38 104 34959
38 105 96617
38 106 68566
38 107 25722
38 108 52898
38 109 96858
38 110 19315
38 111 124834
38 112 17599
38 113 102684
38 114 43975
38 115 81154
38 116 60332
38 117 75215
38 118 38362
38 119 55451
38 120 24194
38 121 85976
38 122 93421
38 123 15661
38 124 61044
38 125 80460
38 126 92751
38 127 57515
38 128 113879
38 129 40261
38 130 90313
38 131 88017
38 132 56430
38 133 36561
38 134 29855
38 135 82829
38 136 70265
38 137 73515
38 138 77089
38 139 46123
38 140 75757
38 141 79361
38 142 76818
38 143 62814
38 144 43324
38 145 98264
38 146 93202
38 147 17796
38 148 84464
38 149 25159
38 150 39236
38 151 50678
38 152 43160
38 153 29710
38 154 118325
38 155 101599
38 156 47249
38 157 27570
38 158 56531
38 159 70028
38 160 70999
38 161 9666
38 162 64285
38 163 25651
38 164 81683
38 165 63605
38 166 27333
38 167 64891
38 168 92227
38 169 91513
38 170 63778
38 171 55393
38 172 65837
38 173 78335
38 174 90958
38 175 34047
38 176 49444
38 177 71291
38 178 45619
38 179 16262
38 180 34403
38 181 47379
38 182 79328
38 183 52510
38 184 48634
38 185 82155
38 186 79923
38 187 112907
38 188 31065
38 189 97313
38 190 91479
38 191 76884
38 192 56897
38 193 13581
38 194 98722
38 195 54280
38 196 80560
38 197 44236
38 198 28985
38 199 87106
38 200 52475
38 201 87362
38 202 78257
38 203 81438
38 204 108101
38 205 100305
38 206 101820
38 207 90325
38 208 89276
38 209 74280
38 210 16184
38 211 39267
38 212 90502
38 213 97855
38 214 71008
38 215 19714
38 216 88191
38 217 58354
38 218 35144
38 219 55600
38 220 110142
38 221 63345
38 222 46849
38 223 96962
38 224 51008
38 225 60908
38 226 89675
38 227 89226
38 228 56914
38 229 65158
38 230 39351
38 231 63764
38 232 96722
38 233 61599
38 234 77569
38 235 97046
38 236 86780
38 237 30588
38 238 33175
38 239 110749
38 240 5711
38 241 32977
38 242 74960
38 243 81170
38 244 55036
38 245 83379
38 246 59912
38 247 39262
38 248 62891
38 249 79858
39 40 63947
39 41 65614
39 42 49171
39 43 57507
39 44 78160
39 45 58007
39 46 25392
39 47 74922
39 48 47283
39 49 26009
39 50 2740
39 51 11705
39 52 69597
39 53 30792
39 54 37318
39 55 9476
39 56 37759
39 57 42924
39 58 47380
39 59 53495
39 60 63517
39 61 47474
39 62 27506
39 63 62969
39 64 35757
39 65 14991
39 66 57187
39 67 54347
39 68 60377
39 69 27595
39 70 14003
39 71 50973
39 72 69394
39 73 30468
39 74 64367
39 75 19439
39 76 73264
39 77 51978
39 78 24530
39 79 22026
39 80 63343
39 81 10134
39 82 25123
39 83 25597
39 84 43316
39 85 49925
39 86 54066
39 87 22207
39 88 41524
39 89 46517
39 90 29354
39 91 65138
39 92 14934
39 93 11404
39 94 26724
39 95 30522
39 96 51473
39 97 34949
39 98 47718
39 99 30573
39 100 13873
39 101 40776
39 102 36253
39 103 57754
39 104 73512
39 105 11208
39 106 66688
39 107 68177
39 108 41356
39 109 24109
39 110 67415
39 111 39521
39 112 70851
39 113 21928
39 114 54257
39 115 38899
39 116 60642
39 117 17237
39 118 69913
39 119 33698
39 120 64129
39 121 71390
39 122 37827
39 123 80009
39 124 43510
39 125 20098
39 126 50295
39 127 31339
39 128 27611
39 129 48959
39 130 13852
39 131 49762
39 132 29861
39 133 50655
39 134 71085
39 135 25522
39 136 58899
39 137 49960
39 138 23447
39 139 46387
39 140 33812
39 141 11808
39 142 38702
39 143 26284
39 144 54659
39 145 21884
39 146 46742
39 147 68669
39 148 13266
39 149 76261
39 150 53129
39 151 59185
39 152 49219
39 153 61459
39 154 32904
39 155 25069
39 156 62009
39 157 68850
39 158 64028
39 159 50375
39 160 33633
39 161 83464
39 162 39755
39 163 61948
39 164 25358
39 165 39769
39 166 61791
39 167 40544
39 168 32176
39 169 60675
39 170 24969
39 171 36089
39 172 30187
39 173 33472
39 174 16180
39 175 53881
39 176 37527
39 177 63695
39 178 57852
39 179 72012
39 180 68814
39 181 68128
39 182 22099
39 183 49039
39 184 55087
39 185 74428
39 186 51235
39 187 27186
39 188 72580
39 189 24288
39 190 8922
39 191 50630
39 192 57262
39 193 73209
39 194 35419
39 195 33628
39 196 14554
39 197 43796
39 198 68447
39 199 27674
39 200 58697
39 201 23651
39 202 33954
39 203 5209
39 204 22180
39 205 28559
39 206 17144
39 207 52523
39 208 59559
39 209 20464
39 210 73838
39 211 47655
39 212 21538
39 213 18702
39 214 17774
39 215 66630
39 216 30063
39 217 49918
39 218 51687
39 219 31690
39 220 29966
39 221 61176
39 222 62764
39 223 25514
39 224 39454
39 225 49476
39 226 41624
39 227 67942
39 228 38783
39 229 22278
39 230 57476
39 231 36835
39 232 26000
39 233 44658
39 234 61034
39 235 28073
39 236 69504
39 237 71959
39 238 53290
39 239 28810
39 240 80795
39 241 68207
39 242 39059
39 243 41510
39 244 52166
39 245 3931
39 246 41488
39 247 49321
39 248 66646
39 249 32691
40 41 7014
40 42 33787
40 43 92256
40 44 85736
40 45 87139
40 46 40417
40 47 78204
40 48 98981
40 49 71325
40 50 66550
40 51 52397
40 52 37387
40 53 74208
40 54 57712
40 55 73406
40 56 48616
40 57 23763
40 58 103107
40 59 38195
40 60 22244
40 61 103330
40 62 66376
40 63 55768
40 64 88208
40 65 66637
40 66 59716
40 67 53324
40 68 50723
40 69 87204
40 70 55022
40 71 56765
40 72 13019
40 73 51293
40 74 67028
40 75 69247
40 76 74092
40 77 80216
40 78 61378
40 79 76306
40 80 110012
40 81 54103
40 82 43134
40 83 73757
40 84 50288
40 85 107043
40 86 59912
40 87 62320
40 88 82273
40 89 76823
40 90 46500
40 91 24308
40 92 78718
40 93 63827
40 94 74713
40 95 70045
40 96 13148
40 97 40624
40 98 90033
40 99 83033
40 100 50231
40 101 39978
40 102 38130
40 103 59544
40 104 89836
40 105 73539
40 106 7768
40 107 49678
40 108 35355
40 109 52379
40 110 60310
40 111 84438
40 112 71602
40 113 62424
40 114 78788
40 115 92729
40 116 14851
40 117 69941
40 118 89272
40 119 64964
40 120 69028
40 121 11629
40 122 37056
40 123 60147
40 124 82991
40 125 44205
40 126 106987
40 127 44163
40 128 81645
40 129 44826
40 130 55007
40 131 104454
40 132 53437
40 133 50400
40 134 45381
40 135 40039
40 136 6434
40 137 13998
40 138 77542
40 139 38463
40 140 85416
40 141 52241
40 142 25646
40 143 64895
40 144 34656
40 145 56147
40 146 29699
40 147 66081
40 148 51685
40 149 85021
40 150 41196
40 151 24820
40 152 39526
40 153 72492
40 154 79983
40 155 89014
40 156 27899
40 157 79690
40 158 18681
40 159 13996
40 160 81890
40 161 79810
40 162 82139
40 163 54561
40 164 82262
40 165 81598
40 166 69662
40 167 83341
40 168 92813
40 169 114070
40 170 46098
40 171 39255
40 172 74056
40 173 86790
40 174 53509
40 175 65176
40 176 59576
40 177 3844
40 178 83934
40 179 60075
40 180 85325
40 181 28370
40 182 42087
40 183 28168
40 184 83760
40 185 11187
40 186 14847
40 187 77208
40 188 44551
40 189 52736
40 190 72867
40 191 13993
40 192 91904
40 193 63906
40 194 44565
40 195 45898
40 196 72344
40 197 46149
40 198 80509
40 199 87038
40 200 23094
40 201 83955
40 202 87131
40 203 59846
40 204 74758
40 205 92154
40 206 79202
40 207 107571
40 208 112231
40 209 43878
40 210 59210
40 211 60783
40 212 48408
40 213 58814
40 214 49377
40 215 64305
40 216 89433
40 217 21822
40 218 52197
40 219 47783
40 220 65449
40 221 99219
40 222 28257
40 223 88836
40 224 67604
40 225 88201
40 226 99079
40 227 118175
40 228 74311
40 229 49566
40 230 37786
40 231 78924
40 232 89201
40 233 84482
40 234 4380
40 235 49034
40 236 11833
40 237 85267
40 238 54705
40 239 68144
40 240 72575
40 241 83619
40 242 89180
40 243 94758
40 244 23397
40 245 60179
40 246 28096
40 247 46296
40 248 13146
40 249 87089
41 42 40021
41 43 97639
41 44 92419
41 45 92797
41 46 43479
41 47 84949
41 48 103041
41 49 70377
41 50 68290
41 51 54359
41 52 44393
41 53 72876
41 54 62943
41 55 74973
41 56 53940
41 57 28206
41 58 106747
41 59 44750
41 60 29258
41 61 106956
41 62 70632
41 63 62532
41 64 92002
41 65 69751
41 66 66171
41 67 59756
41 68 57467
41 69 87399
41 70 55501
41 71 62950
41 72 6182
41 73 55949
41 74 73640
41 75 68936
41 76 80867
41 77 85783
41 78 65479
41 79 79600
41 80 114714
41 81 56105
41 82 46647
41 83 72976
41 84 56063
41 85 110534
41 86 66205
41 87 66198
41 88 86990
41 89 82162
41 90 45281
41 91 31317
41 92 80526
41 93 64268
41 94 78565
41 95 68552
41 96 17502
41 97 45477
41 98 94804
41 99 86710
41 100 51748
41 101 37277
41 102 43024
41 103 66029
41 104 96224
41 105 74583
41 106 14340
41 107 56649
41 108 40791
41 109 51583
41 110 67147
41 111 82794
41 112 78350
41 113 61689
41 114 84553
41 115 96455
41 116 21810
41 117 73139
41 118 95511
41 119 69767
41 120 75587
41 121 6067
41 122 35157
41 123 67160
41 124 87827
41 125 45553
41 126 110538
41 127 48721
41 128 81192
41 129 51047
41 130 55510
41 131 108242
41 132 58053
41 133 56670
41 134 52396
41 135 40719
41 136 12523
41 137 16584
41 138 80895
41 139 44493
41 140 89239
41 141 54164
41 142 26921
41 143 69086
41 144 41296
41 145 55492
41 146 26642
41 147 72862
41 148 52840
41 149 91656
41 150 47710
41 151 31723
41 152 45788
41 153 78847
41 154 78767
41 155 90611
41 156 34884
41 157 86178
41 158 25690
41 159 17959
41 160 85949
41 161 86740
41 162 86720
41 163 61308
41 164 85420
41 165 86209
41 166 76105
41 167 87919
41 168 95584
41 169 118116
41 170 49898
41 171 44188
41 172 78249
41 173 90462
41 174 53794
41 175 71338
41 176 64794
41 177 10848
41 178 89717
41 179 67022
41 180 91644
41 181 35345
41 182 43518
41 183 34279
41 184 89380
41 185 9444
41 186 14476
41 187 76458
41 188 51559
41 189 51897
41 190 74475
41 191 15081
41 192 97288
41 193 70835
41 194 42494
41 195 50782
41 196 75115
41 197 51983
41 198 86956
41 199 89950
41 200 29974
41 201 86671
41 202 90825
41 203 61881
41 204 74427
41 205 94103
41 206 80047
41 207 111348
41 208 116345
41 209 46198
41 210 66193
41 211 66685
41 212 48342
41 213 58480
41 214 52313
41 215 71052
41 216 92379
41 217 27731
41 218 58502
41 219 52503
41 220 63868
41 221 104480
41 222 35254
41 223 90902
41 224 72771
41 225 93217
41 226 102437
41 227 122613
41 228 79190
41 229 53229
41 230 44554
41 231 83436
41 232 91315
41 233 89329
41 234 5671
41 235 47847
41 236 5224
41 237 91728
41 238 61057
41 239 66768
41 240 79541
41 241 89963
41 242 93233
41 243 98584
41 244 29723
41 245 61988
41 246 32983
41 247 52530
41 248 19963
41 249 90647
42 43 59502
42 44 53062
42 45 53841
42 46 25318
42 47 45982
42 48 70325
42 49 68067
42 50 50975
42 51 38666
42 52 20439
42 53 72403
42 54 26274
42 55 57719
42 56 17562
42 57 16623
42 58 75947
42 59 6331
42 60 18106
42 61 76220
42 62 38546
42 63 24281
42 64 61002
42 65 44252
42 66 26294
42 67 19874
42 68 19323
42 69 76623
42 70 47958
42 71 22978
42 72 46173
42 73 23344
42 74 34149
42 75 63240
42 76 42167
42 77 47152
42 78 34799
42 79 52047
42 80 78929
42 81 39714
42 82 24193
42 83 69372
42 84 17227
42 85 80351
42 86 26184
42 87 36722
42 88 51706
42 89 44376
42 90 49579
42 91 18644
42 92 61254
42 93 55086
42 94 48041
42 95 69565
42 96 23846
42 97 14456
42 98 59076
42 99 56591
42 100 39384
42 101 51188
42 102 12919
42 103 26216
42 104 56223
42 105 60372
42 106 30400
42 107 22855
42 108 7839
42 109 51965
42 110 29434
42 111 82996
42 112 39504
42 113 59572
42 114 45350
42 115 65603
42 116 20648
42 117 46753
42 118 55509
42 119 34834
42 120 35900
42 121 45387
42 122 46123
42 123 35633
42 124 51986
42 125 36283
42 126 80058
42 127 18542
42 128 74736
42 129 11042
42 130 47828
42 131 76678
42 132 25348
42 133 16649
42 134 23199
42 135 37040
42 136 27553
42 137 27323
42 138 52912
42 139 5136
42 140 58228
42 141 38752
42 142 29358
42 143 37507
42 144 5625
42 145 54188
42 146 45831
42 147 34382
42 148 42207
42 149 52116
42 150 8495
42 151 12875
42 152 5769
42 153 38837
42 154 76936
42 155 71613
42 156 14042
42 157 46292
42 158 20628
42 159 24100
42 160 53893
42 161 49630
42 162 52076
42 163 22953
42 164 58161
42 165 51439
42 166 36176
42 167 53246
42 168 69769
42 169 85103
42 170 24353
42 171 13166
42 172 45937
42 173 60166
42 174 47753
42 175 31389
42 176 28083
42 177 30724
42 178 50444
42 179 31213
42 180 51623
42 181 20195
42 182 34641
42 183 5823
42 184 50558
42 185 44033
42 186 33673
42 187 72239
42 188 24225
42 189 52428
42 190 57044
42 191 30681
42 192 59150
42 193 34352
42 194 51856
42 195 17777
42 196 50945
42 197 13070
42 198 47013
42 199 63722
42 200 13548
42 201 61751
42 202 60394
42 203 43986
42 204 68076
42 205 72881
42 206 66313
42 207 79748
42 208 83065
42 209 31181
42 210 31580
42 211 27234
42 212 45734
42 213 54770
42 214 31405
42 215 32348
42 216 65813
42 217 12464
42 218 18484
42 219 20176
42 220 66070
42 221 66695
42 222 14669
42 223 69264
42 224 35937
42 225 56500
42 226 73212
42 227 87810
42 228 43428
42 229 27531
42 230 9222
42 231 49245
42 232 69379
42 233 53404
42 234 34538
42 235 51258
42 236 45227
42 237 51794
42 238 21063
42 239 67384
42 240 43476
42 241 49947
42 242 60884
42 243 67153
42 244 10398
42 245 45393
42 246 12527
42 247 12518
42 248 26566
42 249 60933
43 44 35871
43 45 7716
43 46 59293
43 47 38871
43 48 25854
43 49 82962
43 50 56304
43 51 58740
43 52 70472
43 53 87560
43 54 34725
43 55 57441
43 56 43702
43 57 69679
43 58 34180
43 59 57366
43 60 76814
43 61 34502
43 62 31956
43 63 47911
43 64 28347
43 65 42591
43 66 39194
43 67 43701
43 68 50508
43 69 75201
43 70 69339
43 71 38330
43 72 103481
43 73 42692
43 74 37961
43 75 76360
43 76 40864
43 77 12519
43 78 37008
43 79 37111
43 80 22636
43 81 57712
43 82 55011
43 83 81920
43 84 42302
43 85 38352
43 86 36827
43 87 38058
43 88 16045
43 89 15483
43 90 82360
43 91 76611
43 92 54738
43 93 68898
43 94 30933
43 95 87879
43 96 80174
43 97 52413
43 98 12131
43 99 30572
43 100 62839
43 101 91318
43 102 54781
43 103 39800
43 104 25378
43 105 63057
43 106 89818
43 107 58508
43 108 56918
43 109 79314
43 110 47824
43 111 94678
43 112 40431
43 113 79371
43 114 15460
43 115 29690
43 116 80133
43 117 40347
43 118 20851
43 119 29225
43 120 35617
43 121 103481
43 122 86706
43 123 62505
43 124 14009
43 125 66429
43 126 37412
43 127 49792
43 128 80716
43 129 49223
43 130 69147
43 131 32519
43 132 40841
43 133 44566
43 134 65263
43 135 72018
43 136 85825
43 137 82026
43 138 36057
43 139 54427
43 140 28124
43 141 59093
43 142 76655
43 143 33622
43 144 61067
43 145 78263
43 146 92312
43 147 43485
43 148 64942
43 149 33923
43 150 54483
43 151 71761
43 152 54286
43 153 29157
43 154 88325
43 155 58754
43 156 71337
43 157 29575
43 158 79832
43 159 79853
43 160 25445
43 161 48852
43 162 17993
43 163 48171
43 164 37786
43 165 17858
43 166 32602
43 167 17440
43 168 43909
43 169 34456
43 170 51185
43 171 53595
43 172 27342
43 173 30241
43 174 71065
43 175 31075
43 176 32893
43 177 89653
43 178 11812
43 179 53019
43 180 23477
43 181 76234
43 182 66910
43 183 64533
43 184 9723
43 185 103061
43 186 87155
43 187 82545
43 188 67573
43 189 79633
43 190 57004
43 191 84766
43 192 353
43 193 50762
43 194 87875
43 195 47169
43 196 44270
43 197 46484
43 198 28191
43 199 41105
43 200 72794
43 201 43619
43 202 29890
43 203 55264
43 204 77582
43 205 54986
43 206 65816
43 207 34298
43 208 32234
43 209 60838
43 210 55909
43 211 32703
43 212 74392
43 213 75696
43 214 53651
43 215 43072
43 216 40859
43 217 70503
43 218 43304
43 219 45809
43 220 87463
43 221 7379
43 222 71639
43 223 52699
43 224 25061
43 225 8389
43 226 36978
43 227 32528
43 228 20305
43 229 49094
43 230 60043
43 231 20683
43 232 52141
43 233 12960
43 234 91968
43 235 82134
43 236 102807
43 237 27778
43 238 41688
43 239 86259
43 240 52019
43 241 24518
43 242 24289
43 243 28477
43 244 69560
43 245 57139
43 246 64714
43 247 47961
43 248 86036
43 249 31913
44 45 28841
44 46 67396
44 47 7941
44 48 61261
44 49 103810
44 50 78112
44 51 73978
44 52 52706
44 53 108636
44 54 41965
44 55 81908
44 56 46372
44 57 68779
44 58 69600
44 59 47733
44 60 64938
44 61 69929
44 62 51217
44 63 30078
44 64 60632
44 65 64315
44 66 27060
44 67 33335
44 68 35049
44 69 102056
44 70 85795
44 71 32112
44 72 98598
44 73 50965
44 74 18913
44 75 97409
44 76 12237
44 77 30154
44 78 53632
44 79 63796
44 80 57108
44 81 73755
44 82 63470
44 83 103704
44 84 41206
44 85 73960
44 86 28305
44 87 55979
44 88 45225
44 89 34531
44 90 94576
44 91 63643
44 92 81382
44 93 88819
44 94 56525
44 95 107575
44 96 76902
44 97 55231
44 98 46240
44 99 60598
44 100 77236
44 101 100100
44 102 56593
44 103 27007
44 104 11366
44 105 87068
44 106 80589
44 107 38397
44 108 55450
44 109 94020
44 110 26109
44 111 117681
44 112 14352
44 113 97700
44 114 26326
44 115 63343
44 116 71139
44 117 63781
44 118 15387
44 119 44547
44 120 17320
44 121 97293
44 122 94948
44 123 35151
44 124 43410
44 125 78088
44 126 73065
44 127 55300
44 128 105131
44 129 42640
44 130 85607
44 131 68190
44 132 50429
44 133 37145
44 134 44924
44 135 81994
44 136 79922
44 137 80323
44 138 63357
44 139 49566
44 140 59315
44 141 74276
44 142 80105
44 143 52156
44 144 51124
44 145 94466
44 146 97164
44 147 20002
44 148 80073
44 149 2077
44 150 44858
44 151 61164
44 152 47447
44 153 17054
44 154 111064
44 155 88275
44 156 58800
44 157 9314
44 158 68615
44 159 77156
44 160 55026
44 161 14373
44 162 47358
44 163 31229
44 164 67094
44 165 46782
44 166 18006
44 167 47627
44 168 76185
44 169 70076
44 170 60325
44 171 55582
44 172 51972
44 173 61849
44 174 86822
44 175 25512
44 176 41230
44 177 82229
44 178 25750
44 179 28549
44 180 12464
44 181 61239
44 182 77552
44 183 58865
44 184 29197
44 185 94719
44 186 86599
44 187 105328
44 188 46920
44 189 94440
44 190 81302
44 191 83649
44 192 35728
44 193 24700
44 194 98777
44 195 51764
44 196 68980
44 197 44060
44 198 9870
44 199 71900
44 200 62793
44 201 73122
44 202 61655
44 203 74059
44 204 100293
44 205 85845
44 206 91453
44 207 70119
44 208 67891
44 209 71639
44 210 30824
44 211 32099
44 212 87923
44 213 93134
44 214 66372
44 215 21543
44 216 72454
44 217 65473
44 218 35236
44 219 52088
44 220 105717
44 221 41157
44 222 58696
44 223 82869
44 224 38924
44 225 41474
44 226 71485
44 227 66731
44 228 42161
44 229 60377
44 230 47985
44 231 47913
44 232 82481
44 233 43513
44 234 87172
44 235 95319
44 236 97519
44 237 8131
44 238 32553
44 239 105584
44 240 20408
44 241 11805
44 242 57243
44 243 62790
44 244 62898
44 245 76114
44 246 63813
44 247 41195
44 248 75380
44 249 63510
45 46 56445
45 47 31311
45 48 32420
45 49 83896
45 50 57144
45 51 57684
45 52 63557
45 53 88607
45 54 30496
45 55 59186
45 56 39058
45 57 65205
45 58 40762
45 59 51183
45 60 70693
45 61 41091
45 62 31039
45 63 40603
45 64 32849
45 65 43039
45 66 32069
45 67 36966
45 68 43466
45 69 77982
45 70 68837
45 71 31841
45 72 98753
45 73 39243
45 74 30335
45 75 77280
45 76 33182
45 77 7220
45 78 35539
45 79 39221
45 80 30338
45 81 56854
45 82 52118
45 83 83123
45 84 36861
45 85 45123
45 86 29952
45 87 37055
45 88 18299
45 89 12180
45 90 80954
45 91 70341
45 92 57212
45 93 69380
45 94 32364
45 95 88528
45 96 75456
45 97 48186
45 98 17518
45 99 33964
45 100 61652
45 101 89208
45 102 50434
45 103 32642
45 104 19087
45 105 64735
45 106 84242
45 107 51220
45 108 52019
45 109 78498
45 110 40273
45 111 96360
45 112 32716
45 113 79538
45 114 8597
45 115 35001
45 116 74473
45 117 41318
45 118 14558
45 119 26765
45 120 27962
45 121 98529
45 122 84415
45 123 54843
45 124 16213
45 125 64613
45 126 44234
45 127 46035
45 128 82728
45 129 43215
45 130 68643
45 131 39366
45 132 37615
45 133 38244
45 134 58043
45 135 69901
45 136 80733
45 137 77619
45 138 38388
45 139 48868
45 140 32036
45 141 58031
45 142 73169
45 143 32566
45 144 54932
45 145 77830
45 146 89345
45 147 35810
45 148 63996
45 149 26830
45 150 48222
45 151 65742
45 152 48414
45 153 21506
45 154 89877
45 155 62380
45 156 65048
45 157 22003
45 158 73843
45 159 75233
45 160 28453
45 161 41377
45 162 20501
45 163 40939
45 164 41021
45 165 20109
45 166 24992
45 167 20386
45 168 48608
45 169 42036
45 170 48323
45 171 49242
45 172 28177
45 173 34416
45 174 70402
45 175 24122
45 176 28776
45 177 84358
45 178 4152
45 179 45406
45 180 16379
45 181 69702
45 182 64853
45 183 59117
45 184 3498
45 185 97751
45 186 83034
45 187 84059
45 188 60353
45 189 78848
45 190 58683
45 191 80507
45 192 7467
45 193 43081
45 194 86221
45 195 43100
45 196 45823
45 197 41023
45 198 20651
45 199 45067
45 200 66877
45 201 47047
45 202 34141
45 203 55144
45 204 79023
45 205 59134
45 206 68081
45 207 41370
45 208 39801
45 209 58679
45 210 48294
45 211 26650
45 212 73198
45 213 75565
45 214 51777
45 215 35453
45 216 45194
45 217 65317
45 218 36837
45 219 42050
45 220 87702
45 221 14692
45 222 65302
45 223 56531
45 224 21645
45 225 12820
45 226 42875
45 227 40232
45 228 19288
45 229 46688
45 230 53607
45 231 22251
45 232 56039
45 233 15815
45 234 87139
45 235 80967
45 236 98002
45 237 20711
45 238 35008
45 239 86786
45 240 44338
45 241 17201
45 242 29104
45 243 34199
45 244 64090
45 245 57118
45 246 60129
45 247 41876
45 248 80204
45 249 36115
46 47 62038
46 48 60099
46 49 42828
46 50 27659
46 51 13943
46 52 45521
46 53 47253
46 54 26805
46 55 34671
46 56 21060
46 57 17783
46 58 63354
46 59 30699
46 60 38175
46 61 63555
46 62 28673
46 63 44547
46 64 48776
46 65 26296
46 66 41692
46 67 36770
46 68 40680
46 69 52067
46 70 22685
46 71 35735
46 72 48313
46 73 17447
46 74 50038
46 75 37923
46 76 59208
46 77 49266
46 78 23283
46 79 36121
46 80 73087
46 81 15315
46 82 4327
46 83 44064
46 84 26550
46 85 67074
46 86 39503
46 87 23406
46 88 45978
46 89 44428
46 90 27317
46 91 39867
46 92 39311
46 93 29852
46 94 35510
46 95 44654
46 96 27365
46 97 13248
46 98 53761
46 99 43393
46 100 14086
46 101 33246
46 102 13222
46 103 42037
46 104 66419
46 105 36285
46 106 42033
46 107 46906
46 108 17654
46 109 27927
46 110 49650
46 111 57778
46 112 56510
46 113 34525
46 114 49615
46 115 53147
46 116 35354
46 117 29665
46 118 64039
46 119 30073
46 120 50740
46 121 49524
46 122 28247
46 123 59540
46 124 47248
46 125 11550
46 126 67098
46 127 12110
46 128 49526
46 129 28764
46 130 22549
46 131 64953
46 132 18864
46 133 32550
46 134 48367
46 135 14598
46 136 34733
46 137 26940
46 138 37422
46 139 23944
46 140 46058
46 141 13949
46 142 18082
46 143 26993
46 144 30942
46 145 29534
46 146 33022
46 147 52748
46 148 16890
46 149 65863
46 150 31239
46 151 33999
46 152 27045
46 153 50558
46 154 51649
46 155 49823
46 156 37057
46 157 58712
46 158 38637
46 159 26431
46 160 43153
46 161 68567
46 162 45238
46 163 43301
46 164 41962
46 165 44846
46 166 49435
46 167 46397
46 168 52396
46 169 75081
46 170 8133
46 171 13665
46 172 35874
46 173 47127
46 174 22638
46 175 41961
46 176 28218
46 177 39514
46 178 54501
46 179 53148
46 180 61409
46 181 43057
46 182 10441
46 183 24074
46 184 52973
46 185 51432
46 186 30190
46 187 46922
46 188 49512
46 189 28383
46 190 34048
46 191 28603
46 192 58963
46 193 55353
46 194 31394
46 195 15645
46 196 31935
46 197 24805
46 198 58843
46 199 46632
46 200 33405
46 201 43548
46 202 47507
46 203 20548
46 204 42802
46 205 52338
46 206 42266
46 207 68043
46 208 73411
46 209 5863
46 210 54321
46 211 35464
46 212 21570
46 213 29679
46 214 8965
46 215 50557
46 216 49036
46 217 24526
46 218 34171
46 219 15447
46 220 41486
46 221 65246
46 222 37831
46 223 48895
46 224 34802
46 225 53204
46 226 58959
46 227 80236
46 228 39191
46 229 10503
46 230 34343
46 231 41828
46 232 49199
46 233 48738
46 234 38250
46 235 28335
46 236 48074
46 237 63281
46 238 36537
46 239 42478
46 240 64032
46 241 60201
46 242 50351
46 243 55362
46 244 26835
46 245 21462
46 246 16119
46 247 29682
46 248 41478
46 249 47235
47 48 63187
47 49 100139
47 50 75135
47 51 69727
47 52 44775
47 53 104954
47 54 37865
47 55 79474
47 56 41007
47 57 62033
47 58 71418
47 59 40421
47 60 57180
47 61 71751
47 62 48836
47 63 22441
47 64 61069
47 65 61766
47 66 20646
47 67 26604
47 68 27485
47 69 99903
47 70 81504
47 71 26317
47 72 91120
47 73 46351
47 74 12192
47 75 93875
47 76 4299
47 77 30769
47 78 50523
47 79 62467
47 80 61050
47 81 69670
47 82 58301
47 83 100245
47 84 35521
47 85 75935
47 86 22535
47 87 53002
47 88 45616
47 89 34216
47 90 89347
47 91 55832
47 92 79525
47 93 85184
47 94 55256
47 95 103605
47 96 69753
47 97 49421
47 98 47936
47 99 60315
47 100 72737
47 101 94236
47 102 50566
47 103 20456
47 104 17217
47 105 84412
47 106 72895
47 107 30466
47 108 48966
47 109 89246
47 110 18244
47 111 114346
47 112 6603
47 113 93578
47 114 26637
47 115 64231
47 116 63527
47 117 61651
47 118 20166
47 119 41892
47 120 11310
47 121 89720
47 122 89065
47 123 27647
47 124 44024
47 125 73065
47 126 75108
47 127 49945
47 128 102288
47 129 35927
47 130 81320
47 131 70306
47 132 46104
47 133 30632
47 134 36984
47 135 76597
47 136 72486
47 137 73304
47 138 62205
47 139 42803
47 140 59436
47 141 70006
47 142 73738
47 143 49551
47 144 43698
47 145 89970
47 146 90763
47 147 12197
47 148 75646
47 149 8095
47 150 37634
47 151 53527
47 152 40491
47 153 13805
47 154 107738
47 155 87126
47 156 51051
47 157 9308
47 158 60871
47 159 70065
47 160 54866
47 161 10212
47 162 47619
47 163 23645
47 164 66369
47 165 46979
47 166 13162
47 167 48079
47 168 76220
47 169 73321
47 170 55398
47 171 49622
47 172 50747
47 173 62014
47 174 82373
47 175 21106
47 176 37439
47 177 74651
47 178 27591
47 179 20633
47 180 16063
47 181 53353
47 182 72363
47 183 51740
47 184 30773
47 185 87013
47 186 79638
47 187 102081
47 188 38987
47 189 89679
47 190 78839
47 191 76657
47 192 38667
47 193 16825
47 194 93267
47 195 46424
47 196 66963
47 197 37939
47 198 10680
47 199 71502
47 200 55184
47 201 72282
47 202 61879
47 203 70530
47 204 97099
47 205 85184
47 206 89129
47 207 72488
47 208 71092
47 209 66626
47 210 22969
47 211 27577
47 212 83036
47 213 88904
47 214 61877
47 215 13900
47 216 72316
47 217 58296
47 218 28758
47 219 47034
47 220 101469
47 221 44989
47 222 50923
47 223 82026
47 224 36634
47 225 43187
47 226 72630
47 227 70864
47 228 41204
47 229 55844
47 230 40419
47 231 47607
47 232 81703
47 233 44396
47 234 79774
47 235 90249
47 236 90014
47 237 12454
47 238 26117
47 239 101560
47 240 13792
47 241 14609
47 242 58037
47 243 63999
47 244 55590
47 245 72566
47 246 57173
47 247 34531
47 248 67628
47 249 63616
48 49 69137
48 50 45107
48 51 53556
48 52 86083
48 53 73154
48 54 44300
48 55 43105
48 56 52766
48 57 75220
48 58 8350
48 59 70422
48 60 88427
48 61 8678
48 62 32653
48 63 66720
48 64 11753
48 65 35335
48 66 57716
48 67 60159
48 68 67793
48 69 56252
48 70 61136
48 71 54426
48 72 108212
48 73 48088
48 74 59387
48 75 62978
48 76 64411
48 77 32713
48 78 37611
48 79 25732
48 80 16880
48 81 52001
48 82 56519
48 83 67321
48 84 54227
48 85 12751
48 86 54543
48 87 36863
48 88 19794
48 89 30877
48 90 76177
48 91 88893
48 92 38342
48 93 57498
48 94 24589
48 95 74687
48 96 85931
48 97 58806
48 98 15260
48 99 17252
48 100 57598
48 101 87011
48 102 61291
48 103 58421
48 104 51163
48 105 48329
48 106 98528
48 107 76662
48 108 65150
48 109 71360
48 110 68177
48 111 78077
48 112 63395
48 113 68195
48 114 36865
48 115 8516
48 116 89625
48 117 31925
48 118 46612
48 119 35504
48 120 57439
48 121 109106
48 122 83280
48 123 83462
48 124 20510
48 125 62928
48 126 11925
48 127 54959
48 128 63733
48 129 62315
48 130 60970
48 131 7219
48 132 45922
48 133 59326
48 134 82737
48 135 69024
48 136 92736
48 137 86494
48 138 24260
48 139 65320
48 140 14223
48 141 53885
48 142 78091
48 143 34092
48 144 73656
48 145 69118
48 146 90953
48 147 65172
48 148 58656
48 149 59245
48 150 68082
48 151 83198
48 152 66370
48 153 51317
48 154 72356
48 155 38360
48 156 83961
48 157 53976
48 158 90730
48 159 85257
48 160 17100
48 161 73383
48 162 18727
48 163 66556
48 164 22046
48 165 19431
48 166 54207
48 167 17681
48 168 21660
48 169 15090
48 170 53150
48 171 60270
48 172 24955
48 173 13895
48 174 63245
48 175 49774
48 176 42612
48 177 97205
48 178 35717
48 179 73698
48 180 48800
48 181 89727
48 182 64180
48 183 74011
48 184 32428
48 185 110166
48 186 90266
48 187 66962
48 188 84964
48 189 71554
48 190 42935
48 191 88523
48 192 25917
48 193 72301
48 194 82198
48 195 53779
48 196 32808
48 197 57905
48 198 52721
48 199 21817
48 200 83747
48 201 25721
48 202 13425
48 203 47429
48 204 62492
48 205 33357
48 206 48995
48 207 9880
48 208 13319
48 209 59114
48 210 76507
48 211 48170
48 212 68069
48 213 65745
48 214 51933
48 215 64190
48 216 20293
48 217 78667
48 218 58750
48 219 51625
48 220 75585
48 221 23379
48 222 84460
48 223 32203
48 224 35559
48 225 20001
48 226 11923
48 227 20774
48 228 27706
48 229 49894
48 230 73967
48 231 21162
48 232 31494
48 233 19607
48 234 97559
48 235 75163
48 236 107865
48 237 53131
48 238 58125
48 239 73533
48 240 75386
48 241 49567
48 242 9809
48 243 5901
48 244 78894
48 245 48705
48 246 71064
48 247 61468
48 248 95989
48 249 14596
49 50 26759
49 51 30996
49 52 87946
49 53 4826
49 54 62276
49 55 26228
49 56 60888
49 57 56544
49 58 66947
49 59 73524
49 60 78364
49 61 66940
49 62 53509
49 63 86078
49 64 58589
49 65 40873
49 66 81409
49 67 77700
49 68 82763
49 69 20883
49 70 20147
49 71 75142
49 72 72113
49 73 54273
49 74 89081
49 75 6618
49 76 98165
49 77 77971
49 78 50281
49 79 46205
49 80 85924
49 81 30715
49 82 44866
49 83 3053
49 84 66685
49 85 68160
49 86 78526
49 87 48078
49 88 66917
49 89 72514
49 90 25105
49 91 80435
49 92 30847
49 93 14991
49 94 52031
49 95 5744
49 96 61458
49 97 55500
49 98 72478
49 99 54107
49 100 29028
49 101 35014
49 102 55939
49 103 81909
49 104 99491
49 105 20822
49 106 76425
49 107 89578
49 108 60479
49 109 18947
49 110 90896
49 111 14953
49 112 95645
49 113 9037
49 114 80261
49 115 60658
49 116 73319
49 117 42689
49 118 95919
49 119 59566
49 120 89100
49 121 75108
49 122 35522
49 123 102064
49 124 68968
49 125 31910
49 126 68827
49 127 52909
49 128 11876
49 129 70863
49 130 20288
49 131 69745
49 132 54187
49 133 73687
49 134 91188
49 135 32965
49 136 68112
49 137 58301
49 138 47447
49 139 66694
49 140 57245
49 141 30777
49 142 46758
49 143 52257
49 144 73676
49 145 15285
49 146 45037
49 147 92921
49 148 26070
49 149 101952
49 150 73943
49 151 75119
49 152 69772
49 153 86934
49 154 9011
49 155 34641
49 156 78657
49 157 94523
49 158 77728
49 159 60200
49 160 58166
49 161 108211
49 162 65008
49 163 84929
49 164 47559
49 165 65108
49 166 86978
49 167 65677
49 168 49572
49 169 80427
49 170 46467
49 171 56217
49 172 55850
49 173 56223
49 174 20359
49 175 79034
49 176 62746
49 177 72466
49 178 83843
49 179 94996
49 180 94763
49 181 84231
49 182 33750
49 183 66061
49 184 81037
49 185 79820
49 186 56588
49 187 6345
49 188 92291
49 189 18590
49 190 26511
49 191 57410
49 192 82736
49 193 96712
49 194 28846
49 195 55954
49 196 38778
49 197 66206
49 198 94189
49 199 47454
49 200 74119
49 201 43437
49 202 56704
49 203 29755
49 204 7437
49 205 40359
49 206 21117
49 207 71991
49 208 79807
49 209 36991
49 210 96468
49 211 72602
49 212 23695
49 213 13471
49 214 39127
49 215 90799
49 216 49323
49 217 64533
49 218 75007
49 219 54529
49 220 8775
49 221 86026
49 222 79447
49 223 39313
49 224 65353
49 225 74747
49 226 60633
49 227 88801
49 228 64739
49 229 44979
49 230 77159
49 231 62314
49 232 40058
49 233 70013
49 234 67400
49 235 22541
49 236 72734
49 237 97826
49 238 76963
49 239 5466
49 240 104850
49 241 94111
49 242 62427
49 243 63244
49 244 67636
49 245 27698
49 246 57355
49 247 71550
49 248 78253
49 249 55028
50 51 14200
50 52 71363
50 53 31463
50 54 37807
50 55 7015
50 56 38876
50 57 45301
50 58 44939
50 59 55105
50 60 65679
50 61 45025
50 62 27098
50 63 63927
50 64 33690
50 65 14177
50 66 57850
50 67 55282
50 68 61516
50 69 26216
50 70 16495
50 71 51683
50 72 72105
50 73 31475
50 74 64826
50 75 20142
50 76 73623
50 77 51314
50 78 24614
50 79 20187
50 80 61328
50 81 12558
50 82 27108
50 83 26041
50 84 44318
50 85 47389
50 86 54660
50 87 22169
50 88 40270
50 89 45876
50 90 31886
50 91 67252
50 92 12237
50 93 12778
50 94 25390
50 95 31575
50 96 54010
50 97 36641
50 98 46196
50 99 28625
50 100 16571
50 101 43381
50 102 38066
50 103 58437
50 104 73092
50 105 9773
50 106 69181
50 107 69480
50 108 43195
50 109 26454
50 110 68259
50 111 39691
50 112 71261
50 113 23513
50 114 53767
50 115 36671
50 116 62984
50 117 15963
50 118 69390
50 119 33566
50 120 64483
50 121 74082
50 122 40507
50 123 81146
50 124 42296
50 125 22804
50 126 47782
50 127 32895
50 128 27157
50 129 50265
50 130 16353
50 131 47369
50 132 30695
50 133 51694
50 134 72598
50 135 28259
50 136 61443
50 137 52572
50 138 21566
50 139 48004
50 140 31860
50 141 14332
50 142 41372
50 143 26004
50 144 56410
50 145 24017
50 146 49462
50 147 69280
50 148 16005
50 149 76184
50 150 54612
50 151 61267
50 152 50774
50 153 61560
50 154 33096
50 155 22474
50 156 64005
50 157 68798
50 158 66281
50 159 52925
50 160 31988
50 161 83864
50 162 38424
50 163 62942
50 164 23097
50 165 38482
50 166 62050
50 167 39157
50 168 29518
50 169 58293
50 170 26655
50 171 37836
50 172 29101
50 173 31376
50 174 18691
50 175 54183
50 176 37882
50 177 66242
50 178 57179
50 179 72967
50 180 68464
50 181 70153
50 182 24788
50 183 51070
50 184 54317
50 185 77073
50 186 53927
50 187 27303
50 188 74147
50 189 26609
50 190 6407
50 191 53290
50 192 56069
50 193 74028
50 194 37945
50 195 34990
50 196 12628
50 197 45032
50 198 68339
50 199 25140
50 200 60829
50 201 21078
50 202 31861
50 203 7137
50 204 22243
50 205 25847
50 206 15487
50 207 50092
50 208 57223
50 209 22921
50 210 74871
50 211 48083
50 212 24158
50 213 20660
50 214 19691
50 215 67274
50 216 27505
50 217 52170
50 218 52645
50 219 32955
50 220 31392
50 221 59708
50 222 64752
50 223 22780
50 224 39249
50 225 48169
50 226 39113
50 227 65693
50 228 38038
50 229 23758
50 230 59115
50 231 35625
50 232 23263
50 233 43387
50 234 63678
50 235 30521
50 236 72207
50 237 71722
50 238 54141
50 239 29981
50 240 81437
50 241 67927
50 242 37120
50 243 39291
50 244 54330
50 245 6378
50 246 43695
50 247 50556
50 248 69035
50 249 30516
51 52 59068
51 53 35712
51 54 32024
51 55 21162
51 56 29895
51 57 31252
51 58 55181
51 59 43527
51 60 52107
51 61 55327
51 62 26833
51 63 55099
51 64 41808
51 65 18254
51 66 50520
51 67 46704
51 68 51897
51 69 38164
51 70 11818
51 71 44264
51 72 58422
51 73 23459
51 74 58359
51 75 25310
51 76 67513
51 77 50948
51 78 22155
51 79 27933
51 80 68442
51 81 1759
51 82 14525
51 83 31690
51 84 35696
51 85 58323
51 86 47737
51 87 20727
51 88 43517
51 89 45580
51 90 23694
51 91 53810
51 92 26322
51 93 16727
51 94 30044
51 95 33954
51 96 39810
51 97 25034
51 98 50712
51 99 36305
51 100 4173
51 101 33652
51 102 25900
51 103 51001
51 104 70947
51 105 22362
51 106 54992
51 107 59050
51 108 30839
51 109 20836
51 110 59900
51 111 45790
51 112 64938
51 113 23858
51 114 52403
51 115 45671
51 116 48990
51 117 21632
51 118 67848
51 119 31272
51 120 58540
51 121 60227
51 122 29733
51 123 71345
51 124 45236
51 125 9591
51 126 58535
51 127 22055
51 128 36185
51 129 40070
51 130 11629
51 131 57227
51 132 23633
51 133 42700
51 134 61272
51 135 15638
51 136 47244
51 137 38442
51 138 29390
51 139 36489
51 140 39391
51 141 354
51 142 27467
51 143 25214
51 144 44259
51 145 20605
51 146 37617
51 147 62008
51 148 6331
51 149 72221
51 150 43569
51 151 47935
51 152 39481
51 153 56938
51 154 39369
51 155 36668
51 156 50937
51 157 64816
51 158 52474
51 159 38728
51 160 37796
51 161 77439
51 162 42176
51 163 53962
51 164 32871
51 165 41990
51 166 56622
51 167 43183
51 168 41779
51 169 67923
51 170 15543
51 171 25957
51 172 32138
51 173 39765
51 174 12966
51 175 48715
51 176 32781
51 177 52044
51 178 56694
51 179 64043
51 180 66028
51 181 56974
51 182 11240
51 183 37939
51 184 54429
51 185 63010
51 186 40122
51 187 34200
51 188 62597
51 189 21199
51 190 20585
51 191 39300
51 192 58449
51 193 65717
51 194 29417
51 195 24987
51 196 21780
51 197 35274
51 198 64650
51 199 36532
51 200 47348
51 201 32885
51 202 40213
51 203 7525
51 204 29711
51 205 39796
51 206 28337
51 207 60187
51 208 66534
51 209 8762
51 210 65582
51 211 42165
51 212 15654
51 213 19185
51 214 8131
51 215 59871
51 216 38992
51 217 38382
51 218 44010
51 219 23535
51 220 31764
51 221 63565
51 222 51705
51 223 36550
51 224 36963
51 225 51409
51 226 49983
51 227 74293
51 228 38663
51 229 14034
51 230 47381
51 231 38867
51 232 36957
51 233 46595
51 234 49616
51 235 23396
51 236 58442
51 237 68643
51 238 45983
51 239 31874
51 240 73881
51 241 65135
51 242 44353
51 243 48154
51 244 40773
51 245 7826
51 246 30050
51 247 40678
51 248 54958
51 249 39414
52 53 92139
52 54 42263
52 55 78051
52 56 35299
52 57 32751
52 58 92587
52 59 16784
52 60 15239
52 61 92884
52 62 56328
52 63 23888
52 64 78069
52 65 63850
52 66 31563
52 67 26824
52 68 20153
52 69 97063
52 70 67967
52 71 32409
52 72 50201
52 73 42293
52 74 35954
52 75 83376
52 76 40476
52 77 58064
52 78 53455
52 79 70823
52 80 91987
52 81 60143
52 82 44626
52 83 89405
52 84 32194
52 85 97166
52 86 33652
52 87 55664
52 88 66496
52 89 56950
52 90 67766
52 91 13080
52 92 81378
52 93 75370
52 94 65934
52 95 89053
52 96 34171
52 97 34736
52 98 73039
52 99 74247
52 100 59603
52 101 67129
52 102 33348
52 103 31042
52 104 59606
52 105 80802
52 106 30535
52 107 14310
52 108 28276
52 109 71023
52 110 26723
52 111 102802
52 112 38458
52 113 79256
52 114 55095
52 115 82563
52 116 23044
52 117 66056
52 118 60466
52 119 51243
52 120 38411
52 121 47954
52 122 62428
52 123 22822
52 124 66257
52 125 56037
52 126 96738
52 127 38645
52 128 95041
52 129 24079
52 130 67848
52 131 92895
52 132 44034
52 133 26823
52 134 8309
52 135 55911
52 136 33220
52 137 38578
52 138 71519
52 139 23627
52 140 75409
52 141 59144
52 142 45388
52 143 55599
52 144 14954
52 145 73601
52 146 59633
52 147 32859
52 148 62356
52 149 52536
52 150 18388
52 151 14740
52 152 21279
52 153 43817
52 154 96891
52 155 91627
52 156 10735
52 157 49041
52 158 18707
52 159 35092
52 160 70746
52 161 44003
52 162 67364
52 163 23170
52 164 76801
52 165 66667
52 166 40312
52 167 68441
52 168 88492
52 169 100194
52 170 44710
52 171 33528
52 172 63101
52 173 77596
52 174 67587
52 175 39450
52 176 43771
52 177 33546
52 178 59580
52 179 24550
52 180 56007
52 181 9264
52 182 54235
52 183 21939
52 184 60809
52 185 44042
52 186 44645
52 187 92363
52 188 7170
52 189 71480
52 190 77372
52 191 41730
52 192 70139
52 193 28545
52 194 69037
52 195 37243
52 196 70580
52 197 29112
52 198 50220
52 199 82490
52 200 16407
52 201 80917
52 202 77755
52 203 64405
52 204 88319
52 205 92558
52 206 86735
52 207 95852
52 208 98035
52 209 51356
52 210 22963
52 211 38515
52 212 64996
52 213 74530
52 214 51839
52 215 31704
52 216 84423
52 217 25074
52 218 27633
52 219 39584
52 220 85300
52 221 77848
52 222 10067
52 223 88932
52 224 50530
52 225 69583
52 226 90657
52 227 101485
52 228 58386
52 229 47766
52 230 12755
52 231 65044
52 232 88994
52 233 67504
52 234 40293
52 235 69723
52 236 48884
52 237 54565
52 238 28870
52 239 86882
52 240 36343
52 241 54159
52 242 77242
52 243 83762
52 244 21509
52 245 65829
52 246 30741
52 247 24731
52 248 24825
52 249 78585
53 54 67090
53 55 30531
53 56 65606
53 57 60420
53 58 70632
53 59 77947
53 60 82189
53 61 70611
53 62 58297
53 63 90754
53 64 62812
53 65 45609
53 66 86173
53 67 82406
53 68 87382
53 69 22277
53 70 24636
53 71 79908
53 72 74263
53 73 59043
53 74 93873
53 75 11357
53 76 102965
53 77 82728
53 78 55103
53 79 50686
53 80 89991
53 81 35478
53 82 49434
53 83 5834
53 84 71408
53 85 71633
53 86 83308
53 87 52892
53 88 71520
53 89 77275
53 90 27717
53 91 84303
53 92 34813
53 93 19817
53 94 56646
53 95 4567
53 96 64826
53 97 60051
53 98 76954
53 99 58455
53 100 33598
53 101 36630
53 102 60417
53 103 86669
53 104 104292
53 105 25009
53 106 79594
53 107 94092
53 108 64879
53 109 22117
53 110 95598
53 111 10695
53 112 100439
53 113 12887
53 114 85049
53 115 64714
53 116 76909
53 117 47351
53 118 100704
53 119 64382
53 120 93906
53 121 77384
53 122 37761
53 123 106623
53 124 73581
53 125 36146
53 126 72340
53 127 57548
53 128 12568
53 129 75466
53 130 24787
53 131 73472
53 132 58982
53 133 78374
53 134 95565
53 135 36731
53 136 71294
53 137 61496
53 138 51898
53 139 71170
53 140 61561
53 141 35484
53 142 50142
53 143 57057
53 144 77998
53 145 18815
53 146 46994
53 147 97680
53 148 30619
53 149 106778
53 150 78440
53 151 79095
53 152 74258
53 153 91759
53 154 5979
53 155 37651
53 156 82695
53 157 99349
53 158 81415
53 159 63565
53 160 62641
53 161 112999
53 162 69587
53 163 89595
53 164 51786
53 165 69702
53 166 91794
53 167 70233
53 168 53158
53 169 84052
53 170 51135
53 171 60730
53 172 60522
53 173 60450
53 174 24652
53 175 83850
53 176 67567
53 177 75537
53 178 88599
53 179 99651
53 180 99571
53 181 88176
53 182 37906
53 183 70217
53 184 85772
53 185 82312
53 186 59389
53 187 7114
53 188 96622
53 189 21712
53 190 30861
53 191 60403
53 192 87340
53 193 101411
53 194 30687
53 195 60632
53 196 43319
53 197 70861
53 198 99014
53 199 51383
53 200 78041
53 201 47434
53 202 60927
53 203 34580
53 204 10699
53 205 43428
53 206 24535
53 207 75624
53 208 83515
53 209 41446
53 210 101090
53 211 77411
53 212 27434
53 213 17635
53 214 43837
53 215 95554
53 216 53159
53 217 68435
53 218 79714
53 219 59245
53 220 9240
53 221 90497
53 222 83485
53 223 42687
53 224 70167
53 225 79316
53 226 64293
53 227 92568
53 228 69480
53 229 49720
53 230 81534
53 231 66940
53 232 43439
53 233 74604
53 234 70182
53 235 25175
53 236 74960
53 237 102645
53 238 81694
53 239 6111
53 240 109588
53 241 98926
53 242 66708
53 243 67279
53 244 71610
53 245 32524
53 246 61464
53 247 76177
53 248 81663
53 249 59206
54 55 42897
54 56 9126
54 57 34959
54 58 50418
54 59 26160
54 60 44343
54 61 50709
54 62 14672
54 63 27307
54 64 35807
54 65 25574
54 66 20191
54 67 18878
54 68 26240
54 69 63468
54 70 43840
54 71 14242
54 72 68760
54 73 9409
54 74 27050
54 75 56040
54 76 35982
54 77 23294
54 78 13766
54 79 29841
54 80 52800
54 81 31862
54 82 22552
54 83 62428
54 84 10072
54 85 54960
54 86 16900
54 87 16369
54 88 25432
54 89 19243
54 90 53199
54 91 44676
54 92 44147
54 93 47333
54 94 24040
54 95 65778
54 96 45461
54 97 17745
54 98 32863
54 99 32104
54 100 35289
54 101 60045
54 102 20072
54 103 20817
54 104 39763
54 105 47391
54 106 55827
54 107 35140
54 108 22383
54 109 52163
54 110 31028
54 111 76560
54 112 33540
54 113 55808
54 114 23025
54 115 40311
54 116 46392
54 117 26549
54 118 37245
54 119 8983
54 120 26867
54 121 68820
54 122 55051
54 123 45135
54 124 25760
54 125 36567
54 126 54565
54 127 15613
54 128 64887
54 129 18207
54 130 43652
54 131 50886
54 132 8505
54 133 16418
54 134 40169
54 135 41083
54 136 51279
54 137 47326
54 138 30251
54 139 21176
54 140 33150
54 141 32318
54 142 42753
54 143 14422
54 144 29357
54 145 52506
54 146 59193
54 147 31509
54 148 38110
54 149 40232
54 150 23965
54 151 39117
54 152 22071
54 153 24917
54 154 69963
54 155 53264
54 156 39682
54 157 32853
54 158 46883
54 159 45128
54 160 28490
54 161 46152
54 162 25844
54 163 26563
54 164 35429
54 165 25194
54 166 24708
54 167 27002
54 168 47007
54 169 58920
54 170 18990
54 171 18882
54 172 20876
54 173 35367
54 174 44859
54 175 16766
54 176 1867
54 177 55280
54 178 28065
54 179 36133
54 180 34760
54 181 45429
54 182 36305
54 183 30589
54 184 27002
54 185 68654
54 186 52591
54 187 64359
54 188 42226
54 189 52575
54 190 42226
54 191 50123
54 192 34375
54 193 36655
54 194 57861
54 195 12604
54 196 31790
54 197 13606
54 198 32764
54 199 41167
54 200 39816
54 201 40300
54 202 35512
54 203 32744
54 204 59422
54 205 52861
54 206 52563
54 207 53905
54 208 56856
54 209 30188
54 210 38388
54 211 10356
54 212 46174
54 213 51198
54 214 24446
54 215 29544
54 216 42868
54 217 36132
54 218 16593
54 219 11676
54 220 63782
54 221 41543
54 222 40169
54 223 49319
54 224 9906
54 225 30580
54 226 48405
54 227 61557
54 228 17157
54 229 18505
54 230 29821
54 231 23139
54 232 49215
54 233 27201
54 234 57274
54 235 53723
54 236 68098
54 237 36952
54 238 17282
54 239 63751
54 240 43681
54 241 33656
54 242 35123
54 243 41581
54 244 35621
54 245 34764
54 246 29991
54 247 17552
54 248 52584
54 249 36413
55 56 44896
55 57 52314
55 58 41699
55 59 61657
55 60 72653
55 61 41738
55 62 30722
55 63 69607
55 64 32366
55 65 17708
55 66 63082
55 67 60958
55 68 67468
55 69 20579
55 70 21449
55 71 57024
55 72 78629
55 73 37412
55 74 69671
55 75 19906
55 76 78250
55 77 53906
55 78 29257
55 79 20343
55 80 59798
55 81 19549
55 82 34022
55 83 24746
55 84 50147
55 85 43582
55 86 59791
55 87 26680
55 88 41488
55 89 48588
55 90 36613
55 91 74204
55 92 6085
55 93 15095
55 94 26828
55 95 31656
55 96 60948
55 97 43317
55 98 46518
55 99 27924
55 100 23240
55 101 48347
55 102 44841
55 103 63698
55 104 76096
55 105 5619
55 106 76154
55 107 75640
55 108 49980
55 109 30555
55 110 73748
55 111 37258
55 112 75989
55 113 25395
55 114 56743
55 115 34593
55 116 69999
55 117 18223
55 118 72174
55 119 37588
55 120 69136
55 121 80707
55 122 45943
55 123 87052
55 124 43589
55 125 29420
55 126 44102
55 127 39457
55 128 23573
55 129 56476
55 130 21347
55 131 44347
55 132 36404
55 133 57539
55 134 79014
55 135 34595
55 136 68375
55 137 59414
55 138 21475
55 139 54577
55 140 31035
55 141 21276
55 142 48088
55 143 29925
55 144 63099
55 145 27488
55 146 55209
55 147 74377
55 148 22273
55 149 79928
55 150 61025
55 151 68203
55 152 57275
55 153 65743
55 154 30884
55 155 15641
55 156 70887
55 157 72631
55 158 73285
55 159 59851
55 160 32229
55 161 88533
55 162 39460
55 163 68679
55 164 21340
55 165 39645
55 166 66539
55 167 40014
55 168 25085
55 169 55221
55 170 33366
55 171 44557
55 172 31066
55 173 30000
55 174 23627
55 175 58801
55 176 42743
55 177 73170
55 178 59692
55 179 78619
55 180 71652
55 181 77052
55 182 31465
55 183 57983
55 184 56620
55 185 83844
55 186 60556
55 187 25116
55 188 80625
55 189 30619
55 190 690
55 191 60030
55 192 57241
55 193 79460
55 194 42575
55 195 41336
55 196 13366
55 197 51175
55 198 72057
55 199 21780
55 200 67792
55 201 17645
55 202 30481
55 203 14132
55 204 20202
55 205 19525
55 206 9690
55 207 46843
55 208 54382
55 209 29907
55 210 80635
55 211 52971
55 212 29414
55 213 23753
55 214 26593
55 215 72435
55 216 23904
55 217 59176
55 218 58368
55 219 39202
55 220 32509
55 221 60040
55 222 71629
55 223 16807
55 224 43026
55 225 49108
55 226 35557
55 227 63184
55 228 40627
55 229 30307
55 230 65691
55 231 37067
55 232 17391
55 233 44502
55 234 70456
55 235 34920
55 236 78779
55 237 75144
55 238 59694
55 239 30437
55 240 86550
55 241 71274
55 242 36202
55 243 37204
55 244 61308
55 245 13341
55 246 50690
55 247 56675
55 248 76047
55 249 28832
56 57 26147
56 58 58436
56 59 18594
56 60 35660
56 61 58713
56 62 21242
56 63 25327
56 64 43543
56 65 29040
56 66 20895
56 67 16826
56 68 22640
56 69 65084
56 70 41323
56 71 14770
56 72 59811
56 73 7500
56 74 29097
56 75 55069
56 76 38297
56 77 31941
56 78 18169
56 79 35524
56 80 61873
56 81 30240
56 82 17310
56 83 61484
56 84 5809
56 85 62874
56 86 18489
56 87 20447
56 88 34364
56 89 28233
56 90 48347
56 91 36174
56 92 47281
56 93 46358
56 94 30838
56 95 63710
56 96 36495
56 97 9432
56 98 41904
56 99 39307
56 100 32343
56 101 53839
56 102 11468
56 103 21311
56 104 46082
56 105 48648
56 106 46720
56 107 30769
56 108 13267
56 109 48389
56 110 30023
56 111 75631
56 112 35629
56 113 53528
56 114 31127
56 115 48131
56 116 37337
56 117 30945
56 118 44162
56 119 17295
56 120 29700
56 121 59781
56 122 48717
56 123 42273
56 124 34801
56 125 32099
56 126 62558
56 127 8951
56 128 65136
56 129 11788
56 130 41149
56 131 59126
56 132 8878
56 133 12934
56 134 34633
56 135 35651
56 136 42182
56 137 38561
56 138 36225
56 139 12625
56 140 40791
56 141 30122
56 142 35001
56 143 20376
56 144 21325
56 145 49390
56 146 51843
56 147 32254
56 148 35325
56 149 44877
56 150 17028
56 151 30432
56 152 14173
56 153 29660
56 154 69151
56 155 57150
56 156 31368
56 157 37822
56 158 38029
56 159 36217
56 160 36377
56 161 47908
56 162 34614
56 163 24252
56 164 41508
56 165 33992
56 166 28388
56 167 35794
56 168 53198
56 169 67576
56 170 14658
56 171 10287
56 172 28456
56 173 42807
56 174 41926
56 175 21055
56 176 10993
56 177 46157
56 178 36279
56 179 34345
56 180 41104
56 181 37332
56 182 31357
56 183 21538
56 184 35594
56 185 59536
56 186 44049
56 187 63813
56 188 36458
56 189 48830
56 190 44206
56 191 41471
56 192 43350
56 193 35843
56 194 52410
56 195 5419
56 196 35724
56 197 6418
56 198 38045
56 199 47192
56 200 31005
56 201 45674
56 202 43013
56 203 32698
56 204 59097
56 205 57590
56 206 54271
56 207 62191
56 208 65554
56 209 25685
56 210 36091
56 211 14742
56 212 42119
56 213 48725
56 214 21771
56 215 30090
56 216 49139
56 217 27007
56 218 14132
56 219 6362
56 220 61141
56 221 50607
56 222 31919
56 223 53973
56 224 19031
56 225 39704
56 226 55888
56 227 70529
56 228 26143
56 229 15952
56 230 22555
56 231 31715
56 232 53984
56 233 36258
56 234 48270
56 235 49249
56 236 59115
56 237 42602
56 238 16107
56 239 61591
56 240 44009
56 241 39752
56 242 43328
56 243 49626
56 244 26552
56 245 34538
56 246 21086
56 247 11813
56 248 43576
56 249 43660
57 58 79399
57 59 22896
57 60 21831
57 61 79627
57 62 42634
57 63 40814
57 64 64469
57 65 43362
57 66 41723
57 67 35477
57 68 35916
57 69 68722
57 70 37324
57 71 37248
57 72 33868
57 73 27747
57 74 49965
57 75 52759
57 76 58383
57 77 58082
57 78 37615
57 79 52824
57 80 86524
57 81 32791
57 82 19753
57 83 58359
57 84 29160
57 85 83387
57 86 40883
57 87 38584
57 88 58791
57 89 54200
57 90 35055
57 91 23893
57 92 57080
57 93 45628
57 94 50970
57 95 57006
57 96 10767
57 97 17315
57 98 66600
57 99 59331
57 100 30236
57 101 34991
57 102 14904
57 103 41775
57 104 70719
57 105 53510
57 106 24364
57 107 39001
57 108 13655
57 109 38717
57 110 46006
57 111 71112
57 112 55680
57 113 47600
57 114 57203
57 115 69003
57 116 17751
57 117 46567
57 118 69392
57 119 41562
57 120 51464
57 121 34201
57 122 30060
57 123 51610
57 124 59621
57 125 25232
57 126 83307
57 127 20533
57 128 64985
57 129 26148
57 130 37243
57 131 80709
57 132 29860
57 133 31651
57 134 37988
57 135 23707
57 136 17595
57 137 12416
57 138 54015
57 139 19236
57 140 61673
57 141 31187
57 142 12995
57 143 41141
57 144 20968
57 145 41631
57 146 29209
57 147 50753
57 148 32475
57 149 67663
57 150 25064
57 151 18781
57 152 21635
57 153 53476
57 154 65556
57 155 67582
57 156 22563
57 157 61347
57 158 21528
57 159 10252
57 160 58128
57 161 66182
57 162 58554
57 163 39479
57 164 58859
57 165 58033
57 166 51258
57 167 59754
57 168 69714
57 169 90309
57 170 22443
57 171 16086
57 172 50306
57 173 63085
57 174 36482
57 175 45304
57 176 36786
57 177 22231
57 178 62369
57 179 47804
57 180 65891
57 181 27782
57 182 23168
57 183 11716
57 184 61741
57 185 34950
57 186 18155
57 187 61554
57 188 38422
57 189 39164
57 190 51707
57 191 15416
57 192 69330
57 193 50974
57 194 36368
57 195 22614
57 196 49386
57 197 25406
57 198 61892
57 199 63830
57 200 17635
57 201 60967
57 202 63419
57 203 38244
57 204 58051
57 205 70110
57 206 59443
57 207 83827
57 208 88478
57 209 22508
57 210 48050
57 211 39882
57 212 32990
57 213 43095
57 214 26585
57 215 48664
57 216 66182
57 217 8026
57 218 33562
57 219 24297
57 220 53014
57 221 76411
57 222 23344
57 223 66652
57 224 44693
57 225 65039
57 226 75499
57 227 94521
57 228 50989
57 229 25972
57 230 25005
57 231 55295
57 232 66943
57 233 61123
57 234 22579
57 235 37082
57 236 33279
57 237 66650
57 238 36247
57 239 54865
57 240 60098
57 241 64347
57 242 65418
57 243 71010
57 244 11366
57 245 39003
57 246 5155
57 247 27584
57 248 23734
57 249 63428
58 59 76555
58 60 93964
58 61 333
58 62 37540
58 63 74072
58 64 15040
58 65 37465
58 66 65128
58 67 67166
58 68 74846
58 69 52082
58 70 61382
58 71 61473
58 72 111667
58 73 53083
58 74 67242
58 75 61137
58 76 72541
58 77 40815
58 78 42019
58 79 27475
58 80 21794
58 81 53518
58 82 60112
58 83 64851
58 84 60471
58 85 4682
58 86 61868
58 87 40827
58 88 27166
58 89 38609
58 90 76712
58 91 94589
58 92 36263
58 93 56652
58 94 28484
58 95 72629
58 96 89972
58 97 63633
58 98 23492
58 99 20074
58 100 59028
58 101 87961
58 102 66071
58 103 65839
58 104 59509
58 105 46461
58 106 103200
58 107 83792
58 108 70258
58 109 71386
58 110 75789
58 111 74532
58 112 71448
58 113 67095
58 114 44978
58 115 10439
58 116 94612
58 117 33991
58 118 54959
58 119 41456
58 120 65366
58 121 112809
58 122 84594
58 123 91088
58 124 28178
58 125 64744
58 126 4151
58 127 59606
58 128 60305
58 129 68607
58 130 61232
58 131 2976
58 132 50946
58 133 66021
58 134 89675
58 135 70817
58 136 96993
58 137 90164
58 138 26082
58 139 71061
58 140 17849
58 141 55486
58 142 81038
58 143 38776
58 144 79631
58 145 68766
58 146 92796
58 147 73026
58 148 59683
58 149 67580
58 150 74374
58 151 88759
58 152 72359
58 153 59338
58 154 69187
58 155 34083
58 156 89799
58 157 62237
58 158 96062
58 159 89211
58 160 22059
58 161 81623
58 162 25757
58 163 73832
58 164 22349
58 165 26477
58 166 62131
58 167 24854
58 168 17530
58 169 13530
58 170 57011
58 171 65123
58 172 30014
58 173 16317
58 174 63559
58 175 57339
58 176 48839
58 177 101580
58 178 44014
58 179 81328
58 180 57141
58 181 95706
58 182 66206
58 183 79237
58 184 40694
58 185 114277
58 186 93484
58 187 64078
58 188 91866
58 189 71530
58 190 41663
58 191 91957
58 192 34250
58 193 80088
58 194 82776
58 195 58834
58 196 33542
58 197 63941
58 198 60997
58 199 19964
58 200 89182
58 201 24112
58 202 15980
58 203 48431
58 204 59940
58 205 28583
58 206 46117
58 207 5160
58 208 12886
58 209 61637
58 210 84105
58 211 55254
58 212 68767
58 213 65187
58 214 54763
58 215 71960
58 216 17799
58 217 83476
58 218 65590
58 219 56568
58 220 74031
58 221 31305
58 222 90338
58 223 28256
58 224 42321
58 225 28260
58 226 6351
58 227 22001
58 228 34575
58 229 53575
58 230 80238
58 231 27630
58 232 27505
58 233 27441
58 234 101386
58 235 75445
58 236 111418
58 237 61471
58 238 65163
58 239 71688
58 240 83457
58 241 57892
58 242 15355
58 243 8837
58 244 83998
58 245 49412
58 246 75550
58 247 67865
58 248 101018
58 249 16122
59 60 19511
59 61 76843
59 62 39770
59 63 18312
59 64 61827
59 65 47086
59 66 21567
59 67 15241
59 68 13258
59 69 81077
59 70 53377
59 71 19450
59 72 50932
59 73 25509
59 74 28897
59 75 68478
59 76 36476
59 77 44863
59 78 36708
59 79 54085
59 80 77761
59 81 44428
59 82 29013
59 83 74699
59 84 16205
59 85 81072
59 86 22114
59 87 38890
59 88 51200
59 89 42743
59 90 55719
59 91 19252
59 92 64766
59 93 60151
59 94 49381
59 95 75252
59 96 29398
59 97 18584
59 98 58213
59 99 57790
59 100 44619
59 101 57516
59 102 17668
59 103 21366
59 104 51712
59 105 64691
59 106 33825
59 107 16632
59 108 13082
59 109 57878
59 110 23363
59 111 88475
59 112 33866
59 113 65181
59 114 42592
59 115 66376
59 116 24047
59 117 49273
59 118 51389
59 119 35099
59 120 30843
59 121 49815
59 122 52447
59 123 29426
59 124 51221
59 125 41954
59 126 80699
59 127 22214
59 128 79710
59 129 8273
59 130 53238
59 131 77046
59 132 27263
59 133 12965
59 134 17751
59 135 43074
59 136 32230
59 137 33128
59 138 54811
59 139 7108
59 140 59117
59 141 43645
59 142 35684
59 143 38960
59 144 3774
59 145 59954
59 146 52090
59 147 28570
59 148 47514
59 149 46919
59 150 3061
59 151 14642
59 152 4497
59 153 34451
59 154 82314
59 155 74946
59 156 14000
59 157 41500
59 158 22733
59 159 29786
59 160 54559
59 161 43551
59 162 51833
59 163 17006
59 164 60094
59 165 51159
59 166 31506
59 167 52961
59 168 71781
59 169 84900
59 170 28530
59 171 17573
59 172 46766
59 173 61223
59 174 53310
59 175 27723
59 176 27812
59 177 34844
59 178 47539
59 179 24908
59 180 47305
59 181 19367
59 182 40415
59 183 11569
59 184 48058
59 185 47837
59 186 39534
59 187 77468
59 188 19106
59 189 58341
59 190 60973
59 191 36511
59 192 57018
59 193 28117
59 194 58123
59 195 20533
59 196 53816
59 197 12627
59 198 42339
59 199 65766
59 200 15943
59 201 64142
59 202 61406
59 203 48286
59 204 73165
59 205 75789
59 206 70565
59 207 80061
59 208 82796
59 209 36534
59 210 25249
59 211 24666
59 212 51596
59 213 60348
59 214 35893
59 215 26614
59 216 67730
59 217 17947
59 218 14532
59 219 22845
59 220 71879
59 221 64684
59 222 14358
59 223 72163
59 224 35166
59 225 55215
59 226 74308
59 227 86947
59 228 42940
59 229 31364
59 230 4065
59 231 49263
59 232 72219
59 233 52567
59 234 39446
59 235 57337
59 236 49892
59 237 47087
59 238 16810
59 239 73072
59 240 37239
59 241 45562
59 242 61281
59 243 67718
59 244 15174
59 245 49833
59 246 18850
59 247 9424
59 248 29271
59 249 62140
60 61 94233
60 62 56474
60 63 34898
60 64 78980
60 65 61027
60 66 40398
60 67 34359
60 68 30080
60 69 90100
60 70 59096
60 71 38933
60 72 35175
60 73 41052
60 74 46757
60 75 74562
60 76 52955
60 77 64329
60 78 52452
60 79 69440
60 80 96824
60 81 53486
60 82 38704
60 83 80190
60 84 34958
60 85 98331
60 86 41402
60 87 54189
60 88 69763
60 89 61997
60 90 56149
60 91 2408
60 92 76869
60 93 67262
60 94 65871
60 95 78683
60 96 19916
60 97 31080
60 98 77057
60 99 74445
60 100 51643
60 101 53840
60 102 28908
60 103 40076
60 104 70281
60 105 74460
60 106 15864
60 107 27679
60 108 24088
60 109 60331
60 110 38990
60 111 92872
60 112 50612
60 113 69400
60 114 62103
60 115 83589
60 116 7848
60 117 63802
60 118 70357
60 119 52940
60 120 48984
60 121 33164
60 122 49471
60 123 37913
60 124 69985
60 125 46973
60 126 98062
60 127 35314
60 128 86736
60 129 27591
60 130 59009
60 131 94746
60 132 43135
60 133 32467
60 134 23138
60 135 45459
60 136 18019
60 137 24317
60 138 70398
60 139 23168
60 140 76194
60 141 52097
60 142 32977
60 143 55354
60 144 15765
60 145 63379
60 146 45504
60 147 44984
60 148 54058
60 149 64441
60 150 22495
60 151 5231
60 152 22642
60 153 53343
60 154 87374
60 155 87381
60 156 6142
60 157 59821
60 158 3719
60 159 20996
60 160 71928
60 161 57934
60 162 70170
60 163 33814
60 164 75588
60 165 69528
60 166 50157
60 167 71336
60 168 87067
60 169 103207
60 170 40068
60 171 29604
60 172 63951
60 173 78067
60 174 58304
60 175 47119
60 176 46134
60 177 18423
60 178 67043
60 179 38169
60 180 66123
60 181 6879
60 182 44943
60 183 15140
60 184 67557
60 185 29885
60 186 30017
60 187 83379
60 188 22368
60 189 60770
60 190 72009
60 191 27235
60 192 76465
60 193 42080
60 194 56521
60 195 35333
60 196 67575
60 197 30919
60 198 60807
60 199 81027
60 200 4950
60 201 78766
60 202 78312
60 203 58542
60 204 79821
60 205 89231
60 206 80440
60 207 97823
60 208 101166
60 209 43583
60 210 37118
60 211 44139
60 212 54758
60 213 64922
60 214 46116
60 215 43400
60 216 83205
60 217 13933
60 218 33974
60 219 37690
60 220 74578
60 221 84106
60 222 6272
60 223 85656
60 224 53900
60 225 74321
60 226 91064
60 227 105814
60 228 61477
60 229 43574
60 230 17540
60 231 67351
60 232 85844
60 233 71385
60 234 25054
60 235 58345
60 236 33900
60 237 65450
60 238 36104
60 239 76560
60 240 50543
60 241 64328
60 242 78959
60 243 85190
60 244 11352
60 245 59597
60 246 22057
60 247 28863
60 248 10448
60 249 78769
61 62 37802
61 63 74391
61 64 15294
61 65 37640
61 66 65449
61 67 67477
61 68 75159
61 69 51994
61 70 61476
61 71 61786
61 72 111868
61 73 53341
61 74 67571
61 75 61147
61 76 72873
61 77 41148
61 78 42264
61 79 27649
61 80 21986
61 81 53662
61 82 60325
61 83 64834
61 84 60764
61 85 4361
61 86 62188
61 87 41059
61 88 27490
61 89 38937
61 90 76812
61 91 94863
61 92 36279
61 93 56704
61 94 28724
61 95 72627
61 96 90194
61 97 63885
61 98 23824
61 99 20298
61 100 59167
61 101 88074
61 102 66321
61 103 66160
61 104 59834
61 105 46477
61 106 103442
61 107 84106
61 108 70517
61 109 71467
61 110 76114
61 111 74465
61 112 71780
61 113 67133
61 114 45310
61 115 10688
61 116 94864
61 117 34167
61 118 55285
61 119 41745
61 120 65697
61 121 113018
61 122 84721
61 123 91413
61 124 28507
61 125 64895
61 126 3856
61 127 59853
61 128 60247
61 129 68900
61 130 61325
61 131 3115
61 132 51206
61 133 66325
61 134 89984
61 135 70965
61 136 97221
61 137 90373
61 138 26262
61 139 71338
61 140 18102
61 141 55632
61 142 81224
61 143 39031
61 144 79914
61 145 68834
61 146 92941
61 147 73355
61 148 59806
61 149 67910
61 150 74667
61 151 89029
61 152 72643
61 153 59669
61 154 69138
61 155 34002
61 156 90077
61 157 62570
61 158 96325
61 159 89430
61 160 22337
61 161 81956
61 162 26076
61 163 74150
61 164 22483
61 165 26796
61 166 62461
61 167 25175
61 168 17488
61 169 13510
61 170 57233
61 171 65375
61 172 30286
61 173 16542
61 174 63654
61 175 57663
61 176 49133
61 177 101812
61 178 44346
61 179 81653
61 180 57470
61 181 95988
61 182 66364
61 183 79498
61 184 41026
61 185 114500
61 186 93678
61 187 64043
61 188 92174
61 189 71609
61 190 41707
61 191 92158
61 192 34573
61 193 80416
61 194 82876
61 195 59093
61 196 33672
61 197 64228
61 198 61329
61 199 20020
61 200 89449
61 201 24167
61 202 16210
61 203 48558
61 204 59921
61 205 28484
61 206 46090
61 207 5105
61 208 12921
61 209 61813
61 210 84429
61 211 55569
61 212 68875
61 213 65247
61 214 54952
61 215 72288
61 216 17835
61 217 83723
61 218 65898
61 219 56824
61 220 74049
61 221 31604
61 222 90618
61 223 28198
61 224 42629
61 225 28592
61 226 6318
61 227 22055
61 228 34888
61 229 53793
61 230 80529
61 231 27937
61 232 27446
61 233 27771
61 234 101600
61 235 75535
61 236 111622
61 237 61801
61 238 65475
61 239 71694
61 240 83789
61 241 58222
61 242 15658
61 243 9128
61 244 84255
61 245 49528
61 246 75789
61 247 68161
61 248 101271
61 249 16320
62 63 41746
62 64 22519
62 65 13103
62 66 33975
62 67 33475
62 68 40906
62 69 51070
62 70 37803
62 71 28493
62 72 75972
62 73 15553
62 74 39608
62 75 46944
62 76 47834
62 77 24623
62 78 5394
62 79 15204
62 80 44475
62 81 25893
62 82 24674
62 83 53051
62 84 24365
62 85 41862
62 86 30522
62 87 6109
62 88 17402
62 89 19159
62 90 50407
62 91 57179
62 92 30790
62 93 38706
62 94 9612
62 95 57855
62 96 53379
62 97 26197
62 98 25116
62 99 18072
62 100 30903
62 101 59510
62 102 28669
62 103 34654
62 104 46022
62 105 35853
62 106 65903
62 107 49812
62 108 32724
62 109 47554
62 110 45098
62 111 66789
62 112 45702
62 113 48611
62 114 26753
62 115 27131
62 116 57129
62 117 12851
62 118 42410
62 119 7036
62 120 38810
62 121 76683
62 122 55023
62 123 59607
62 124 18848
62 125 34564
62 126 41614
62 127 22306
62 128 53939
62 129 32317
62 130 37608
62 131 38499
62 132 13409
62 133 31076
62 134 54737
62 135 40291
62 136 60103
62 137 54173
62 138 15579
62 139 33792
62 140 19725
62 141 27185
62 142 46699
62 143 1711
62 144 42565
62 145 46794
62 146 61260
62 147 44710
62 148 33091
62 149 49253
62 150 37942
62 151 51287
62 152 35396
62 153 35063
62 154 60194
62 155 39182
62 156 52515
62 157 41925
62 158 58524
62 159 52750
62 160 15651
62 161 58117
62 162 16566
62 163 41083
62 164 20768
62 165 16186
62 166 36055
62 167 17724
62 168 32387
62 169 47728
62 170 21029
62 171 27673
62 172 7698
62 173 21620
62 174 39397
62 175 28540
62 176 13717
62 177 64554
62 178 30484
62 179 50387
62 180 41367
62 181 58540
62 182 35178
62 183 41697
62 184 27912
62 185 77556
62 186 58361
62 187 54401
62 188 56751
62 189 47892
62 190 30105
62 191 56402
62 192 31658
62 193 50524
62 194 55928
62 195 21300
62 196 18197
62 197 27222
62 198 41385
62 199 26508
62 200 51664
62 201 25677
62 202 21850
62 203 24196
62 204 49340
62 205 38370
62 206 40332
62 207 41608
62 208 45863
62 209 29249
62 210 52767
62 211 23348
62 212 42467
62 213 44550
62 214 21919
62 215 42938
62 216 28261
62 217 46073
62 218 31254
62 219 19061
62 220 56784
62 221 37159
62 222 53091
62 223 34878
62 224 12305
62 225 24970
62 226 34678
62 227 52001
62 228 11846
62 229 18170
62 230 43656
62 231 13155
62 232 34730
62 233 20299
62 234 65090
62 235 50223
62 236 75548
62 237 44646
62 238 31784
62 239 56033
62 240 56779
62 241 40835
62 242 22894
62 243 28839
62 244 46473
62 245 26205
62 246 38412
62 247 31871
62 248 63523
62 249 22424
63 64 60686
63 65 52719
63 66 9034
63 67 8652
63 68 5092
63 69 90039
63 70 66270
63 71 13281
63 72 68698
63 73 32501
63 74 12127
63 75 80354
63 76 18336
63 77 35941
63 78 40963
63 79 56937
63 80 70150
63 81 55527
63 82 41580
63 83 86760
63 84 19657
63 85 78752
63 86 12204
63 87 43545
63 88 46972
63 89 36061
63 90 71376
63 91 33698
63 92 71310
63 93 71661
63 94 50628
63 95 88659
63 96 47694
63 97 31300
63 98 52412
63 99 57981
63 100 57251
63 101 74617
63 102 31685
63 103 8346
63 104 35852
63 105 73686
63 106 50511
63 107 10619
63 108 28778
63 109 72474
63 110 5251
63 111 100885
63 112 15838
63 113 78454
63 114 32473
63 115 64828
63 116 41091
63 117 53851
63 118 36580
63 119 35154
63 120 14544
63 121 67280
63 122 69466
63 123 17861
63 124 46235
63 125 56081
63 126 78158
63 127 33253
63 128 90438
63 129 15901
63 130 66104
63 131 73849
63 132 33250
63 133 12410
63 134 17493
63 135 58477
63 136 50094
63 137 51437
63 138 57214
63 139 22081
63 140 58326
63 141 55308
63 142 53216
63 143 41677
63 144 21372
63 145 73925
63 146 69976
63 147 10339
63 148 60247
63 149 29543
63 150 15786
63 151 31099
63 152 19293
63 153 20025
63 154 94434
63 155 80567
63 156 28756
63 157 25283
63 158 38559
63 159 48097
63 160 53448
63 161 25369
63 162 48316
63 163 1336
63 164 62251
63 165 47596
63 166 16473
63 167 49228
63 168 73586
63 169 79794
63 170 39619
63 171 31010
63 172 46815
63 173 60786
63 174 66674
63 175 17203
63 176 28039
63 177 52210
63 178 36503
63 179 9044
63 180 32129
63 181 31648
63 182 54939
63 183 29849
63 184 38195
63 185 64641
63 186 57837
63 187 89130
63 188 19794
63 189 72930
63 190 68923
63 191 54818
63 192 47597
63 193 10807
63 194 74519
63 195 30124
63 196 59065
63 197 19930
63 198 26407
63 199 67941
63 200 32746
63 201 67411
63 202 60827
63 203 57968
63 204 84424
63 205 80100
63 206 79157
63 207 76597
63 208 77567
63 209 49931
63 210 11090
63 211 19088
63 212 66117
63 213 73610
63 214 46971
63 215 8549
63 216 69439
63 217 36253
63 218 11285
63 219 31629
63 220 85826
63 221 55204
63 222 28686
63 223 76581
63 224 32242
63 225 48388
63 226 73334
63 227 79907
63 228 39637
63 229 41261
63 230 17984
63 231 46738
63 232 76456
63 233 47257
63 234 57405
63 235 72672
63 236 67582
63 237 30871
63 238 10029
63 239 86512
63 240 19676
63 241 30283
63 242 58933
63 243 65504
63 244 33363
63 245 59836
63 246 36296
63 247 14874
63 248 45327
63 249 62083
64 65 23606
64 66 51942
64 67 53294
64 68 60983
64 69 47707
64 70 49511
64 71 47710
64 72 97039
64 73 38050
64 74 55150
64 75 52251
64 76 61519
64 77 30534
64 78 26994
64 79 13996
64 80 27649
64 81 40249
64 82 45363
64 83 56991
64 84 45879
64 85 19352
64 86 48557
64 87 25888
64 88 15477
64 89 26928
64 90 64474
64 91 79645
64 92 28242
64 93 46269
64 94 13500
64 95 64010
64 96 75091
64 97 48594
64 98 16241
64 99 5516
64 100 45845
64 101 75263
64 102 51034
64 103 52658
64 104 51846
64 105 37809
64 106 88183
64 107 69985
64 108 55225
64 109 59763
64 110 62928
64 111 68558
64 112 60060
64 113 57019
64 114 34544
64 115 4612
64 116 79571
64 117 20181
64 118 47365
64 119 26827
64 120 53552
64 121 98069
64 122 71528
64 123 78147
64 124 17223
64 125 51202
64 126 19095
64 127 44575
64 128 54265
64 129 54008
64 130 49341
64 131 16251
64 132 35918
64 133 51786
64 134 75590
64 135 57300
64 136 82054
64 137 75422
64 138 12525
64 139 56162
64 140 2811
64 141 42136
64 142 66663
64 143 23737
64 144 64813
64 145 57636
64 146 79248
64 147 60857
64 148 46915
64 149 58558
64 150 59754
64 151 73784
64 152 57566
64 153 48007
64 154 62546
64 155 30600
64 156 74908
64 157 52315
64 158 81042
64 159 74359
64 160 7347
64 161 71214
64 162 13452
64 163 60316
64 164 11031
64 165 14101
64 166 50358
64 167 13034
64 168 15759
64 169 26373
64 170 42150
64 171 50083
64 172 15089
64 173 2366
64 174 51599
64 175 44598
64 176 34324
64 177 86615
64 178 35089
64 179 68462
64 180 48517
64 181 80865
64 182 52484
64 183 64211
64 184 31606
64 185 99389
64 186 78965
64 187 56963
64 188 77732
64 189 59970
64 190 32114
64 191 77325
64 192 28261
64 193 67645
64 194 70483
64 195 43802
64 196 21214
64 197 49200
64 198 51253
64 199 12899
64 200 74181
64 201 15978
64 202 1886
64 203 35705
64 204 52277
64 205 26640
64 206 39282
64 207 19365
64 208 24828
64 209 47518
64 210 71143
64 211 41624
64 212 56352
64 213 54349
64 214 40418
64 215 59549
64 216 12513
64 217 68441
64 218 51519
64 219 41530
64 220 64603
64 221 28912
64 222 75462
64 223 24459
64 224 28474
64 225 20317
64 226 12697
64 227 32519
64 228 21164
64 229 38773
64 230 65585
64 231 14064
64 232 23869
64 233 17194
64 234 86589
64 235 63502
64 236 96743
64 237 52711
64 238 51351
64 239 62730
64 240 72011
64 241 48862
64 242 4182
64 243 6588
64 244 68961
64 245 37021
64 246 60550
64 247 53348
64 248 85977
64 249 3754
65 66 45729
65 67 44133
65 68 51055
65 69 38209
65 70 27175
65 71 39811
65 72 74448
65 73 21666
65 74 52060
65 75 34263
65 76 60565
65 77 37138
65 78 11808
65 79 9992
65 80 50273
65 81 16757
65 82 23613
65 83 40218
65 84 33731
65 85 40958
65 86 42373
65 87 9205
65 88 26687
65 89 31699
65 90 41443
65 91 62189
65 92 18593
65 93 26391
65 94 12182
65 95 45506
65 96 53519
65 97 30045
65 98 33264
65 99 18091
65 100 22350
65 101 51859
65 102 32125
65 103 46368
65 104 58965
65 105 22754
65 106 67686
65 107 59601
65 108 37073
65 109 37401
65 110 56597
65 111 53800
65 112 58329
65 113 36781
65 114 39619
65 115 27613
65 116 60000
65 117 3477
65 118 55225
65 119 19886
65 120 51464
65 121 75784
65 122 47985
65 123 70422
65 124 28627
65 125 27596
65 126 41051
65 127 25824
65 128 40837
65 129 40828
65 130 26990
65 131 39319
65 132 20176
65 133 41035
65 134 63672
65 135 33694
65 136 60792
65 137 53234
65 138 11389
65 139 40279
65 140 21145
65 141 18589
65 142 43634
65 143 12222
65 144 49167
65 145 35921
65 146 55649
65 147 56886
65 148 23695
65 149 62354
65 150 45925
65 151 56110
65 152 42591
65 153 48043
65 154 47225
65 155 28131
65 156 58146
65 157 55018
65 158 62389
65 159 52641
65 160 19714
65 161 70851
65 162 25023
65 163 51883
65 164 15669
65 165 24978
65 166 48839
65 167 25893
65 168 26379
65 169 49865
65 170 21225
65 171 31488
65 172 15249
65 173 21634
65 174 29086
65 175 41131
65 176 25242
65 177 65522
65 178 43003
65 179 61642
65 180 54380
65 181 64360
65 182 28900
65 183 45892
65 184 40165
65 185 77701
65 186 56170
65 187 41415
65 188 65477
65 189 37672
65 190 17073
65 191 54794
65 192 42338
65 193 62227
65 194 47354
65 195 26640
65 196 6731
65 197 35458
65 198 54488
65 199 20468
65 200 56078
65 201 17784
65 202 22068
65 203 12933
65 204 36351
65 205 28710
65 206 27377
65 207 42345
65 208 48403
65 209 24173
65 210 63806
65 211 35424
65 212 33280
65 213 33167
65 214 17452
65 215 54993
65 216 22826
65 217 48724
65 218 41643
65 219 24276
65 220 44887
65 221 46556
65 222 58823
65 223 25085
65 224 25392
65 225 34670
65 226 32748
65 227 56050
65 228 23871
65 229 17635
65 230 51144
65 231 21973
65 232 25161
65 233 29827
65 234 64546
65 235 40742
65 236 74271
65 237 57726
65 238 42708
65 239 43800
65 240 69047
65 241 53897
65 242 26106
65 243 30035
65 244 50051
65 245 14668
65 246 40279
65 247 40778
65 248 66368
65 249 21435
66 67 6424
66 68 11417
66 69 83647
66 70 62111
66 71 6268
66 72 72345
66 73 27138
66 74 8459
66 75 75397
66 76 17532
66 77 27044
66 78 33930
66 79 49026
66 80 61260
66 81 50696
66 82 38147
66 83 81818
66 84 15178
66 85 69809
66 86 3474
66 87 36533
66 88 37994
66 89 27027
66 90 68995
66 91 39612
66 92 64259
66 93 66653
66 94 42440
66 95 84453
66 96 50098
66 97 28854
66 98 43379
66 99 49472
66 100 53173
66 101 73603
66 102 29929
66 103 717
66 104 30146
66 105 67505
66 106 55329
66 107 19417
66 108 28422
66 109 69270
66 110 11182
66 111 95989
66 112 14823
66 113 74300
66 114 23735
66 115 56007
66 116 45587
66 117 46490
66 118 29964
66 119 27121
66 120 9741
66 121 71344
66 122 68430
66 123 26221
66 124 37220
66 125 52939
66 126 69201
66 127 29699
66 128 84798
66 129 15607
66 130 61934
66 131 64859
66 132 27389
66 133 10088
66 134 26080
66 135 56169
66 136 53652
66 137 53379
66 138 49187
66 139 22533
66 140 49650
66 141 50769
66 142 53152
66 143 34122
66 144 25235
66 145 70276
66 146 70198
66 147 11523
66 148 56141
66 149 25955
66 150 18533
66 151 35933
66 152 20573
66 153 12954
66 154 89441
66 155 73116
66 156 34387
66 157 20013
66 158 43877
66 159 50283
66 160 44768
66 161 27015
66 162 39386
66 163 9056
66 164 54095
66 165 38666
66 166 9946
66 167 40274
66 168 65245
66 169 70764
66 170 35536
66 171 29000
66 172 38438
66 173 52144
66 174 62784
66 175 8220
66 176 20525
66 177 56405
66 178 28046
66 179 16625
66 180 25783
66 181 38314
66 182 52098
66 183 32117
66 184 29474
66 185 69384
66 186 59607
66 187 83954
66 188 28389
66 189 69713
66 190 62409
66 191 56679
66 192 38872
66 193 16561
66 194 72748
66 195 26238
66 196 51799
66 197 17301
66 198 20794
66 199 59726
66 200 37377
66 201 59458
66 202 52163
66 203 52401
66 204 79103
66 205 72286
66 206 72740
66 207 67590
66 208 68539
66 209 46553
66 210 19226
66 211 10688
66 212 62982
66 213 69526
66 214 42459
66 215 9445
66 216 61112
66 217 38759
66 218 8183
66 219 27169
66 220 81991
66 221 46536
66 222 34492
66 223 68827
66 224 23637
66 225 39378
66 226 64543
66 227 70980
66 228 30812
66 229 36487
66 230 22858
66 231 37928
66 232 68655
66 233 38230
66 234 60763
66 235 70011
66 236 71347
66 237 25559
66 238 5505
66 239 82352
66 240 23608
66 241 24019
66 242 50054
66 243 56609
66 244 36452
66 245 54364
66 246 36755
66 247 14149
66 248 50567
66 249 53492
67 68 7693
67 69 81387
67 70 58028
67 71 5742
67 72 65929
67 73 23883
67 74 14488
67 75 71895
67 76 23137
67 77 31254
67 78 32412
67 79 48676
67 80 65191
67 81 47066
67 82 33533
67 83 78310
67 84 11075
67 85 71823
67 86 7094
67 87 34982
67 88 40380
67 89 30250
67 90 63919
67 91 33722
67 92 62715
67 93 63181
67 94 42588
67 95 80430
67 96 43692
67 97 23628
67 98 46500
67 99 50234
67 100 49018
67 101 67964
67 102 24396
67 103 6355
67 104 36513
67 105 65038
67 106 49059
67 107 16691
67 108 22383
67 109 64619
67 110 13198
67 111 92456
67 112 20406
67 113 70232
67 114 28417
67 115 57581
67 116 39287
67 117 45355
67 118 36155
67 119 27112
67 120 16067
67 121 64954
67 122 62789
67 123 26306
67 124 39913
67 125 48216
67 126 71294
67 127 25102
67 128 81849
67 129 9333
67 130 57858
67 131 67169
67 132 24599
67 133 4235
67 134 22581
67 135 51028
67 136 47240
67 137 47013
67 138 49026
67 139 16243
67 140 50820
67 141 46925
67 142 47165
67 143 33298
67 144 18957
67 145 65884
67 146 64172
67 147 16058
67 148 52011
67 149 32302
67 150 12187
67 151 29748
67 152 14166
67 153 19212
67 154 85977
67 155 72060
67 156 28448
67 157 26436
67 158 37763
67 159 43891
67 160 45975
67 161 31913
67 162 41497
67 163 7750
67 164 54139
67 165 40781
67 166 16349
67 167 42495
67 168 65603
67 169 73829
67 170 31322
67 171 23568
67 172 38978
67 173 53212
67 174 58528
67 175 12916
67 176 19773
67 177 50040
67 178 33103
67 179 17686
67 180 32067
67 181 32775
67 182 47210
67 183 25697
67 184 34088
67 185 63077
67 186 53268
67 187 80626
67 188 24822
67 189 65070
67 190 60274
67 191 50326
67 192 43364
67 193 19018
67 194 67404
67 195 21826
67 196 50531
67 197 11970
67 198 27201
67 199 59860
67 200 31138
67 201 59147
67 202 53289
67 203 49368
67 204 75887
67 205 71738
67 206 70505
67 207 70023
67 208 71637
67 209 41944
67 210 19695
67 211 12000
67 212 58281
67 213 65406
67 214 38574
67 215 13867
67 216 61453
67 217 32338
67 218 2694
67 219 23175
67 220 77729
67 221 51079
67 222 28615
67 223 68195
67 224 24884
67 225 42866
67 226 65989
67 227 74743
67 228 32593
67 229 32777
67 230 16883
67 231 39578
67 232 68092
67 233 41078
67 234 54341
67 235 65074
67 236 64936
67 237 31972
67 238 2065
67 239 78297
67 240 27339
67 241 30330
67 242 51868
67 243 58456
67 244 30034
67 245 51253
67 246 30576
67 247 7928
67 248 44403
67 249 54428
68 69 87721
68 70 62792
68 71 13379
68 72 63636
68 73 30073
68 74 16683
68 75 77207
68 76 23412
68 77 38220
68 78 39481
68 79 56080
68 80 72363
68 81 52451
68 82 37988
68 83 83583
68 84 17362
68 85 79506
68 86 13753
68 87 42006
68 88 48002
68 89 37645
68 90 67172
68 91 29000
68 92 69562
68 93 68577
68 94 50140
68 95 85116
68 96 42616
68 97 27481
68 98 53969
68 99 57875
68 100 53791
68 101 70006
68 102 27595
68 103 10889
68 104 40316
68 105 71288
68 106 45578
68 107 9008
68 108 24289
68 109 68563
68 110 10118
68 111 97646
68 112 20884
68 113 74921
68 114 35071
68 115 65275
68 116 36090
68 117 52485
68 118 40724
68 119 34698
68 120 18957
68 121 62255
68 122 64873
68 123 19634
68 124 47478
68 125 52228
68 126 78971
68 127 29863
68 128 87637
68 129 11944
68 130 62633
68 131 74824
68 132 31105
68 133 10021
68 134 15024
68 135 54304
68 136 45017
68 137 46385
68 138 56484
68 139 17517
68 140 58501
68 141 52085
68 142 48450
68 143 40630
68 144 16280
68 145 70188
68 146 65113
68 147 15427
68 148 56780
68 149 34436
68 150 10852
68 151 26122
68 152 14588
68 153 23840
68 154 91261
68 155 79123
68 156 23948
68 157 29796
68 158 33706
68 159 43031
68 160 53661
68 161 30317
68 162 49157
68 163 3840
68 164 61638
68 165 48440
68 166 20432
68 167 50143
68 168 73155
68 169 81341
68 170 36354
68 171 27028
68 172 46608
68 173 60884
68 174 63073
68 175 19434
68 176 27274
68 177 47187
68 178 39458
68 179 12504
68 180 36357
68 181 27254
68 182 50978
68 183 24818
68 184 40805
68 185 59712
68 186 52792
68 187 86069
68 188 17303
68 189 69022
68 190 66779
68 191 49768
68 192 50181
68 193 15178
68 194 70113
68 195 26975
68 196 57573
68 197 16666
68 198 30834
68 199 67369
68 200 27744
68 201 66532
68 202 60966
68 203 55282
68 204 81458
68 205 79014
68 206 76895
68 207 77663
68 208 79138
68 209 46223
68 210 13708
68 211 19625
68 212 62206
68 213 70064
68 214 43815
68 215 13585
68 216 69007
68 217 31184
68 218 9656
68 219 28726
68 220 82127
68 221 57869
68 222 23930
68 223 75446
68 224 32577
68 225 50204
68 226 73679
68 227 82003
68 228 40271
68 229 38318
68 230 12942
68 231 47268
68 232 75370
68 233 48610
68 234 52322
68 235 68560
68 236 62529
68 237 35419
68 238 9684
68 239 82955
68 240 24263
68 241 34529
68 242 59556
68 243 66145
68 244 28273
68 245 57082
68 246 31511
68 247 11220
68 248 40473
68 249 62086
69 70 32203
69 71 77568
69 72 89971
69 73 57660
69 74 90239
69 75 19073
69 76 98772
69 77 73312
69 78 49834
69 79 38832
69 80 72990
69 81 36965
69 82 52449
69 83 17863
69 84 70481
69 85 52195
69 86 80366
69 87 47252
69 88 59782
69 89 68165
69 90 43403
69 91 91879
69 92 20835
69 93 23427
69 94 45953
69 95 26050
69 96 75831
69 97 62512
69 98 63494
69 99 44643
69 100 38502
69 101 54514
69 102 63726
69 103 84260
69 104 95670
69 105 16460
69 106 91206
69 107 95687
69 108 68788
69 109 36631
69 110 94260
69 111 22828
69 112 96535
69 113 27098
69 114 76438
69 115 48348
69 116 86390
69 117 38308
69 118 91576
69 119 58020
69 120 89672
69 121 92630
69 122 54003
69 123 107346
69 124 61900
69 125 43731
69 126 53037
69 127 58934
69 128 9763
69 129 76468
69 130 32228
69 131 55042
69 132 56790
69 133 77868
69 134 98679
69 135 47184
69 136 83029
69 137 73433
69 138 39599
69 139 73971
69 140 47281
69 141 38133
69 142 61627
69 143 50378
69 144 82156
69 145 32641
69 146 63759
69 147 94955
69 148 36292
69 149 100048
69 150 80720
69 151 86059
69 152 76813
69 153 86133
69 154 18575
69 155 18017
69 156 89100
69 157 92827
69 158 90217
69 159 74627
69 160 49818
69 161 109059
69 162 57621
69 163 89080
69 164 37430
69 165 57941
69 166 87036
69 167 57944
69 168 34790
69 169 64982
69 170 52548
69 171 63618
69 172 50434
69 173 45498
69 174 33706
69 175 79339
69 176 63321
69 177 87684
69 178 78956
69 179 99069
69 180 91406
69 181 95124
69 182 45869
69 183 76102
69 184 75721
69 185 96723
69 186 73052
69 187 15230
69 188 100170
69 189 36426
69 190 21245
69 191 73260
69 192 75048
69 193 99992
69 194 48228
69 195 61167
69 196 33076
69 197 71246
69 198 92187
69 199 34961
69 200 85412
69 201 31775
69 202 45921
69 203 32800
69 204 14090
69 205 23546
69 206 10908
69 207 56732
69 208 64801
69 209 46521
69 210 101025
69 211 73547
69 212 39059
69 213 29194
69 214 45246
69 215 93010
69 216 36062
69 217 76243
69 218 78771
69 219 59162
69 220 29659
69 221 76595
69 222 89869
69 223 24067
69 224 63330
69 225 66824
69 226 45809
69 227 73980
69 228 60234
69 229 49857
69 230 85046
69 231 55753
69 232 24791
69 233 62578
69 234 83673
69 235 40985
69 236 90409
69 237 95061
69 238 80176
69 239 26318
69 240 107129
69 241 91154
69 242 51876
69 243 50677
69 244 78817
69 245 31259
69 246 68091
69 247 76771
69 248 92025
69 249 43955
70 71 55876
70 72 58511
70 73 35178
70 74 70052
70 75 15501
70 76 79226
70 77 62272
70 78 33513
70 79 35594
70 80 76953
70 81 12181
70 82 24814
70 83 21439
70 84 47129
70 85 63883
70 86 59409
70 87 31795
70 88 53681
70 89 56848
70 90 15397
70 91 61059
70 92 27523
70 93 8807
70 94 39355
70 95 22402
70 96 43704
70 97 35418
70 98 60436
70 99 44201
70 100 9019
70 101 26989
70 102 35798
70 103 62569
70 104 82644
70 105 19529
70 106 59055
70 107 69459
70 108 40338
70 109 10283
70 110 71187
70 111 35100
70 112 76631
70 113 12207
70 114 63930
70 115 52812
70 116 54700
70 117 30091
70 118 79460
70 119 42784
70 120 70291
70 121 60933
70 122 24511
70 123 81989
70 124 55536
70 125 12130
70 126 64272
70 127 33019
70 128 27663
70 129 50862
70 130 195
70 131 63762
70 132 35433
70 133 53936
70 134 71051
70 135 14986
70 136 50847
70 137 41230
70 138 37049
70 139 46553
70 140 47425
70 141 11522
70 142 29424
70 143 36275
70 144 53576
70 145 8995
70 146 33901
70 147 73554
70 148 6023
70 149 84037
70 150 53812
70 151 55534
70 152 49636
70 153 68756
70 154 28977
70 155 36411
70 156 58937
70 157 76630
70 158 58809
70 159 42487
70 160 46744
70 161 89088
70 162 52123
70 163 65089
70 164 39316
70 165 52032
70 166 68415
70 167 53031
70 168 45914
70 169 74671
70 170 26707
70 171 36096
70 172 42177
70 173 47267
70 174 2206
70 175 60518
70 176 44593
70 177 55486
70 178 68077
70 179 75115
70 180 77747
70 181 64674
70 182 14158
70 183 46172
70 184 65667
70 185 64729
70 186 41058
70 187 24433
70 188 72176
70 189 10524
70 190 21165
70 191 41113
70 192 69065
70 193 76985
70 194 21452
70 195 36203
70 196 28328
70 197 46345
70 198 76455
70 199 41633
70 200 54652
70 201 37571
70 202 47746
70 203 14243
70 204 20728
70 205 40871
70 206 24644
70 207 66526
70 208 73535
70 209 16843
70 210 76499
70 211 53958
70 212 7985
70 213 7418
70 214 19674
70 215 71401
70 216 43999
70 217 45168
70 218 55344
70 219 34977
70 220 19965
70 221 73666
70 222 59725
70 223 38256
70 224 48536
70 225 61662
70 226 55602
70 227 81849
70 228 49622
70 229 25695
70 230 57025
70 231 48964
70 232 38838
70 233 56811
70 234 51562
70 235 14074
70 236 58822
70 237 80421
70 238 57426
70 239 20272
70 240 85318
70 241 76885
70 242 52625
70 243 55411
70 244 48088
70 245 12606
70 246 37583
70 247 51605
70 248 60107
70 249 46570
71 72 69081
71 73 20871
71 74 14328
71 75 69130
71 76 23527
71 77 25827
71 78 28005
71 79 43670
71 80 59579
71 81 44430
71 82 32075
71 83 75552
71 84 9204
71 85 66135
71 86 3816
71 87 30606
71 88 34642
71 89 24564
71 90 63051
71 91 38510
71 92 58389
71 93 60386
71 94 37353
71 95 78204
71 96 46303
71 97 23168
71 98 40777
71 99 44801
71 100 46955
71 101 68045
71 102 24481
71 103 6794
71 104 33536
71 105 61366
71 106 53050
71 107 22327
71 108 23655
71 109 63153
71 110 16787
71 111 89722
71 112 20862
71 113 68059
71 114 23246
71 115 51956
71 116 43234
71 117 40752
71 118 32565
71 119 21874
71 120 15053
71 121 68364
71 122 62883
71 123 31132
71 124 34172
71 125 46867
71 126 65596
71 127 23666
71 128 78580
71 129 11942
71 130 55698
71 131 61447
71 132 21144
71 133 6499
71 134 28320
71 135 50282
71 136 50517
71 137 49277
71 138 43935
71 139 18525
71 140 45276
71 141 44515
71 142 48070
71 143 28482
71 144 23222
71 145 64090
71 146 65126
71 147 17789
71 148 49917
71 149 30782
71 150 16439
71 151 34086
71 152 17251
71 153 16229
71 154 83176
71 155 67451
71 156 33216
71 157 24153
71 158 42182
71 159 46359
71 160 40414
71 161 33217
71 162 35779
71 163 12718
71 164 48971
71 165 35062
71 166 14181
71 167 36768
71 168 60329
71 169 68092
71 170 29357
71 171 23473
71 172 33591
71 173 47697
71 174 56575
71 175 8413
71 176 14816
71 177 53662
71 178 28120
71 179 21931
71 180 28798
71 181 37918
71 182 46094
71 183 28672
71 184 28823
71 185 66898
71 186 55347
71 187 77696
71 188 30564
71 189 63593
71 190 56348
71 191 52498
71 192 37989
71 193 22442
71 194 66956
71 195 20164
71 196 46017
71 197 12012
71 198 24650
71 199 54664
71 200 35331
71 201 54141
71 202 47759
71 203 46159
71 204 72853
71 205 66860
71 206 66660
71 207 64293
71 208 65903
71 209 40455
71 210 24274
71 211 6259
71 212 56889
71 213 63293
71 214 36214
71 215 15695
71 216 56180
71 217 35246
71 218 4996
71 219 20976
71 220 75775
71 221 45701
71 222 33462
71 223 63356
71 224 19249
71 225 37193
71 226 60396
71 227 69088
71 228 26898
71 229 30231
71 230 21771
71 231 33915
71 232 63218
71 233 35340
71 234 57416
71 235 63999
71 236 68166
71 237 29403
71 238 3699
71 239 76107
71 240 29841
71 241 27186
71 242 46195
71 243 52784
71 244 33371
71 245 48116
71 246 32153
71 247 10481
71 248 48683
71 249 48951
72 73 61529
72 74 79822
72 75 71211
72 76 87032
72 77 91708
72 78 70752
72 79 84371
72 80 120220
72 81 60180
72 82 51702
72 83 74834
72 84 62088
72 85 115357
72 86 72357
72 87 71350
72 88 92534
72 89 87998
72 90 47079
72 91 37158
72 92 84327
72 93 67170
72 94 83665
72 95 69830
72 96 23316
72 97 51183
72 98 100365
72 99 91689
72 100 55538
72 101 37904
72 102 48757
72 103 72206
72 104 102387
72 105 77866
72 106 19784
72 107 62690
72 108 46734
72 109 53637
72 110 73291
72 111 83841
72 112 84520
72 113 63678
72 114 90552
72 115 101444
72 116 27869
72 117 77873
72 118 101646
72 119 75382
72 120 81768
72 121 3768
72 122 36594
72 123 73010
72 124 93428
72 125 49302
72 126 115399
72 127 54284
72 128 83273
72 129 57191
72 130 58539
72 131 113247
72 132 63608
72 133 62820
72 134 58285
72 135 44080
72 136 18704
72 137 21807
72 138 85697
72 139 50601
72 140 94297
72 141 58203
72 142 31021
72 143 74395
72 144 47476
72 145 57613
72 146 27312
72 147 79024
72 148 56370
72 149 97838
72 150 53891
72 151 37829
72 152 51942
72 153 85006
72 154 80216
72 155 94224
72 156 40907
72 157 92354
72 158 31548
72 159 23639
72 160 91148
72 161 92829
72 162 92195
72 163 67477
72 164 90091
72 165 91701
72 166 82277
72 167 93391
72 168 99983
72 169 123260
72 170 55083
72 171 49933
72 172 83537
72 173 95430
72 174 56677
72 175 77460
72 176 70601
72 177 16773
72 178 95719
72 179 73093
72 180 97795
72 181 41061
72 182 47350
72 183 40415
72 184 95322
72 185 10045
72 186 18345
72 187 78319
72 188 57370
72 189 53911
72 190 78164
72 191 19716
72 192 103130
72 193 76924
72 194 43593
72 195 56482
72 196 79577
72 197 58031
72 198 93128
72 199 94454
72 200 36093
72 201 91058
72 202 95806
72 203 65936
72 204 76648
72 205 97952
72 206 83154
72 207 116343
72 208 121529
72 209 50568
72 210 72213
72 211 72739
72 212 51026
72 213 60828
72 214 57001
72 215 77222
72 216 96899
72 217 33842
72 218 64657
72 219 58125
72 220 65109
72 221 110265
72 222 41251
72 223 94842
72 224 78544
72 225 98898
72 226 107192
72 227 127972
72 228 84824
72 229 58322
72 230 50716
72 231 88882
72 232 95287
72 233 94933
72 234 11678
72 235 49627
72 236 1453
72 237 97901
72 238 67219
72 239 68163
72 240 85588
72 241 96120
72 242 98415
72 243 103627
72 244 35894
72 245 65891
72 246 38769
72 247 58675
72 248 25510
72 249 95547
73 74 34900
73 75 48271
73 76 44057
73 77 32029
73 78 11456
73 79 28749
73 80 58780
73 81 23566
73 82 13164
73 83 54693
73 84 12854
73 85 57370
73 86 24284
73 87 13444
73 88 31044
73 89 27437
73 90 43851
73 91 41869
73 92 39797
73 93 39529
73 94 24823
73 95 57412
73 96 38500
73 97 10743
73 98 38855
73 99 33400
73 100 26389
73 101 50661
73 102 13241
73 103 27648
73 104 49161
73 105 41247
73 106 50450
73 107 38269
73 108 17175
73 109 43057
73 110 36994
73 111 68863
73 112 41479
73 113 47308
73 114 32191
73 115 42661
73 116 41583
73 117 23764
73 118 46646
73 119 13864
73 120 35116
73 121 61948
73 122 45689
73 123 49688
73 124 31899
73 125 27240
73 126 57144
73 127 7248
73 128 57975
73 129 19236
73 130 34996
73 131 54047
73 132 2167
73 133 20219
73 134 42045
73 135 31674
73 136 44940
73 137 39784
73 138 29580
73 139 18914
73 140 35247
73 141 23723
73 142 34012
73 143 14330
73 144 27837
73 145 43629
73 146 50119
73 147 38656
73 148 29296
73 149 49301
73 150 24260
73 151 35903
73 152 21014
73 153 33929
73 154 62329
73 155 49725
73 156 37386
73 157 41986
73 158 43004
73 159 37989
73 160 31186
73 161 53989
73 162 30847
73 163 31487
73 164 34841
73 165 30311
73 166 33316
73 167 32049
73 168 46481
73 169 63118
73 170 9584
73 171 12190
73 172 23197
73 173 37043
73 174 36023
73 175 25492
73 176 10771
73 177 49277
73 178 37123
73 179 41544
73 180 44155
73 181 43517
73 182 26915
73 183 26167
73 184 35751
73 185 62432
73 186 44590
73 187 56886
73 188 43823
73 189 43479
73 190 36723
73 191 42328
73 192 42350
73 193 42803
73 194 48458
73 195 5752
73 196 28382
73 197 13873
73 198 41979
73 199 40439
73 200 36199
73 201 38659
73 202 37301
73 203 25491
73 204 52087
73 205 50321
73 206 46824
73 207 57153
73 208 61198
73 209 20828
73 210 43401
73 211 18897
73 212 36970
73 213 42590
73 214 15527
73 215 36547
73 216 42495
73 217 30579
73 218 21219
73 219 3541
73 220 55135
73 221 49096
73 222 38005
73 223 46697
73 224 17726
73 225 37441
73 226 50014
73 227 66890
73 228 23316
73 229 9494
73 230 29550
73 231 27639
73 232 46736
73 233 33404
73 234 50326
73 235 44442
73 236 60992
73 237 46260
73 238 22889
73 239 55333
73 240 50649
73 241 43026
73 242 38387
73 243 44392
73 244 30920
73 245 27393
73 246 23199
73 247 19312
73 248 47973
73 249 37719
74 75 82951
74 76 9205
74 77 27007
74 78 40422
74 79 54170
74 80 60567
74 81 58427
74 82 46403
74 83 89359
74 84 23488
74 85 71898
74 86 10657
74 87 42992
74 88 40246
74 89 28651
74 90 77353
74 91 45675
74 92 70345
74 93 74216
74 94 47213
74 95 92311
74 96 57990
74 97 37289
74 98 44386
74 99 53425
74 100 61179
74 101 82062
74 102 38388
74 103 8266
74 104 23727
74 105 74342
74 106 62167
74 107 22147
74 108 36799
74 109 77471
74 110 10118
74 111 103515
74 112 6580
74 113 82203
74 114 23048
74 115 58865
74 116 52574
74 117 52414
74 118 24564
74 119 32576
74 120 2527
74 121 78623
74 122 76889
74 123 24576
74 124 39072
74 125 61195
74 126 71189
74 127 37988
74 128 91933
74 129 23821
74 130 69871
74 131 66606
74 132 34895
74 133 18453
74 134 29095
74 135 64555
74 136 61124
74 137 61418
74 138 54137
74 139 30729
74 140 53124
74 141 58622
74 142 61560
74 143 40038
74 144 32372
74 145 78357
74 146 78595
74 147 5786
74 148 64124
74 149 18024
74 150 25982
74 151 42683
74 152 28543
74 153 8844
74 154 96934
74 155 78680
74 156 40629
74 157 13163
74 158 50370
74 159 58243
74 160 48309
74 161 19138
74 162 41957
74 163 13040
74 164 58753
74 165 41256
74 166 5368
74 167 42669
74 168 69415
74 169 71341
74 170 43650
74 171 37456
74 172 42906
74 173 55689
74 174 70812
74 175 11102
74 176 26968
74 177 63586
74 178 26185
74 179 15073
74 180 20073
74 181 43758
74 182 60414
74 183 39954
74 184 28485
74 185 76294
74 186 67707
74 187 91367
74 188 31338
74 189 77910
74 190 69013
74 191 64749
74 192 37677
74 193 12982
74 194 81172
74 195 34492
74 196 57766
74 197 25760
74 198 14282
74 199 64209
74 200 44250
74 201 64411
74 202 55639
74 203 59746
74 204 86451
74 205 77353
74 206 79361
74 207 69130
74 208 69092
74 209 54781
74 210 17960
74 211 16745
74 212 71214
74 213 77469
74 214 50378
74 215 5120
74 216 65351
74 217 46566
74 218 16572
74 219 35264
74 220 89987
74 221 45012
74 222 40612
74 223 74010
74 224 28056
74 225 39942
74 226 67433
74 227 70444
74 228 34166
74 229 44360
74 230 29444
74 231 41138
74 232 73769
74 233 39820
74 234 68340
74 235 78323
74 236 78769
74 237 18766
74 238 13925
74 239 90232
74 240 17243
74 241 18222
74 242 52721
74 243 59105
74 244 44034
74 245 61749
74 246 45057
74 247 22402
74 248 57132
74 249 57169
75 76 91992
75 77 71373
75 78 43819
75 79 39673
75 80 79701
75 81 24831
75 82 39561
75 83 6423
75 84 60839
75 85 62584
75 86 72448
75 87 41576
75 88 60315
75 89 65919
75 90 24373
75 91 76543
75 92 24884
75 93 8744
75 94 45428
75 95 11761
75 96 58603
75 97 50191
75 98 65938
75 99 47667
75 100 23871
75 101 35454
75 102 50817
75 103 75915
75 104 92948
75 105 14705
75 106 73829
75 107 84282
75 108 55530
75 109 17637
75 110 85090
75 111 20593
75 112 89500
75 113 8086
75 114 73695
75 115 54475
75 116 69983
75 117 36074
75 118 89349
75 119 53072
75 120 82899
75 121 73990
75 122 34990
75 123 96640
75 124 62363
75 125 27624
75 126 63205
75 127 47360
75 128 12433
75 129 65372
75 130 15602
75 131 63883
75 132 48072
75 133 67945
75 134 86212
75 135 29728
75 136 65544
75 137 55783
75 138 40936
75 139 61539
75 140 50828
75 141 25126
75 142 44024
75 143 45715
75 144 68865
75 145 13639
75 146 44734
75 147 86919
75 148 21036
75 149 95536
75 150 68719
75 151 71034
75 152 64583
75 153 80584
75 154 14082
75 155 29892
75 156 74432
75 157 88111
75 158 74193
75 159 57362
75 160 51631
75 161 102089
75 162 58416
75 163 79234
75 164 41235
75 165 58509
75 166 80714
75 167 59095
75 168 43936
75 169 74656
75 170 40853
75 171 51005
75 172 49233
75 173 49885
75 174 16308
75 175 72772
75 176 56445
75 177 70061
75 178 77245
75 179 89324
75 180 88238
75 181 80174
75 182 29622
75 183 61639
75 184 74428
75 185 78333
75 186 54766
75 187 8999
75 188 87413
75 189 17406
75 190 20137
75 191 55254
75 192 76133
75 193 90911
75 194 29169
75 195 50276
75 196 32213
75 197 60576
75 198 87752
75 199 41435
75 200 70145
75 201 37360
75 202 50368
75 203 23369
75 204 5511
75 205 35446
75 206 16154
75 207 66228
75 208 73948
75 209 32061
75 210 90888
75 211 66388
75 212 20853
75 213 10463
75 214 33406
75 215 84816
75 216 43401
75 217 60641
75 218 69201
75 219 48732
75 220 12995
75 221 79485
75 222 75220
75 223 34015
75 224 58848
75 225 68158
75 226 54868
75 227 82868
75 228 58132
75 229 39118
75 230 72215
75 231 55706
75 232 34742
75 233 63415
75 234 65518
75 235 21928
75 236 71710
75 237 91341
75 238 71078
75 239 10572
75 240 98915
75 241 87609
75 242 56034
75 243 57077
75 244 63585
75 245 21321
75 246 53079
75 247 65987
75 248 75223
75 249 48736
76 77 31726
76 78 49085
76 79 61944
76 80 63320
76 81 67551
76 82 55600
76 83 98390
76 84 32663
76 85 77120
76 86 19857
76 87 51620
76 88 46185
76 89 34596
76 90 86518
76 91 51581
76 92 78621
76 93 83267
76 94 54820
76 95 101458
76 96 65858
76 97 46377
76 98 49162
76 99 60381
76 100 70369
76 101 91040
76 102 47384
76 103 17239
76 104 20867
76 105 83046
76 106 68698
76 107 26166
76 108 45509
76 109 86676
76 110 13982
76 111 112533
76 112 2733
76 113 91365
76 114 27563
76 115 64901
76 116 59377
76 117 60686
76 118 23348
76 119 40815
76 120 9141
76 121 85582
76 122 85866
76 123 23803
76 124 44732
76 125 70393
76 126 76331
76 127 47176
76 128 100770
76 129 32390
76 130 79045
76 131 71590
76 132 43988
76 133 27274
76 134 32695
76 135 73700
76 136 68428
76 137 69480
76 138 61783
76 139 39198
76 140 59728
76 141 67779
76 142 70288
76 143 48413
76 144 39674
76 145 87555
76 146 87270
76 147 8012
76 148 73309
76 149 12261
76 150 33752
76 151 49369
76 152 36772
76 153 13529
76 154 105941
76 155 86585
76 156 46832
76 157 11641
76 158 56652
76 159 66204
76 160 55041
76 161 10288
76 162 48095
76 163 19574
76 164 66154
76 165 47428
76 166 11789
76 167 48651
76 168 76368
76 169 75179
76 170 52854
76 171 46485
76 172 50378
76 173 62311
76 174 80004
76 175 19461
76 176 35751
76 177 70514
76 178 29255
76 179 16389
76 180 18996
76 181 49067
76 182 69597
76 183 47884
76 184 32219
76 185 82807
76 186 75840
76 187 100340
76 188 34710
76 189 87115
76 190 77602
76 191 72844
76 192 40634
76 193 12650
76 194 90274
76 195 43687
76 196 66029
76 197 34776
76 198 13099
76 199 71438
76 200 51041
76 201 71973
76 202 62208
76 203 68725
76 204 95398
76 205 84917
76 206 87934
76 207 73895
76 208 72936
76 209 63982
76 210 18798
76 211 25626
76 212 80416
76 213 86642
76 214 59555
76 215 9863
76 216 72389
76 217 54399
76 218 25445
76 219 44468
76 220 99170
76 221 47316
76 222 46692
76 223 81672
76 224 35854
76 225 44478
76 226 73390
76 227 73188
76 228 41102
76 229 53532
76 230 36315
76 231 47776
76 232 81385
76 233 45240
76 234 75734
76 235 87508
76 236 85911
76 237 15886
76 238 22872
76 239 99386
76 240 11155
76 241 17348
76 242 58700
76 243 64841
76 244 51619
76 245 70742
76 246 53597
76 247 31036
76 248 63403
76 249 63871
77 78 28805
77 79 34518
77 80 34218
77 81 50196
77 82 44939
77 83 77355
77 84 30026
77 85 45400
77 86 24479
77 87 30496
77 88 15081
77 89 5468
77 90 74041
77 91 64102
77 92 52478
77 93 63272
77 94 27361
77 95 82434
77 96 68398
77 97 41006
77 98 17510
77 99 30512
77 100 54854
77 101 82115
77 102 43275
77 103 27683
77 104 22374
77 105 59365
77 106 77527
77 107 46455
77 108 44992
77 109 71783
77 110 36409
77 111 90837
77 112 30686
77 113 73233
77 114 4164
77 115 33495
77 116 67799
77 117 35766
77 118 18287
77 119 19793
77 120 24903
77 121 91553
77 122 77293
77 123 51484
77 124 13334
77 125 57618
77 126 44622
77 127 38816
77 128 77473
77 129 36748
77 130 62077
77 131 39912
77 132 30420
77 133 32048
77 134 53104
77 135 62827
77 136 73798
77 137 70490
77 138 33879
77 139 42116
77 140 29161
77 141 51290
77 142 65949
77 143 26052
77 144 48574
77 145 71265
77 146 82139
77 147 32750
77 148 57275
77 149 28078
77 150 41970
77 151 59298
77 152 41853
77 153 18646
77 154 84294
77 155 58544
77 156 58825
77 157 21818
77 158 67381
77 159 68149
77 160 24923
77 161 40976
77 162 17204
77 163 36090
77 164 37196
77 165 16630
77 166 21702
77 167 17503
77 168 46032
77 169 44348
77 170 41154
77 171 42083
77 172 22916
77 173 31698
77 174 63766
77 175 18837
77 176 21563
77 177 77507
77 178 5874
77 179 41800
77 180 18364
77 181 63719
77 182 57800
77 183 52303
77 184 3723
77 185 90912
77 186 75860
77 187 78475
77 188 55410
77 189 72144
77 190 53364
77 191 73353
77 192 12174
77 193 39989
77 194 79233
77 195 35898
77 196 40579
77 197 34207
77 198 20725
77 199 41816
77 200 60361
77 201 43258
77 202 31509
77 203 48819
77 204 73417
77 205 55825
77 206 63091
77 207 42304
77 208 42100
77 209 51614
77 210 44673
77 211 20197
77 212 66365
77 213 69136
77 214 44802
77 215 31991
77 216 42309
77 217 58407
77 218 30793
77 219 34830
77 220 81406
77 221 19878
77 222 59123
77 223 52954
77 224 14492
77 225 12952
77 226 41862
77 227 43968
77 228 13312
77 229 39600
77 230 47525
77 231 17947
77 232 52531
77 233 13629
77 234 80119
77 235 74126
77 236 90979
77 237 22382
77 238 29226
77 239 80635
77 240 42674
77 241 18471
77 242 27317
77 243 33232
77 244 57308
77 245 50826
77 246 53026
77 247 35468
77 248 73638
77 249 33356
78 79 17380
78 80 49835
78 81 21397
78 82 19312
78 83 50082
78 84 22293
78 85 46195
78 86 30590
78 87 2604
78 88 22776
78 89 23425
78 90 45496
78 91 53310
78 92 30387
78 93 35318
78 94 13558
78 95 54322
78 96 48320
78 97 21663
78 98 30509
78 99 22112
78 100 26115
78 101 54326
78 102 24074
78 103 34566
78 104 49377
78 105 33961
78 106 61190
78 107 48168
78 108 28448
78 109 42986
78 110 44791
78 111 64052
78 112 46775
78 113 44773
78 114 30439
78 115 31581
78 116 52634
78 117 13011
78 118 46029
78 119 9349
78 120 39951
78 121 71538
78 122 49775
78 123 58718
78 124 24171
78 125 29421
78 126 46023
78 127 17591
78 128 51765
78 129 29802
78 130 33318
78 131 43174
78 132 9494
78 133 29471
78 134 52586
78 135 35055
78 136 55158
78 137 48973
78 138 18151
78 139 30305
78 140 24184
78 141 22500
78 142 41321
78 143 3711
78 144 39208
78 145 42495
78 146 55891
78 147 45140
78 148 28477
78 149 51739
78 150 35191
78 151 47326
78 152 32239
78 153 36961
78 154 57434
78 155 39662
78 156 48841
78 157 44323
78 158 54303
78 159 47653
78 160 20514
78 161 59352
78 162 21960
78 163 40154
78 164 23425
78 165 21580
78 166 37456
78 167 23115
78 168 35095
78 169 52700
78 170 15713
78 171 23159
78 172 12785
78 173 25812
78 174 34968
78 175 29625
78 176 13490
78 177 59674
78 178 34580
78 179 49857
78 180 44568
78 181 54965
78 182 29940
78 183 37470
78 184 32275
78 185 72564
78 186 53051
78 187 51709
78 188 54490
78 189 43343
78 190 28596
78 191 51138
78 192 36700
78 193 50420
78 194 50908
78 195 17123
78 196 18120
78 197 24496
78 198 43938
78 199 29067
78 200 47574
78 201 27517
78 202 26100
78 203 20564
78 204 46687
78 205 39634
78 206 38945
78 207 46293
78 208 50889
78 209 23947
78 210 52053
78 211 23714
78 212 37669
78 213 40505
78 214 16667
78 215 43223
78 216 31078
78 217 41463
78 218 29970
78 219 14763
78 220 52928
78 221 42424
78 222 49457
78 223 36040
78 224 15151
78 225 30255
78 226 38673
78 227 57240
78 228 16722
78 229 12781
78 230 40702
78 231 18547
78 232 36003
78 233 25636
78 234 59969
78 235 45439
78 236 70356
78 237 47548
78 238 30940
78 239 52417
78 240 57310
78 241 43856
78 242 27805
78 243 33473
78 244 42105
78 245 22620
78 246 33570
78 247 29583
78 248 59047
78 249 26388
79 80 41372
79 81 26335
79 82 33175
79 83 44967
79 84 39296
79 85 30994
79 86 45557
79 87 15325
79 88 21224
79 89 29474
79 90 50483
79 91 70421
79 92 18011
79 93 32948
79 94 7271
79 95 51373
79 96 63162
79 97 38380
79 98 26275
79 99 8608
79 100 31918
79 101 61282
79 102 40648
79 103 49717
79 104 56891
79 105 25962
79 106 77028
79 107 64953
79 108 45352
79 109 45867
79 110 60189
79 111 57567
79 112 59995
79 113 43698
79 114 37782
79 115 17739
79 116 69002
79 117 6522
79 118 52756
79 119 21905
79 120 53129
79 121 85645
79 122 57605
79 123 74797
79 124 23339
79 125 37419
79 126 31069
79 127 34162
79 128 43659
79 129 47048
79 130 35421
79 131 29366
79 132 26859
79 133 46195
79 134 69708
79 135 43513
79 136 70359
79 137 63048
79 138 1471
79 139 47654
79 140 11832
79 141 28253
79 142 53609
79 143 15483
79 144 56569
79 145 43882
79 146 65498
79 147 59478
79 148 32925
79 149 61752
79 150 52522
79 151 64386
79 152 49619
79 153 48699
79 154 51225
79 155 24662
79 156 66082
79 157 54724
79 158 71070
79 159 62325
79 160 11962
79 161 72144
79 162 19153
79 163 56284
79 164 6150
79 165 19374
79 166 50188
79 167 19675
79 168 17732
79 169 39996
79 170 30425
79 171 39868
79 172 11824
79 173 11860
79 174 37659
79 175 43073
79 176 28920
79 177 75047
79 178 40127
79 179 65525
79 180 52732
79 181 72240
79 182 38803
79 183 54337
79 184 36891
79 185 87417
79 186 66119
79 187 45458
79 188 71669
79 189 46087
79 190 19925
79 191 64691
79 192 36915
79 193 65527
79 194 56489
79 195 34278
79 196 7565
79 197 41795
79 198 53955
79 199 11693
79 200 64518
79 201 10475
79 202 12319
79 203 21710
79 204 40525
79 205 23266
79 206 28880
79 207 32375
79 208 38604
79 209 34165
79 210 67938
79 211 38347
79 212 42358
79 213 40721
79 214 27376
79 215 57797
79 216 13775
79 217 57722
79 218 46434
79 219 31883
79 220 51516
79 221 39822
79 222 66716
79 223 19854
79 224 26145
79 225 28767
79 226 22837
79 227 46505
79 228 21649
79 229 26862
79 230 58073
79 231 16971
79 232 19646
79 233 24193
79 234 74339
79 235 49542
79 236 84171
79 237 56514
79 238 46986
79 239 49918
79 240 71412
79 241 52586
79 242 17052
79 243 20228
79 244 58757
79 245 23053
79 246 49426
79 247 46731
79 248 75407
79 249 11496
80 81 67008
80 82 69146
80 83 84157
80 84 61866
80 85 23853
80 86 58611
80 87 49761
80 88 27743
80 89 35111
80 90 91669
80 91 96909
80 92 55182
80 93 73915
80 94 38460
80 95 91437
80 96 97280
80 97 69390
80 98 19997
80 99 32779
80 100 72582
80 101 102093
80 102 71882
80 103 61901
80 104 45912
80 105 65103
80 106 108582
80 107 80673
80 108 75000
80 109 87232
80 110 70353
80 111 94942
80 112 63007
80 113 84661
80 114 37759
80 115 25277
80 116 99191
80 117 47052
80 118 41722
80 119 45049
80 120 58243
80 121 120724
80 122 98071
80 123 85128
80 124 27084
80 125 77479
80 126 22773
80 127 65994
80 128 80600
80 129 69490
80 130 76779
80 131 18910
80 132 56664
80 133 65435
80 134 87300
80 135 83511
80 136 103621
80 137 98420
80 138 39926
80 139 73794
80 140 29544
80 141 68785
80 142 91151
80 143 46128
80 144 81318
80 145 85225
80 146 105159
80 147 66117
80 148 73953
80 149 55311
80 150 75061
80 151 91639
80 152 74204
80 153 51784
80 154 89236
80 155 55021
80 156 91728
80 157 51845
80 158 99551
80 159 96757
80 160 30656
80 161 70782
80 162 28035
80 163 70308
80 164 38531
80 165 28520
80 166 55202
80 167 26843
80 168 38235
80 169 14169
80 170 65498
80 171 70759
80 172 37253
80 173 29986
80 174 78999
80 175 53046
80 176 50949
80 177 107824
80 178 34448
80 179 75606
80 180 45171
80 181 97025
80 182 78506
80 183 83388
80 184 32129
80 185 121103
80 186 102804
80 187 83836
80 188 89603
80 189 87456
80 190 59594
80 191 100775
80 192 22908
80 193 73397
80 194 97613
80 195 64115
80 196 48789
80 197 65924
80 198 50420
80 199 38693
80 200 92465
80 201 42564
80 202 29499
80 203 62921
80 204 79343
80 205 49815
80 206 65874
80 207 18612
80 208 12393
80 209 73004
80 210 78495
80 211 53541
80 212 83509
80 213 81980
80 214 65645
80 215 65669
80 216 37152
80 217 88780
80 218 64416
80 219 62258
80 220 92192
80 221 16064
80 222 92115
80 223 48923
80 224 42999
80 225 22547
80 226 27566
80 227 9894
80 228 35771
80 229 62601
80 230 80833
80 231 31383
80 232 48200
80 233 25617
80 234 109101
80 235 90841
80 236 119727
80 237 49289
80 238 63133
80 239 90232
80 240 74453
80 241 46471
80 242 24328
80 243 22719
80 244 88417
80 245 64377
80 246 81929
80 247 68381
80 248 105372
80 249 31005
81 82 15522
81 83 31244
81 84 36017
81 85 56628
81 86 47840
81 87 19813
81 88 42355
81 89 44797
81 90 24901
81 91 55154
81 92 24624
81 93 16139
81 94 28673
81 95 33935
81 96 41476
81 97 25871
81 98 49461
81 99 34754
81 100 5599
81 101 35102
81 102 26872
81 103 51194
81 104 70464
81 105 20984
81 106 56625
81 107 59763
81 108 31876
81 109 21662
81 110 60263
81 111 45393
81 112 65001
81 113 23950
81 114 51773
81 115 44066
81 116 50509
81 117 20093
81 118 67285
81 119 30625
81 120 58533
81 121 61978
81 122 31280
81 123 71965
81 124 44111
81 125 11305
81 126 56849
81 127 22697
81 128 35362
81 129 40692
81 130 11987
81 131 55588
81 132 23578
81 133 43117
81 134 62155
81 135 17321
81 136 48912
81 137 40158
81 138 27797
81 139 37358
81 140 37862
81 141 2008
81 142 29219
81 143 24309
81 144 45283
81 145 21124
81 146 39281
81 147 62206
81 148 7234
81 149 71973
81 150 44364
81 151 49245
81 152 40314
81 153 56741
81 154 38913
81 155 35002
81 156 52181
81 157 64555
81 158 53926
81 159 40403
81 160 36386
81 161 77540
81 162 40961
81 163 54412
81 164 31193
81 165 40796
81 166 56536
81 167 41948
81 168 40028
81 169 66308
81 170 16162
81 171 26862
81 172 30923
81 173 38182
81 174 13571
81 175 48608
81 176 32526
81 177 53714
81 178 55977
81 179 64506
81 180 65570
81 181 58251
81 182 12989
81 183 39185
81 184 53637
81 185 64739
81 186 41877
81 187 33626
81 188 63524
81 189 22003
81 190 18959
81 191 41043
81 192 57426
81 193 66083
81 194 30710
81 195 25483
81 196 20075
81 197 35794
81 198 64349
81 199 34799
81 200 48699
81 201 31137
81 202 38634
81 203 5777
81 204 29021
81 205 38070
81 206 26969
81 207 58537
81 208 64938
81 209 10363
81 210 66107
81 211 42093
81 212 16786
81 213 19401
81 214 8659
81 215 60084
81 216 37259
81 217 39821
81 218 44372
81 219 23902
81 220 31972
81 221 62408
81 222 52946
81 223 34811
81 224 36365
81 225 50280
81 226 48284
81 227 72753
81 228 37739
81 229 14292
81 230 48323
81 231 37681
81 232 35214
81 233 45451
81 234 51347
81 235 24462
81 236 60197
81 237 68273
81 238 46273
81 239 31894
81 240 74144
81 241 64720
81 242 42862
81 243 46563
81 244 42141
81 245 6214
81 246 31433
81 247 41244
81 248 56515
81 249 37800
82 83 45853
82 84 22970
82 85 63959
82 86 35797
82 87 19674
82 88 41880
82 89 40108
82 90 31110
82 91 40198
82 92 38175
82 93 31149
82 94 31963
82 95 47133
82 96 29988
82 97 10641
82 98 49689
82 99 40063
82 100 15840
82 101 37498
82 102 11375
82 103 38530
82 104 62236
82 105 36281
82 106 44099
82 107 44740
82 108 16355
82 109 31140
82 110 46587
82 111 59798
82 112 52923
82 113 36934
82 114 45304
82 115 49808
82 116 36730
82 117 26847
82 118 59796
82 119 25786
82 120 46992
82 121 52713
82 122 32529
82 123 57198
82 124 43099
82 125 14795
82 126 63934
82 127 8461
82 128 50700
82 129 26051
82 130 24657
82 131 61596
82 132 14540
82 133 29361
82 134 46763
82 135 18619
82 136 37203
82 137 30064
82 138 34409
82 139 22003
82 140 42608
82 141 14636
82 142 22039
82 143 23018
82 144 29763
82 145 32364
82 146 37320
82 147 49371
82 148 18815
82 149 61899
82 150 29158
82 151 34183
82 152 25028
82 153 46557
82 154 53510
82 155 48696
82 156 36902
82 157 54694
82 158 39569
82 159 29163
82 160 39483
82 161 65125
82 162 41212
82 163 40373
82 164 39159
82 165 40798
82 166 45562
82 167 42382
82 168 49962
82 169 71559
82 170 3826
82 171 11460
82 172 32026
82 173 43817
82 174 25106
82 175 37982
82 176 23931
82 177 41918
82 178 50180
82 179 50352
82 180 57227
82 181 43045
82 182 14088
82 183 23964
82 184 48646
82 185 54259
82 186 33797
82 187 48529
82 188 48072
82 189 31586
82 190 33368
82 191 32004
82 192 54680
82 193 52350
82 194 35441
82 195 11914
82 196 29676
82 197 21667
82 198 54786
82 199 44079
82 200 33811
82 201 41232
82 202 44178
82 203 20004
82 204 44163
82 205 50777
82 206 42250
82 207 64702
82 208 69838
82 209 8422
82 210 51692
82 211 31440
82 212 24837
82 213 32078
82 214 7430
82 215 47188
82 216 46437
82 217 25567
82 218 30883
82 219 11389
82 220 44247
82 221 61020
82 222 37653
82 223 47254
82 224 30476
82 225 49014
82 226 55952
82 227 76472
82 228 34960
82 229 6629
82 230 32856
82 231 37814
82 232 47499
82 233 44595
82 234 41275
82 235 31947
82 236 51385
82 237 59179
82 238 33138
82 239 44976
82 240 60869
82 241 56046
82 242 46732
82 243 51948
82 244 27397
82 245 21279
82 246 17011
82 247 26823
82 248 43021
82 249 44030
83 84 67256
83 85 65917
83 86 78864
83 87 47797
83 88 65890
83 89 71916
83 90 27766
83 91 82223
83 92 28980
83 93 15165
83 94 51038
83 95 8387
83 96 63637
83 97 56493
83 98 71220
83 99 52667
83 100 30084
83 101 37919
83 102 57056
83 103 82337
83 104 99072
83 105 19199
83 106 78704
83 107 90592
83 108 61706
83 109 21420
83 110 91506
83 111 14171
83 112 95904
83 113 11334
83 114 79776
83 115 58880
83 116 75333
83 117 41817
83 118 95414
83 119 59292
83 120 89291
83 121 77785
83 122 38266
83 123 102988
83 124 67962
83 125 33446
83 126 66611
83 127 53726
83 128 8846
83 129 71731
83 130 21562
83 131 67681
83 132 54487
83 133 74353
83 134 92413
83 135 34947
83 136 70393
83 137 60588
83 138 46160
83 139 67795
83 140 55762
83 141 31498
83 142 48956
83 143 51868
83 144 74993
83 145 17611
83 146 47844
83 147 93340
83 148 27189
83 149 101819
83 150 75002
83 151 76815
83 152 70853
83 153 86916
83 154 7679
83 155 32116
83 156 80288
83 157 94400
83 158 79666
83 159 62383
83 160 56911
83 161 108496
83 162 63934
83 163 85636
83 164 45967
83 165 64065
83 166 87086
83 167 64558
83 168 47399
83 169 78289
83 170 47230
83 171 57276
83 172 54987
83 173 54630
83 174 21931
83 175 79147
83 176 62809
83 177 74802
83 178 83218
83 179 95723
83 180 94397
83 181 85945
83 182 35366
83 183 67586
83 184 80339
83 185 82414
83 186 59076
83 187 3487
83 188 93576
83 189 21090
83 190 25094
83 191 59805
83 192 81705
83 193 97327
83 194 31718
83 195 56670
83 196 37653
83 197 66964
83 198 94020
83 199 45554
83 200 75866
83 201 41601
83 202 55106
83 203 29718
83 204 4924
83 205 37870
83 206 18800
83 207 69858
83 208 77731
83 209 38202
83 210 97271
83 211 72779
83 212 25764
83 213 15326
83 214 39800
83 215 91238
83 216 47342
83 217 66309
83 218 75616
83 219 55144
83 220 11810
83 221 84757
83 222 81078
83 223 36994
83 224 65051
83 225 73649
83 226 58517
83 227 86771
83 228 64073
83 229 45534
83 230 78399
83 231 61339
83 232 37744
83 233 68961
83 234 69883
83 235 25210
83 236 75430
83 237 97556
83 238 77499
83 239 8455
83 240 105338
83 241 93802
83 242 60898
83 243 61445
83 244 69343
83 245 27679
83 246 58945
83 247 72362
83 248 80385
83 249 53378
84 85 65023
84 86 13003
84 87 24766
84 88 35022
84 89 27153
84 90 53866
84 91 35086
84 92 52207
84 93 52118
84 94 33904
84 95 69519
84 96 38904
84 97 14026
84 98 42148
84 99 42104
84 100 38145
84 101 58897
84 102 15513
84 103 15563
84 104 41772
84 105 54087
84 106 47522
84 107 25892
84 108 15546
84 109 54100
84 110 24256
84 111 81410
84 112 29973
84 113 59335
84 114 28508
84 115 50383
84 116 37833
84 117 35296
84 118 40255
84 119 19055
84 120 24252
84 121 61724
84 122 53743
84 123 36906
84 124 35109
84 125 37761
84 126 64620
84 127 14522
84 128 70786
84 129 8137
84 130 46956
84 131 60892
84 132 13752
84 133 7393
84 134 30413
84 135 41082
84 136 43895
84 137 41471
84 138 39839
84 139 12128
84 140 43216
84 141 35925
84 142 39261
84 143 23833
84 144 19564
84 145 55164
84 146 56274
84 147 26466
84 148 41129
84 149 39806
84 150 13903
84 151 29783
84 152 12353
84 153 24846
84 154 74919
84 155 61839
84 156 29971
84 157 32953
84 158 37750
84 159 38801
84 160 38562
84 161 42165
84 162 35629
84 163 18634
84 164 45084
84 165 34956
84 166 23207
84 167 36758
84 168 56739
84 169 68701
84 170 20450
84 171 14445
84 172 30917
84 173 45413
84 174 47719
84 175 16369
84 176 11642
84 177 47502
84 178 33665
84 179 28698
84 180 36871
84 181 35557
84 182 36934
84 183 22279
84 184 33509
84 185 60901
84 186 47307
84 187 69555
84 188 32397
84 189 54544
84 190 49459
84 191 44567
84 192 41950
84 193 30076
84 194 57752
84 195 11067
84 196 40301
84 197 4184
84 198 33307
84 199 50819
84 200 30668
84 201 49658
84 202 45566
84 203 38311
84 204 64812
84 205 61925
84 206 59624
84 207 63894
84 208 66602
84 209 31380
84 210 30553
84 211 10733
84 212 47806
84 213 54530
84 214 27574
84 215 24297
84 216 52620
84 217 28467
84 218 8391
84 219 12169
84 220 66935
84 221 49473
84 222 30410
84 223 58332
84 224 19019
84 225 39368
84 226 58465
84 227 70909
84 228 26749
84 229 21724
84 230 19773
84 231 33076
84 232 58290
84 233 36483
84 234 50428
84 235 54846
84 236 61282
84 237 37977
84 238 10298
84 239 67399
84 240 38200
84 241 35397
84 242 45157
84 243 51636
84 244 27283
84 245 40186
84 246 24005
84 247 7521
84 248 43792
84 249 46430
85 86 66548
85 87 44886
85 88 31847
85 89 43274
85 90 79270
85 91 98995
85 92 37880
85 93 58657
85 94 32637
85 95 73884
85 96 93897
85 97 67849
85 98 28001
85 99 24111
85 100 62067
85 101 90670
85 102 70269
85 103 70521
85 104 63727
85 105 48032
85 106 107313
85 107 88457
85 108 74538
85 109 73728
85 110 80469
85 111 74892
85 112 76057
85 113 68898
85 114 49560
85 115 14748
85 116 98827
85 117 37507
85 118 59189
85 119 45986
85 120 70009
85 121 116588
85 122 87474
85 123 95767
85 124 32844
85 125 67912
85 126 1083
85 127 63781
85 128 60827
85 129 73160
85 130 63741
85 131 5859
85 132 55247
85 133 70641
85 134 94319
85 135 73949
85 136 100980
85 137 93962
85 138 29660
85 139 75498
85 140 22138
85 141 58617
85 142 84592
85 143 43042
85 144 84112
85 145 70938
85 146 95881
85 147 77683
85 148 62546
85 149 71953
85 150 78924
85 151 93136
85 152 76850
85 153 63956
85 154 69810
85 155 34396
85 156 94242
85 157 66727
85 158 100373
85 159 93108
85 160 26522
85 161 86133
85 162 30436
85 163 78509
85 164 25485
85 165 31156
85 166 66773
85 167 29536
85 168 18651
85 169 12838
85 170 60957
85 171 69342
85 172 34421
85 173 20385
85 174 66078
85 175 62019
85 176 53402
85 177 105600
85 178 48465
85 179 86007
85 180 61497
85 181 100178
85 182 69452
85 183 83537
85 184 45180
85 185 118197
85 186 97113
85 187 64906
85 188 96506
85 189 73847
85 190 43614
85 191 95667
85 192 38442
85 193 84755
85 194 85331
85 195 63122
85 196 36556
85 197 68450
85 198 65471
85 199 22252
85 200 93526
85 201 26324
85 202 20096
85 203 51365
85 204 60993
85 205 28689
85 206 47117
85 207 5253
85 208 12994
85 209 65097
85 210 88785
85 211 59922
85 212 71434
85 213 67277
85 214 58370
85 215 76628
85 216 19892
85 217 87652
85 218 70229
85 219 60832
85 220 75556
85 221 34992
85 222 94791
85 223 28953
85 224 46966
85 225 32750
85 226 8352
85 227 22056
85 228 39237
85 229 57477
85 230 84780
85 231 32268
85 232 28199
85 233 32085
85 234 105221
85 235 77890
85 236 115145
85 237 65829
85 238 69823
85 239 73065
85 240 88061
85 241 62294
85 242 19978
85 243 13412
85 244 88258
85 245 52211
85 246 79643
85 247 72438
85 248 105239
85 249 19959
86 87 33190
86 88 34779
86 89 24023
86 90 66814
86 91 40804
86 92 60877
86 93 63706
86 94 38966
86 95 81690
86 96 49744
86 97 26983
86 98 40385
86 99 46025
86 100 50525
86 101 71860
86 102 28289
86 103 4176
86 104 30074
86 105 64279
86 106 55916
86 107 22260
86 108 27343
86 109 66831
86 110 14656
86 111 93031
86 112 17229
86 113 71570
86 114 21448
86 115 52658
86 116 46115
86 117 43075
86 118 29368
86 119 23653
86 120 11250
86 121 71532
86 122 66699
86 123 29647
86 124 34082
86 125 50580
86 126 65955
86 127 27416
86 128 81673
86 129 15179
86 130 59229
86 131 61659
86 132 24379
86 133 9537
86 134 28718
86 135 54064
86 136 53727
86 137 52818
86 138 45713
86 139 21962
86 140 46242
86 141 47996
86 142 51844
86 143 30694
86 144 25872
86 145 67700
86 146 68903
86 147 14620
86 148 53474
86 149 26995
86 150 19056
86 151 36717
86 152 20417
86 153 12691
86 154 86465
86 155 69678
86 156 35524
86 157 20465
86 158 44767
86 159 49842
86 160 41359
86 161 29704
86 162 36112
86 163 12020
86 164 50621
86 165 35392
86 166 10417
86 167 37026
86 168 61781
86 169 67781
86 170 32999
86 171 27286
86 172 34973
86 173 48726
86 174 60157
86 175 5842
86 176 17139
86 177 56722
86 178 26047
86 179 20088
86 180 25439
86 181 39855
86 182 49841
86 183 31953
86 184 27157
86 185 69867
86 186 58939
86 187 80940
86 188 31014
86 189 67268
86 190 59122
86 191 56065
86 192 36496
86 193 20002
86 194 70754
86 195 23900
86 196 48393
86 197 15778
86 198 21028
86 199 56254
86 200 38056
86 201 55986
86 202 48751
86 203 49343
86 204 76059
86 205 68818
86 206 69461
86 207 64422
86 208 65565
86 209 44156
86 210 22662
86 211 7215
86 212 60584
86 213 66826
86 214 39735
86 215 12644
86 216 57646
86 217 38570
86 218 7715
86 219 24613
86 220 79337
86 221 44200
86 222 35702
86 223 65364
86 224 20198
86 225 36511
86 226 61179
86 227 68262
86 228 27459
86 229 33724
86 230 23965
86 231 34569
86 232 65189
86 233 35139
86 234 60712
86 235 67737
86 236 71410
86 237 25801
86 238 5309
86 239 79606
86 240 26785
86 241 23770
86 242 46738
86 243 53306
86 244 36527
86 245 51325
86 246 35814
86 247 13691
86 248 51368
86 249 50062
87 88 23250
87 89 25059
87 90 44302
87 91 55125
87 92 27789
87 93 33155
87 94 12394
87 95 52234
87 96 49207
87 97 23204
87 98 30818
87 99 20781
87 100 24794
87 101 53502
87 102 25546
87 103 37169
87 104 51453
87 105 31434
87 106 62429
87 107 50655
87 108 30114
87 109 41474
87 110 47392
87 111 61712
87 112 49327
87 113 42812
87 114 32362
87 115 30420
87 116 54067
87 117 10543
87 118 48003
87 119 11497
87 120 42491
87 121 72265
87 122 49076
87 123 61285
87 124 24808
87 125 28547
87 126 44767
87 127 19032
87 128 49297
87 129 32158
87 130 31601
87 131 42134
87 132 11630
87 133 31989
87 134 54979
87 135 34346
87 136 56174
87 137 49638
87 138 16218
87 139 32358
87 140 23097
87 141 21079
87 142 41486
87 143 4496
87 144 41281
87 145 40790
87 146 55555
87 147 47734
87 148 26996
87 149 54068
87 150 37471
87 151 49105
87 152 34405
87 153 39393
87 154 55097
87 155 37119
87 156 50758
87 157 46665
87 158 55920
87 159 48486
87 160 19809
87 161 61893
87 162 22204
87 163 42727
87 164 21445
87 165 21900
87 166 39963
87 167 23314
87 168 33052
87 169 51924
87 170 16300
87 171 24700
87 172 12508
87 173 24527
87 174 33347
87 175 32159
87 176 16081
87 177 60753
87 178 36326
87 179 52449
87 180 46692
87 181 56915
87 182 29241
87 183 39126
87 184 33872
87 185 73502
87 186 53463
87 187 49350
87 188 56857
87 189 41816
87 190 26022
87 191 51668
87 192 37761
87 193 53023
87 194 49843
87 195 18956
87 196 15569
87 197 26822
87 198 46244
87 199 27006
87 200 49282
87 201 25254
87 202 24849
87 203 18464
87 204 44315
87 205 37204
87 206 36370
87 207 45251
87 208 50179
87 209 23424
87 210 54635
87 211 26297
87 212 36358
87 213 38648
87 214 16048
87 215 45822
87 216 29093
87 217 42834
87 218 32523
87 219 16563
87 220 50982
87 221 43157
87 222 51392
87 223 33598
87 224 17276
87 225 30962
87 226 37183
87 227 56837
87 228 17938
87 229 13045
87 230 42909
87 231 18793
87 232 33582
87 233 26229
87 234 60746
87 235 44115
87 236 71003
87 237 49766
87 238 33525
87 239 50362
87 240 59903
87 241 46035
87 242 27066
87 243 32442
87 244 43653
87 245 20507
87 246 34757
87 247 31989
87 248 60484
87 249 24961
88 89 11646
88 90 67210
88 91 70039
88 92 39091
88 93 52899
88 94 14889
88 95 71844
88 96 69543
88 97 41649
88 98 7844
88 99 15722
88 100 47673
88 101 76723
88 102 44143
88 103 38703
88 104 36854
88 105 47095
88 106 80971
88 107 56868
88 108 47360
88 109 63782
88 110 48626
88 111 78746
88 112 44835
88 113 63425
88 114 19067
88 115 18724
88 116 71688
88 117 24324
88 118 32476
88 119 17322
88 120 38491
88 121 92993
88 122 72326
88 123 63924
88 124 2120
88 125 51772
88 126 31216
88 127 38270
88 128 64883
88 129 42987
88 130 53491
88 131 26882
88 132 28938
88 133 39683
88 134 62960
88 135 57596
88 136 75887
88 137 70750
88 138 20270
88 139 46603
88 140 14107
88 141 43871
88 142 63912
88 143 19112
88 144 54581
88 145 62536
88 146 78662
88 147 46014
88 148 49578
88 149 43149
88 150 48719
88 151 64541
88 152 47334
88 153 32725
88 154 72356
88 155 44100
88 156 64975
88 157 36838
88 158 72312
88 159 69031
88 160 10167
88 161 55780
88 162 2210
88 163 46782
88 164 22725
88 165 1851
88 166 35265
88 167 2467
88 168 30965
88 169 33736
88 170 38141
88 171 43024
88 172 11504
88 173 16626
88 174 55485
88 175 30174
88 176 23630
88 177 80116
88 178 19932
88 179 54166
88 180 33250
88 181 70566
88 182 52491
88 183 55898
88 184 16485
88 185 93373
88 186 75282
88 187 66564
88 188 65195
88 189 64082
88 190 41033
88 191 73172
88 192 15820
88 193 52999
88 194 72892
88 195 36381
88 196 28252
88 197 38902
88 198 35784
88 199 26948
88 200 65247
88 201 28761
88 202 16430
88 203 39500
88 204 61582
88 205 41016
88 206 50077
88 207 29671
88 208 31609
88 209 46627
88 210 56939
88 211 28384
88 212 59134
88 213 59851
88 214 39271
88 215 44867
88 216 27298
88 217 61123
88 218 39029
88 219 34516
88 220 71490
88 221 20054
88 222 65427
88 223 38305
88 224 16046
88 225 7988
88 226 27251
88 227 36166
88 228 8289
88 229 35490
88 230 54595
88 231 4720
88 232 37835
88 233 3140
88 234 81370
88 235 66812
88 236 92020
88 237 37378
88 238 38340
88 239 70238
88 240 56835
88 241 33495
88 242 12530
88 243 18860
88 244 60899
88 245 41320
88 246 54187
88 247 42046
88 248 77939
88 249 18294
89 90 68782
89 91 61961
89 92 47345
89 93 57806
89 94 22244
89 95 76967
89 96 64693
89 97 36949
89 98 16364
89 99 26183
89 100 49517
89 101 77058
89 102 39305
89 103 27718
89 104 27535
89 105 54015
89 106 74557
89 107 46284
89 108 41471
89 109 66410
89 110 37304
89 111 85435
89 112 33198
89 113 67770
89 114 8309
89 115 30360
89 116 64936
89 117 30405
89 118 23596
89 119 14589
89 120 26854
89 121 88014
89 122 72290
89 123 52585
89 124 10431
89 125 52434
89 126 42588
89 127 34435
89 128 72139
89 129 34490
89 130 56653
89 131 38079
89 132 25693
89 133 30323
89 134 52667
89 135 57744
89 136 70390
89 137 66555
89 138 28931
89 139 39260
89 140 25221
89 141 45924
89 142 61450
89 143 20602
89 144 46357
89 145 65842
89 146 77405
89 147 34429
89 148 51902
89 149 32466
89 150 39990
89 151 56866
89 152 39362
89 153 21102
89 154 78884
89 155 53778
89 156 56738
89 157 25731
89 158 64879
89 159 64370
89 160 20676
89 161 44318
89 162 13501
89 163 36008
89 164 32563
89 165 12832
89 166 23625
89 167 14099
89 168 42016
89 169 43760
89 170 36295
89 171 38118
89 172 17733
89 173 27801
89 174 58363
89 175 18949
89 176 17415
89 177 74272
89 178 11339
89 179 42821
89 180 23262
89 181 61940
89 182 52687
89 183 49243
89 184 8852
89 185 87675
89 186 71736
89 187 73066
89 188 54947
89 189 66766
89 190 48035
89 191 69318
89 192 15133
89 193 41480
89 194 74041
89 195 31723
89 196 35298
89 197 31308
89 198 24807
89 199 37451
89 200 57805
89 201 38591
89 202 27672
89 203 43355
89 204 68006
89 205 51333
89 206 57848
89 207 40709
89 208 41542
89 209 46519
89 210 45635
89 211 18447
89 212 61050
89 213 63686
89 214 39597
89 215 33354
89 216 38149
89 217 55109
89 218 29333
89 219 30442
89 220 75943
89 221 22415
89 222 57099
89 223 48338
89 224 9711
89 225 12633
89 226 38897
89 227 44535
89 228 7964
89 229 34548
89 230 45735
89 231 13451
89 232 47953
89 233 11276
89 234 76492
89 235 68817
89 236 87327
89 237 27063
89 238 28185
89 239 75167
89 240 45192
89 241 23131
89 242 24173
89 243 30477
89 244 54283
89 245 45361
89 246 49231
89 247 33332
89 248 70941
89 249 29400
90 91 58404
90 92 42696
90 93 22274
90 94 53518
90 95 23560
90 96 37668
90 97 40292
90 98 74362
90 99 59071
90 100 19546
90 101 11787
90 102 39694
90 103 69327
90 104 92934
90 105 33912
90 106 52058
90 107 72349
90 108 43009
90 109 6790
90 110 76565
90 111 37978
90 112 83816
90 113 16620
90 114 75110
90 115 67949
90 116 50164
90 117 44616
90 118 90202
90 119 54247
90 120 78045
90 121 50019
90 122 10622
90 123 85143
90 124 68926
90 125 16639
90 126 79648
90 127 39402
90 128 36216
90 129 55476
90 130 15535
90 131 79049
90 132 44764
90 133 59684
90 134 72466
90 135 12904
90 136 43796
90 137 34063
90 138 51952
90 139 49774
90 140 62261
90 141 23340
90 142 23253
90 143 48753
90 144 54861
90 145 10764
90 146 20362
90 147 79956
90 148 17760
90 149 92991
90 150 56965
90 151 53747
90 152 52839
90 153 77633
90 154 33540
90 155 50983
90 156 57597
90 157 85752
90 158 54908
90 159 36411
90 160 61155
90 161 95801
90 162 65852
90 163 70090
90 164 54541
90 165 65676
90 166 76670
90 167 66846
90 168 61296
90 169 89939
90 170 34320
90 171 40412
90 172 55813
90 173 62283
90 174 13196
90 175 69077
90 176 54348
90 177 47921
90 178 79661
90 179 79667
90 180 87939
90 181 62554
90 182 17024
90 183 46113
90 184 77617
90 185 54725
90 186 31673
90 187 31253
90 188 73139
90 189 6977
90 190 36386
90 191 32760
90 192 82063
90 193 82160
90 194 6065
90 195 42928
90 196 43435
90 197 51960
90 198 85798
90 199 57018
90 200 52462
90 201 52965
90 202 62754
90 203 28783
90 204 29702
90 205 55781
90 206 38187
90 207 81846
90 208 88752
90 209 23023
90 210 80548
90 211 62515
90 212 8163
90 213 14378
90 214 29275
90 215 77763
90 216 59390
90 217 42964
90 218 61367
90 219 42488
90 220 19024
90 221 87258
90 222 58373
90 223 53357
90 224 59721
90 225 75100
90 226 70977
90 227 96938
90 228 62175
90 229 34844
90 230 58749
90 231 62555
90 232 53969
90 233 70289
90 234 42465
90 235 2566
90 236 47664
90 237 90110
90 238 63790
90 239 21645
90 240 91007
90 241 86855
90 242 67389
90 243 70527
90 244 46410
90 245 27479
90 246 37391
90 247 56540
90 248 54472
90 249 61678
91 92 78309
91 93 69149
91 94 66645
91 95 80837
91 96 22320
91 97 32160
91 98 77234
91 99 75206
91 100 53475
91 101 56220
91 102 30079
91 103 39255
91 104 69301
91 105 76138
91 106 17619
91 107 26001
91 108 25133
91 109 62500
91 110 37599
91 111 94992
91 112 49295
91 113 71492
91 114 61744
91 115 84247
91 116 10178
91 117 64892
91 118 69522
91 119 53389
91 120 47954
91 121 35017
91 122 51829
91 123 35856
91 124 70188
91 125 48930
91 126 98701
91 127 36394
91 128 88672
91 129 27473
91 130 60968
91 131 95299
91 132 43917
91 133 32103
91 134 21135
91 135 47576
91 136 20316
91 137 26723
91 138 71343
91 139 23575
91 140 76871
91 141 53811
91 142 35270
91 143 56113
91 144 15605
91 145 65503
91 146 47911
91 147 43651
91 148 55940
91 149 63211
91 150 22139
91 151 6083
91 152 22733
91 153 52518
91 154 89447
91 155 88804
91 156 5294
91 157 58795
91 158 5628
91 159 23396
91 160 72533
91 161 56251
91 162 70519
91 163 32665
91 164 76560
91 165 69866
91 166 49261
91 167 71674
91 168 88094
91 169 103594
91 170 41386
91 171 30705
91 172 64580
91 173 78796
91 174 60314
91 175 46577
91 176 46436
91 177 20470
91 178 66624
91 179 36509
91 180 65236
91 181 4473
91 182 46921
91 183 16361
91 184 67261
91 185 31463
91 186 32418
91 187 85390
91 188 20242
91 189 62942
91 190 73554
91 191 29642
91 192 76264
91 193 40453
91 194 58852
91 195 36195
91 196 68784
91 197 31136
91 198 59819
91 199 82048
91 200 6466
91 201 79881
91 202 79028
91 203 60120
91 204 81772
91 205 90531
91 206 82122
91 207 98363
91 208 101531
91 209 45361
91 210 35337
91 211 43909
91 212 56870
91 213 66980
91 214 47625
91 215 42139
91 216 84195
91 217 15914
91 218 33522
91 219 38575
91 220 76765
91 221 83934
91 222 5120
91 223 86943
91 224 54093
91 225 74375
91 226 91829
91 227 105995
91 228 61750
91 229 44850
91 230 16840
91 231 67768
91 232 87114
91 233 71568
91 234 27265
91 235 60579
91 236 35857
91 237 64419
91 238 35536
91 239 78708
91 240 48782
91 241 63427
91 242 79501
91 243 85790
91 244 13065
91 245 61227
91 246 23788
91 247 28674
91 248 12008
91 249 79543
92 93 21021
92 94 25120
92 95 36465
92 96 66084
92 97 46798
92 98 43317
92 99 24411
92 100 28803
92 101 54433
92 102 48526
92 103 64907
92 104 74838
92 105 10198
92 106 81161
92 107 78005
92 108 53654
92 109 36605
92 110 75175
92 111 40354
92 112 76488
92 113 31028
92 114 55629
92 115 29908
92 116 74638
92 117 17942
92 118 70742
92 119 37820
92 120 69597
92 121 86318
92 122 52003
92 123 88990
92 124 41211
92 125 35032
92 126 38450
92 127 42760
92 128 26130
92 129 59031
92 130 27418
92 131 39000
92 132 38516
92 133 59552
92 134 81797
92 135 40393
92 136 73522
92 137 64757
92 138 18834
92 139 57767
92 140 27314
92 141 26479
92 142 53607
92 143 30309
92 144 66484
92 145 33467
92 146 61225
92 147 75314
92 148 28078
92 149 79361
92 150 63884
92 151 72258
92 152 60314
92 153 65722
92 154 34304
92 155 10529
92 156 74744
92 157 72198
92 158 77710
92 159 65020
92 160 29293
92 161 88901
92 162 36959
92 163 70465
92 164 17350
92 165 37242
92 166 66838
92 167 37354
92 168 19266
92 169 49789
92 170 37032
92 171 48122
92 172 29612
92 173 25906
92 174 29705
92 175 59310
92 176 43739
92 177 78326
92 178 58124
92 179 80234
92 180 70597
92 181 80949
92 182 37024
92 183 61981
92 184 54901
92 185 89290
92 186 66163
92 187 28746
92 188 83514
92 189 36659
92 190 6368
92 191 65519
92 192 54566
92 193 80785
92 194 48652
92 195 44251
92 196 12593
92 197 53670
92 198 71514
92 199 16607
92 200 71960
92 201 12621
92 202 26370
92 203 18928
92 204 24164
92 205 13635
92 206 11131
92 207 41369
92 208 49065
92 209 34939
92 210 82395
92 211 53846
92 212 35479
92 213 29693
92 214 30802
92 215 73462
92 216 18519
92 217 63641
92 218 60208
92 219 41994
92 220 37771
92 221 56689
92 222 75467
92 223 10751
92 224 42891
92 225 46349
92 226 30018
92 227 57997
92 228 39429
92 229 33729
92 230 68827
92 231 34964
92 232 11318
92 233 41961
92 234 75894
92 235 40988
92 236 84437
92 237 74289
92 238 61301
92 239 35447
92 240 87445
92 241 70375
92 242 32275
92 243 32467
92 244 65572
92 245 18561
92 246 55098
92 247 59088
92 248 80788
92 249 24554
93 94 38061
93 95 19163
93 96 52415
93 97 41733
93 98 58958
93 99 41319
93 100 15793
93 101 34049
93 102 42486
93 103 67172
93 104 84604
93 105 11659
93 106 67785
93 107 75776
93 108 47309
93 109 15808
93 110 76373
93 111 29336
93 112 80768
93 113 10763
93 114 65436
93 115 49002
93 116 63176
93 117 28582
93 118 81095
93 119 44626
93 120 74182
93 121 69656
93 122 32328
93 123 88060
93 124 54896
93 125 20441
93 126 59160
93 127 38768
93 128 19674
93 129 56782
93 130 8820
93 131 59235
93 132 39332
93 133 59251
93 134 77901
93 135 23788
93 136 59602
93 137 50016
93 138 34311
93 139 53152
93 140 44546
93 141 16570
93 142 38217
93 143 37399
93 144 60706
93 145 12464
93 146 41964
93 147 78175
93 148 13209
93 149 86963
93 150 60274
93 151 63484
93 152 56167
93 153 71947
93 154 22807
93 155 28719
93 156 66743
93 157 79534
93 158 67156
93 159 51208
93 160 44765
93 161 93353
93 162 51102
93 163 70550
93 164 35460
93 165 51133
93 166 72023
93 167 51865
93 168 40180
93 169 70144
93 170 32242
93 171 42609
93 172 41589
93 173 43929
93 174 10497
93 175 64078
93 176 47771
93 177 64260
93 178 69145
93 179 80644
93 180 79846
93 181 72615
93 182 22558
93 183 53829
93 184 66429
93 185 73518
93 186 49841
93 187 17492
93 188 79169
93 189 15807
93 190 15042
93 191 49919
93 192 68655
93 193 82194
93 194 28023
93 195 41618
93 196 25383
93 197 51927
93 198 79205
93 199 36688
93 200 62702
93 201 32540
93 202 44416
93 203 14769
93 204 13015
93 205 33634
93 206 16133
93 207 61808
93 208 69220
93 209 24044
93 210 82242
93 211 57673
93 212 16212
93 213 8673
93 214 24762
93 215 76073
93 216 38894
93 217 53336
93 218 60488
93 219 40032
93 220 18628
93 221 72456
93 222 67525
93 223 31416
93 224 50422
93 225 60836
93 226 50577
93 227 77891
93 228 50130
93 229 30407
93 230 63951
93 231 48220
93 232 32068
93 233 56029
93 234 60367
93 235 20305
93 236 67515
93 237 82866
93 238 62347
93 239 17411
93 240 90175
93 241 79168
93 242 49805
93 243 51629
93 244 56106
93 245 12712
93 246 45458
93 247 57363
93 248 68701
93 249 42966
94 95 56961
94 96 61601
94 97 35216
94 98 21100
94 99 8578
94 100 34205
94 101 63683
94 102 37632
94 103 43142
94 104 49718
94 105 32396
94 106 74717
94 107 59103
94 108 41951
94 109 49582
94 110 53622
94 111 64049
94 112 52925
94 113 48652
94 114 30544
94 115 18055
94 116 66191
94 117 9487
94 118 45635
94 119 15489
94 120 46082
94 121 84632
94 122 59613
94 123 68448
94 124 16937
94 125 39021
94 126 32470
94 127 31146
94 128 50365
94 129 41904
94 130 39170
94 131 29741
94 132 22738
94 133 40444
94 134 64204
94 135 45063
94 136 68555
94 137 61993
94 138 6963
94 139 43350
94 140 10704
94 141 30391
94 142 53517
94 143 10534
94 144 52154
94 145 48066
94 146 66804
94 147 52613
94 148 35758
94 149 54481
94 150 47546
94 151 60710
94 152 45002
94 153 41511
94 154 57606
94 155 31878
94 156 62044
94 157 47458
94 158 67806
94 159 60878
94 160 7827
94 161 64989
94 162 13041
94 163 50056
94 164 11655
94 165 13093
94 166 43096
94 167 13821
94 168 23018
94 169 39599
94 170 28680
94 171 36711
94 172 4554
94 173 12255
94 174 41266
94 175 36145
94 176 22870
94 177 73118
94 178 33040
94 179 59031
94 180 45506
94 181 68098
94 182 40082
94 183 50966
94 184 29875
94 185 85895
94 186 65680
94 187 51798
94 188 66247
94 189 49853
94 190 26336
94 191 63963
94 192 30705
94 193 58837
94 194 59377
94 195 30562
94 196 13480
94 197 36832
94 198 46685
94 199 17315
94 200 61022
94 201 17201
94 202 12543
94 203 25113
94 204 46790
94 205 30149
94 206 35787
94 207 32858
94 208 37903
94 209 34733
94 210 61525
94 211 31759
94 212 45362
94 213 45223
94 214 27454
94 215 50998
94 216 18868
94 217 55018
94 218 40492
94 219 28241
94 220 56677
94 221 34473
94 222 62632
94 223 26856
94 224 19159
94 225 22782
94 226 25193
94 227 44889
94 228 14384
94 229 25348
94 230 53268
94 231 10301
94 232 26584
94 233 17999
94 234 73128
94 235 52885
94 236 83342
94 237 49260
94 238 40800
94 239 55368
94 240 64451
94 241 45335
94 242 14862
94 243 20048
94 244 55643
94 245 26816
94 246 47067
94 247 41422
94 248 72604
94 249 12899
95 96 60964
95 97 57669
95 98 77614
95 99 59419
95 100 31416
95 101 32120
95 102 57873
95 103 84922
95 104 103680
95 105 26361
95 106 75580
95 107 91559
95 108 62171
95 109 18369
95 110 93588
95 111 14429
95 112 98889
95 113 10205
95 114 84564
95 115 66193
95 116 73197
95 117 47535
95 118 100220
95 119 63661
95 120 92460
95 121 72984
95 122 33402
95 123 104181
95 124 73871
95 125 33303
95 126 74546
95 127 55406
95 128 16552
95 129 73175
95 130 22572
95 131 75414
95 132 57510
95 133 76336
95 134 92762
95 135 33309
95 136 67298
95 137 57524
95 138 52653
95 139 68594
95 140 62585
95 141 33695
95 142 46327
95 143 56525
95 144 75125
95 145 15452
95 146 42537
95 147 95919
95 148 28421
95 149 105757
95 150 75892
95 151 75752
95 152 71697
95 153 90606
95 154 10521
95 155 40372
95 156 79420
95 157 98328
95 158 77780
95 159 59702
95 160 63320
95 161 111392
95 162 69984
95 163 87471
95 164 52991
95 165 70053
95 166 90467
95 167 70694
95 168 55284
95 169 86121
95 170 49108
95 171 58259
95 172 60639
95 173 61644
95 174 22054
95 175 82535
95 176 66373
95 177 71472
95 178 88306
95 179 97479
95 180 98889
95 181 84788
95 182 34932
95 183 67114
95 184 85590
95 185 77979
95 186 55206
95 187 10873
95 188 93741
95 189 17938
95 190 31896
95 191 56315
95 192 87644
95 193 99383
95 194 26237
95 195 58604
95 196 43875
95 197 68730
95 198 98057
95 199 53063
95 200 74641
95 201 49021
95 202 62127
95 203 33774
95 204 13134
95 205 46097
95 206 26861
95 207 77686
95 208 85479
95 209 38941
95 210 98815
95 211 76028
95 212 24081
95 213 15055
95 214 41994
95 215 93772
95 216 54969
95 217 65031
95 218 77745
95 219 57357
95 220 4725
95 221 91156
95 222 80209
95 223 45054
95 224 69464
95 225 79731
95 226 66324
95 227 94452
95 228 69289
95 229 47975
95 230 78747
95 231 67199
95 232 45798
95 233 74959
95 234 65975
95 235 21053
95 236 70547
95 237 101823
95 238 79817
95 239 2181
95 240 107714
95 241 98166
95 242 67794
95 243 68789
95 244 68279
95 245 31727
95 246 58318
95 247 73954
95 248 77806
95 249 60487
96 97 27979
96 98 77345
96 99 69898
96 100 37999
96 101 34078
96 102 25522
96 103 50043
96 104 79810
96 105 61476
96 106 15384
96 107 43717
96 108 23454
96 109 42709
96 110 52662
96 111 75367
96 112 63229
96 113 52426
96 114 67298
96 115 79603
96 116 12820
96 117 56810
96 118 78807
96 119 52291
96 120 59739
96 121 23458
96 122 29939
96 123 55599
96 124 70351
96 125 32223
96 126 93845
96 127 31296
96 128 71028
96 129 34600
96 130 43663
96 131 91340
96 132 40620
96 133 40251
96 134 41038
96 135 28888
96 136 7438
96 137 4424
96 138 64395
96 139 27790
96 140 72304
96 141 39681
96 142 14701
96 143 51872
96 144 26441
96 145 46180
96 146 25611
96 147 57968
96 148 39747
96 149 75960
96 150 32121
96 151 19509
96 152 29526
96 153 62435
96 154 70360
96 155 76476
96 156 23461
96 157 70051
96 158 17811
96 159 1262
96 160 68833
96 161 72766
96 162 69319
96 163 46396
96 164 69129
96 165 68796
96 166 59921
96 167 70520
96 168 79745
96 169 101020
96 170 32961
96 171 26686
96 172 61040
96 173 73656
96 174 42434
96 175 54598
96 176 47308
96 177 12242
96 178 72468
96 179 53509
96 180 75101
96 181 26776
96 182 30075
96 183 18037
96 184 72019
96 185 24306
96 186 10591
96 187 67004
96 188 40865
96 189 43115
96 190 60383
96 191 7597
96 192 79823
96 193 57051
96 194 37223
96 195 33284
96 196 59297
96 197 34914
96 198 70721
96 199 73943
96 200 17782
96 201 70910
96 202 73999
96 203 47160
96 204 64069
96 205 79405
96 206 67271
96 207 94456
96 208 99203
96 209 31147
96 210 53224
96 211 49608
96 212 37884
96 213 48371
96 214 36329
96 215 56001
96 216 76330
96 217 11460
96 218 42137
96 219 35034
96 220 56588
96 221 86989
96 222 24106
96 223 76036
96 224 55274
96 225 75717
96 226 85931
96 227 105287
96 228 61703
96 229 36419
96 230 30229
96 231 66062
96 232 76377
96 233 71851
96 234 11846
96 235 40049
96 236 22638
96 237 75504
96 238 44775
96 239 58927
96 240 66084
96 241 73479
96 242 76125
96 243 81649
96 244 14444
96 245 47633
96 246 15483
96 247 36087
96 248 16843
96 249 73945
97 98 49418
97 99 43775
97 100 26472
97 101 44880
97 102 2502
97 103 29140
97 104 55440
97 105 46155
97 106 39722
97 107 34100
97 108 7030
97 109 41174
97 110 36413
97 111 70436
97 112 43657
97 113 47486
97 114 40431
97 115 53196
97 116 30981
97 117 32737
97 118 53586
97 119 24348
97 120 38209
97 121 51432
97 122 39722
97 123 46572
97 124 42396
97 125 24789
97 126 67661
97 127 4236
97 128 61205
97 129 15543
97 130 35265
97 131 64682
97 132 12908
97 133 19394
97 134 36287
97 135 27405
97 136 34246
97 137 29614
97 138 39369
97 139 11493
97 140 45784
97 141 25172
97 142 25573
97 143 24871
97 144 19783
97 145 42709
97 146 42458
97 147 39666
97 148 29437
97 149 53828
97 150 18542
97 151 26089
97 152 14450
97 153 38787
97 154 64151
97 155 57169
97 156 28135
97 157 46925
97 158 32717
97 159 27553
97 160 41848
97 161 55516
97 162 41537
97 163 30053
97 164 44530
97 165 40986
97 166 37233
97 167 42739
97 168 55986
97 169 73849
97 170 9989
97 171 1497
97 172 33879
97 173 47471
97 174 35616
97 175 30225
97 176 19543
97 177 38544
97 178 45559
97 179 39923
97 180 50477
97 181 34356
97 182 23650
97 183 15958
97 184 44699
97 185 51738
97 186 34855
97 187 59149
97 188 37690
97 189 41631
97 190 42639
97 191 32379
97 192 52065
97 193 42106
97 194 43897
97 195 5306
97 196 36679
97 197 11671
97 198 47226
97 199 49948
97 200 26147
97 201 47722
97 202 47754
97 203 29743
97 204 54737
97 205 58543
97 206 52057
97 207 67794
97 208 71936
97 209 18745
97 210 41159
97 211 24087
97 212 34817
97 213 42627
97 214 17309
97 215 37474
97 216 52135
97 217 19876
97 218 21081
97 219 7203
97 220 54647
97 221 59102
97 222 28828
97 223 54935
97 224 27391
97 225 47741
97 226 60318
97 227 77603
97 228 33734
97 229 13075
97 230 22534
97 231 38361
97 232 55075
97 233 43893
97 234 39825
97 235 41463
97 236 50580
97 237 51844
97 238 23543
97 239 55503
97 240 50812
97 241 49092
97 242 49080
97 243 55003
97 244 20457
97 245 31258
97 246 12544
97 247 16435
97 248 37391
97 249 48043
98 99 18919
98 100 54883
98 101 84135
98 102 51907
98 103 44066
98 104 36558
98 105 52126
98 106 88597
98 107 62645
98 108 55006
98 109 70639
98 110 53469
98 111 83556
98 112 48190
98 113 69630
98 114 21644
98 115 17670
98 116 79238
98 117 30526
98 118 32007
98 119 25071
98 120 42358
98 121 100799
98 122 79825
98 123 68689
98 124 7104
98 125 59222
98 126 27186
98 127 46090
98 128 69429
98 129 49951
98 130 60250
98 131 22427
98 132 36760
98 133 46253
98 134 68993
98 135 65114
98 136 83636
98 137 78585
98 138 25060
98 139 53949
98 140 16223
98 141 51064
98 142 71726
98 143 26817
98 144 61690
98 145 69166
98 146 86343
98 147 50158
98 148 56640
98 149 44201
98 150 55616
98 151 71851
98 152 54501
98 153 36152
98 154 77322
98 155 46757
98 156 72106
98 157 38745
98 158 79704
98 159 76845
98 160 14314
98 161 58137
98 162 8617
98 163 52371
98 164 26094
98 165 8935
98 166 39138
98 167 7544
98 168 31782
98 169 27396
98 170 45962
98 171 50778
98 172 18594
98 173 18204
98 174 62322
98 175 35254
98 176 31023
98 177 87828
98 178 20551
98 179 58946
98 180 33817
98 181 77560
98 182 60024
98 183 63435
98 184 17205
98 185 101113
98 186 83126
98 187 71598
98 188 71265
98 189 70918
98 190 46138
98 191 81016
98 192 12064
98 193 57351
98 194 80128
98 195 44135
98 196 33738
98 197 46139
98 198 37508
98 199 29067
98 200 72623
98 201 31764
98 202 17834
98 203 46194
98 204 66719
98 205 42878
98 206 54445
98 207 24796
98 208 25181
98 209 54241
98 210 61790
98 211 34566
98 212 66237
98 213 66301
98 214 46867
98 215 49281
98 216 28745
98 217 68785
98 218 45416
98 219 42311
98 220 77584
98 221 13548
98 222 72526
98 223 40659
98 224 23157
98 225 4777
98 226 25361
98 227 28762
98 228 15778
98 229 43262
98 230 61455
98 231 12025
98 232 40085
98 233 5673
98 234 89178
98 235 73843
98 236 99844
98 237 38133
98 238 44437
98 239 76116
98 240 60164
98 241 34477
98 242 12159
98 243 16699
98 244 68456
98 245 47915
98 246 61962
98 247 48920
98 248 85446
98 249 19857
99 100 40352
99 101 69795
99 102 46181
99 103 50185
99 104 52558
99 105 33481
99 106 83203
99 107 66877
99 108 50528
99 109 54472
99 110 60599
99 111 64713
99 112 58721
99 113 52082
99 114 34274
99 115 9755
99 116 74741
99 117 14674
99 118 48196
99 119 23247
99 120 52027
99 121 92774
99 122 66031
99 123 75667
99 124 17767
99 125 45688
99 126 23987
99 127 39684
99 128 50537
99 129 50176
99 130 44029
99 131 21560
99 132 31310
99 133 48384
99 134 72213
99 135 51785
99 136 76926
99 137 70125
99 138 7152
99 139 51863
99 140 3239
99 141 36634
99 142 61225
99 143 19095
99 144 60632
99 145 52450
99 146 73733
99 147 59020
99 148 41466
99 149 58524
99 150 55867
99 151 69280
99 152 53444
99 153 46868
99 154 58543
99 155 28425
99 156 70579
99 157 51910
99 158 76384
99 159 69140
99 160 5595
99 161 70327
99 162 13513
99 163 57508
99 164 7215
99 165 13989
99 166 48903
99 167 13584
99 168 16006
99 169 31857
99 170 36937
99 171 45271
99 172 11278
99 173 3757
99 174 46267
99 175 42565
99 176 30774
99 177 81523
99 178 35623
99 179 66091
99 180 48843
99 181 76612
99 182 46969
99 183 59544
99 184 32194
99 185 94204
99 186 73571
99 187 52865
99 188 74301
99 189 54690
99 190 27604
99 191 71973
99 192 30428
99 193 65571
99 194 65067
99 195 39140
99 196 16028
99 197 45195
99 198 50961
99 199 11305
99 200 69599
99 201 13121
99 202 4117
99 203 30289
99 204 48058
99 205 25330
99 206 35542
99 207 24654
99 208 30337
99 209 42027
99 210 68687
99 211 38914
99 212 50936
99 213 49240
99 214 34960
99 215 57564
99 216 12012
99 217 63549
99 218 48285
99 219 36819
99 220 59794
99 221 32289
99 222 71159
99 223 22583
99 224 25837
99 225 22216
99 226 16623
99 227 37999
99 228 19311
99 229 33509
99 230 61636
99 231 12732
99 232 22113
99 233 18202
99 234 81329
99 235 58148
99 236 91415
99 237 52894
99 238 48363
99 239 58054
99 240 70531
99 241 48980
99 242 8496
99 243 12024
99 244 64213
99 245 31659
99 246 55535
99 247 49622
99 248 81156
99 249 4353
100 101 29515
100 102 26972
100 103 53620
100 104 74555
100 105 23489
100 106 53334
100 107 60557
100 108 31659
100 109 17029
100 110 62172
100 111 43966
100 112 67755
100 113 21215
100 114 56191
100 115 49642
100 116 47948
100 117 25693
100 118 71552
100 119 35112
100 120 61487
100 121 57518
100 122 25687
100 123 73038
100 124 49380
100 125 6237
100 126 62310
100 127 24000
100 128 35462
100 129 41869
100 130 8854
100 131 61131
100 132 26807
100 133 44920
100 134 62345
100 135 11969
100 136 45381
100 137 36233
100 138 33383
100 139 37715
100 140 43462
100 141 3822
100 142 24849
100 143 29266
100 144 45009
100 145 17245
100 146 33816
100 147 64591
100 148 2996
100 149 75519
100 150 44938
100 151 47749
100 152 40778
100 153 60182
100 154 37717
100 155 38881
100 156 50965
100 157 68142
100 158 51715
100 159 36858
100 160 41945
100 161 80172
100 162 46344
100 163 56071
100 164 36685
100 165 46154
100 166 59698
100 167 47353
100 168 45177
100 169 71874
100 170 17704
100 171 27207
100 172 36306
100 173 43771
100 174 9638
100 175 51843
100 176 36170
100 177 50151
100 178 60565
100 179 66100
100 180 69609
100 181 56869
100 182 8230
100 183 38039
100 184 58369
100 185 60605
100 186 37362
100 187 32869
100 188 63543
100 189 17417
100 190 22732
100 191 36789
100 192 62546
100 193 67968
100 194 25245
100 195 27192
100 196 25519
100 197 37327
100 198 68029
100 199 40107
100 200 47016
100 201 36345
100 202 44225
100 203 10771
100 204 28716
100 205 42417
100 206 29337
100 207 64066
100 208 70518
100 209 8253
100 210 67499
100 211 45258
100 212 11568
100 213 16390
100 214 10874
100 215 62432
100 216 42562
100 217 37755
100 218 46336
100 219 26012
100 220 28820
100 221 67717
100 222 51747
100 223 39312
100 224 40742
100 225 55555
100 226 53716
100 227 78351
100 228 42711
100 229 16901
100 230 48344
100 231 43030
100 232 39770
100 233 50746
100 234 47220
100 235 19333
100 236 55636
100 237 72112
100 238 48438
100 239 29279
100 240 76320
100 241 68664
100 242 48457
100 243 52147
100 244 40414
100 245 10393
100 246 29724
100 247 42596
100 248 53714
100 249 43371
101 102 43674
101 103 73835
101 104 99636
101 105 45695
101 106 46589
101 107 73913
101 108 45852
101 109 18363
101 110 79868
101 111 45956
101 112 88308
101 113 27421
101 114 82727
101 115 78923
101 116 46884
101 117 55171
101 118 97284
101 119 62482
101 120 83072
101 121 41208
101 122 5175
101 123 86581
101 124 78310
101 125 24956
101 126 91012
101 127 45048
101 128 46673
101 129 58939
101 130 27112
101 131 90215
101 132 51946
101 133 63780
101 134 72911
101 135 19324
101 136 38766
101 137 29836
101 138 62753
101 139 52541
101 140 72933
101 141 33309
101 142 21997
101 143 57811
101 144 55913
101 145 22175
101 146 10665
101 147 83941
101 148 28371
101 149 98668
101 150 59299
101 151 52490
101 152 55418
101 153 83499
101 154 42609
101 155 62765
101 156 56493
101 157 91661
101 158 51888
101 159 32920
101 160 71448
101 161 99735
101 162 75539
101 163 73290
101 164 65673
101 165 75296
101 166 82095
101 167 76591
101 168 72878
101 169 101057
101 170 41151
101 171 44615
101 172 65548
101 173 73138
101 174 24785
101 175 74894
101 176 61422
101 177 42172
101 178 87519
101 179 82282
101 180 94628
101 181 60616
101 182 24416
101 183 46697
101 184 85782
101 185 46556
101 186 25531
101 187 41348
101 188 73219
101 189 18454
101 190 48102
101 191 27537
101 192 91006
101 193 85183
101 194 6286
101 195 48542
101 196 54491
101 197 56301
101 198 91873
101 199 68434
101 200 50957
101 201 64427
101 202 73600
101 203 39639
101 204 40546
101 205 67565
101 206 49877
101 207 93069
101 208 99790
101 209 30547
101 210 82764
101 211 68506
101 212 19240
101 213 25952
101 214 37668
101 215 81768
101 216 70834
101 217 42121
101 218 65596
101 219 48638
101 220 27400
101 221 96656
101 222 57224
101 223 65117
101 224 67630
101 225 84462
101 226 82346
101 227 107782
101 228 71013
101 229 42521
101 230 59941
101 231 72169
101 232 65722
101 233 79728
101 234 35655
101 235 13829
101 236 38715
101 237 96387
101 238 68179
101 239 30595
101 240 94244
101 241 93388
101 242 77961
101 243 81468
101 244 45710
101 245 38553
101 246 38668
101 247 60185
101 248 50039
101 249 72640
102 103 30164
102 104 57197
102 105 47455
102 106 37239
102 107 33693
102 108 5141
102 109 40985
102 110 36871
102 111 70891
102 112 44654
102 113 47732
102 114 42585
102 115 55633
102 116 28560
102 117 34904
102 118 55473
102 119 26836
102 120 39442
102 121 48968
102 122 38501
102 123 46319
102 124 44878
102 125 24715
102 126 70091
102 127 6514
102 128 62068
102 129 15788
102 130 35653
102 131 67142
102 132 15405
102 133 20176
102 134 35417
102 135 26793
102 136 31748
102 137 27254
102 138 41664
102 139 10755
102 140 48224
102 141 26008
102 142 23769
102 143 27325
102 144 18431
102 145 42737
102 146 40764
102 147 40448
102 148 29888
102 149 55249
102 150 18028
102 151 23997
102 152 13842
102 153 40359
102 154 64685
102 155 58952
102 156 26239
102 157 48460
102 158 30422
102 159 25120
102 160 44318
102 161 56298
102 162 44038
102 163 30404
102 164 46797
102 165 43486
102 166 38639
102 167 45240
102 168 58199
102 169 76338
102 170 11506
102 171 1192
102 172 36356
102 173 49886
102 174 35842
102 175 31859
102 176 21890
102 177 36043
102 178 47730
102 179 40096
102 180 52259
102 181 32455
102 182 23394
102 183 13769
102 184 46956
102 185 49239
102 186 32609
102 187 59804
102 188 36701
102 189 41445
102 190 44169
102 191 30078
102 192 54432
102 193 42477
102 194 43013
102 195 7776
102 196 38705
102 197 12628
102 198 48819
102 199 52170
102 200 23961
102 201 49858
102 202 50174
102 203 31067
102 204 55500
102 205 60485
102 206 53395
102 207 70255
102 208 74429
102 209 18972
102 210 41169
102 211 25891
102 212 34632
102 213 42880
102 214 18491
102 215 38259
102 216 54381
102 217 17412
102 218 21955
102 219 9703
102 220 54692
102 221 61510
102 222 26953
102 223 56889
102 224 29791
102 225 50196
102 226 62700
102 227 80104
102 228 36211
102 229 14838
102 230 21482
102 231 40862
102 232 57049
102 233 46374
102 234 37367
102 235 41000
102 236 48139
102 237 53481
102 238 24514
102 239 55698
102 240 51316
102 241 50832
102 242 51558
102 243 57458
102 244 18118
102 245 32482
102 246 10064
102 247 16852
102 248 34975
102 249 50435
103 104 30364
103 105 68101
103 106 55081
103 107 18772
103 108 28541
103 109 69663
103 110 10482
103 111 96508
103 112 14517
103 113 74763
103 114 24340
103 115 56724
103 116 45356
103 117 47151
103 118 30283
103 119 27812
103 120 9715
103 121 71170
103 122 68661
103 123 25505
103 124 37922
103 125 53317
103 126 69911
103 127 30075
103 128 85363
103 129 15633
103 130 62393
103 131 65566
103 132 27936
103 133 10193
103 134 25464
103 135 56487
103 136 53507
103 137 53364
103 138 49882
103 139 22559
103 140 50367
103 141 51247
103 142 53296
103 143 34790
103 144 25007
103 145 70701
103 146 70333
103 147 11011
103 148 56592
103 149 25950
103 150 18348
103 151 35660
103 152 20520
103 153 13269
103 154 89965
103 155 73786
103 156 34044
103 157 20151
103 158 43575
103 159 50245
103 160 45484
103 161 26602
103 162 40099
103 163 8407
103 164 54797
103 165 39379
103 166 10151
103 167 40985
103 168 65954
103 169 71448
103 170 35964
103 171 29252
103 172 39146
103 173 52860
103 174 63223
103 175 8877
103 176 21179
103 177 56210
103 178 28604
103 179 15915
103 180 26062
103 181 37891
103 182 52453
103 183 32040
103 184 30078
103 185 69151
103 186 59612
103 187 84489
103 188 27774
103 189 70107
103 190 63025
103 191 56675
103 192 39479
103 193 15895
103 194 73037
103 195 26630
103 196 52456
103 197 17544
103 198 20973
103 199 60431
103 200 37123
103 201 60151
103 202 52879
103 203 52951
103 204 79647
103 205 72974
103 206 73352
103 207 68294
103 208 69222
103 209 46943
103 210 18510
103 211 11386
103 212 63367
103 213 69982
103 214 42928
103 215 8903
103 216 61820
103 217 38678
103 218 8306
103 219 27609
103 220 82434
103 221 47135
103 222 34135
103 223 69513
103 224 24351
103 225 40051
103 226 65259
103 227 71630
103 228 31528
103 229 36968
103 230 22540
103 231 38644
103 232 69343
103 233 38927
103 234 60641
103 235 70364
103 236 71198
103 237 25724
103 238 5663
103 239 82818
103 240 23048
103 241 24284
103 242 50769
103 243 57323
103 244 36320
103 245 54909
103 246 36833
103 247 14191
103 248 50279
103 249 54207
104 105 81486
104 106 85438
104 107 45556
104 108 57075
104 109 91572
104 110 33092
104 111 112764
104 112 21953
104 113 94135
104 114 19365
104 115 54088
104 116 75720
104 117 57885
104 118 4558
104 119 40029
104 120 21366
104 121 101465
104 122 94576
104 123 44670
104 124 34864
104 125 76295
104 126 62790
104 127 54640
104 128 99622
104 129 45250
104 130 82450
104 131 57897
104 132 48170
104 133 39600
104 134 52423
104 135 80826
104 136 83721
104 137 82811
104 138 56248
104 139 52020
104 140 50871
104 141 71270
104 142 80961
104 143 47235
104 144 55371
104 145 91544
104 146 97898
104 147 27123
104 148 77225
104 149 9825
104 150 48677
104 151 65993
104 152 50455
104 153 17389
104 154 106182
104 155 80813
104 156 64185
104 157 10572
104 158 73840
104 159 79887
104 160 46974
104 161 25619
104 162 39057
104 163 36754
104 164 59424
104 165 38570
104 166 20213
104 167 39114
104 168 67588
104 169 59114
104 170 58745
104 171 56080
104 172 45243
104 173 53315
104 174 83913
104 175 25436
104 176 38588
104 177 86547
104 178 16939
104 179 36788
104 180 5010
104 181 67481
104 182 76068
104 183 62012
104 184 20369
104 185 99515
104 186 88852
104 187 100377
104 188 54588
104 189 91966
104 190 75535
104 191 86021
104 192 25284
104 193 33323
104 194 97619
104 195 51202
104 196 62830
104 197 45326
104 198 9482
104 199 63801
104 200 67478
104 201 65488
104 202 53064
104 203 69906
104 204 95313
104 205 77870
104 206 85383
104 207 59643
104 208 56958
104 209 69943
104 210 39406
104 211 31354
104 212 85746
104 213 89793
104 214 63899
104 215 27967
104 216 64075
104 217 68638
104 218 37742
104 219 50998
104 220 102277
104 221 30085
104 222 64209
104 223 75120
104 224 34226
104 225 31900
104 226 61914
104 227 55460
104 228 35496
104 229 58121
104 230 52805
104 231 40227
104 232 74667
104 233 34683
104 234 90760
104 235 93379
104 236 101417
104 237 5100
104 238 35167
104 239 101790
104 240 30910
104 241 6378
104 242 48168
104 243 53256
104 244 66508
104 245 71955
104 246 65592
104 247 43761
104 248 80574
104 249 55008
105 106 76822
105 107 79228
105 108 52552
105 109 27462
105 110 77987
105 111 31660
105 112 80729
105 113 20982
105 114 62123
105 115 39842
105 116 71260
105 117 23610
105 118 77611
105 119 42601
105 120 73912
105 121 80160
105 122 43812
105 123 90919
105 124 49194
105 125 29345
105 126 48620
105 127 42513
105 128 18138
105 129 60008
105 130 19473
105 131 49190
105 132 40443
105 133 61465
105 134 82254
105 135 33872
105 136 68840
105 137 59564
105 138 27091
105 139 57584
105 140 36565
105 141 22388
105 142 47948
105 143 34946
105 144 65866
105 145 24011
105 146 53352
105 147 78897
105 148 21855
105 149 85106
105 150 64283
105 151 70226
105 152 60399
105 153 70739
105 154 25268
105 155 17072
105 156 73122
105 157 77771
105 158 74825
105 159 60326
105 160 37844
105 161 93312
105 162 45073
105 163 72707
105 164 26780
105 165 45253
105 166 71396
105 167 45632
105 168 29388
105 169 59986
105 170 36172
105 171 47297
105 172 36584
105 173 35445
105 174 21559
105 175 63586
105 176 47374
105 177 73597
105 178 65171
105 179 82724
105 180 76993
105 181 79215
105 182 31476
105 183 60135
105 184 62131
105 185 83662
105 186 60108
105 187 19496
105 188 83768
105 189 27451
105 190 6065
105 191 59863
105 192 62856
105 193 83745
105 194 39682
105 195 44710
105 196 18917
105 197 54791
105 198 77238
105 199 26730
105 200 69682
105 201 22666
105 202 35923
105 203 16412
105 204 14595
105 205 22012
105 206 5985
105 207 51566
105 208 59254
105 209 31022
105 210 84639
105 211 57602
105 212 27426
105 213 20159
105 214 28969
105 215 76912
105 216 28703
105 217 60741
105 218 62407
105 219 42703
105 220 27574
105 221 65642
105 222 73882
105 223 19971
105 224 48146
105 225 54726
105 226 40214
105 227 68163
105 228 46065
105 229 33414
105 230 68678
105 231 42656
105 232 20654
105 233 50115
105 234 70345
105 235 31963
105 236 78118
105 237 80422
105 238 63876
105 239 25277
105 240 91065
105 241 76571
105 242 41700
105 243 42433
105 244 63119
105 245 15003
105 246 52403
105 247 60316
105 248 77131
105 249 34221
106 107 43536
106 108 33612
106 109 57537
106 110 54765
106 111 90010
106 112 66307
106 113 67423
106 114 75743
106 115 92766
106 116 9815
106 117 70849
106 118 85213
106 119 63688
106 120 64302
106 121 17420
106 122 43232
106 123 53357
106 124 81499
106 125 47603
106 126 107179
106 127 43628
106 128 86261
106 129 41196
106 130 59017
106 131 104345
106 132 52617
106 133 46567
106 134 38719
106 135 44174
106 136 8312
106 137 18124
106 138 78178
106 139 35411
106 140 85374
106 141 54880
106 142 29806
106 143 64535
106 144 30105
106 145 61146
106 146 36646
106 147 60703
106 148 55126
106 149 80014
106 150 36885
106 151 19485
106 152 35909
106 153 68256
106 154 85244
106 155 91609
106 156 21903
106 157 75094
106 158 12147
106 159 16579
106 160 81549
106 161 73795
106 162 81045
106 163 49374
106 164 83105
106 165 80461
106 166 65230
106 167 82241
106 168 94056
106 169 113567
106 170 46604
106 171 38261
106 172 73594
106 173 86939
106 174 57739
106 175 61429
106 176 57689
106 177 4485
106 178 80823
106 179 54031
106 180 81105
106 181 21328
106 182 45455
106 183 25317
106 184 80954
106 185 14134
106 186 21062
106 187 82106
106 188 37693
106 189 57922
106 190 75575
106 191 19377
106 192 89466
106 193 57943
106 194 50737
106 195 44805
106 196 73749
106 197 43338
106 198 76007
106 199 88150
106 200 17961
106 201 85326
106 202 87248
106 203 62242
106 204 79314
106 205 94347
106 206 82635
106 207 107462
106 208 111644
106 209 46263
106 210 52938
106 211 57623
106 212 53024
106 213 63516
106 214 50916
106 215 59051
106 216 90487
106 217 19889
106 218 48259
106 219 46910
106 220 71082
106 221 96950
106 222 22118
106 223 90922
106 224 65710
106 225 86393
106 226 99561
106 227 117104
106 228 72820
106 229 50178
106 230 32723
106 231 77956
106 232 91230
106 233 82965
106 234 11867
106 235 54534
106 236 18423
106 237 80714
106 238 50622
106 239 73603
106 240 66377
106 241 79347
106 242 88795
106 243 94650
106 244 20274
106 245 62816
106 246 27674
106 247 42612
106 248 5734
106 249 87386
107 108 29530
107 109 74403
107 110 12497
107 111 104522
107 112 24170
107 113 81425
107 114 43058
107 115 74266
107 116 34839
107 117 61178
107 118 46696
107 119 43683
107 120 24660
107 121 60822
107 122 68892
107 123 12794
107 124 56274
107 125 58328
107 126 87911
107 127 37073
107 128 95111
107 129 19221
107 130 69311
107 131 83724
107 132 39490
107 133 18761
107 134 6955
107 135 59679
107 136 44634
107 137 47868
107 138 65390
107 139 22969
107 140 67508
107 141 59207
107 142 51961
107 143 49479
107 144 18035
107 145 76360
107 146 67913
107 147 18603
107 148 63508
107 149 38246
107 150 15668
107 151 25030
107 152 19863
107 153 30499
107 154 98251
107 155 87723
107 156 21785
107 157 35035
107 158 31391
107 159 44366
107 160 62666
107 161 30260
107 162 58073
107 163 10365
107 164 70566
107 165 57355
107 166 26910
107 167 59042
107 168 82113
107 169 90040
107 170 43604
107 171 33364
107 172 55607
107 173 69892
107 174 69535
107 175 27637
107 176 36233
107 177 45925
107 178 47122
107 179 10509
107 180 42187
107 181 23062
107 182 56872
107 183 27300
107 184 48787
107 185 57463
107 186 54260
107 187 93227
107 188 9226
107 189 74866
107 190 74950
107 191 51225
107 192 58192
107 193 14465
107 194 74710
107 195 34550
107 196 66191
107 197 24469
107 198 36273
107 199 76302
107 200 26820
107 201 75385
107 202 69973
107 203 63016
107 204 88754
107 205 87779
107 206 84939
107 207 86539
107 208 87825
107 209 52660
107 210 9584
107 211 28539
107 212 68093
107 213 76573
107 214 51107
107 215 17589
107 216 77967
107 217 32802
107 218 18614
107 219 36526
107 220 88308
107 221 65812
107 222 21472
107 223 84196
107 224 41561
107 225 58746
107 226 82680
107 227 90397
107 228 49221
107 229 45927
107 230 13997
107 231 56241
107 232 84140
107 233 57366
107 234 51965
107 235 73953
107 236 61460
107 237 40482
107 238 18650
107 239 89383
107 240 22899
107 241 40336
107 242 68522
107 243 75111
107 244 29407
107 245 64732
107 246 35343
107 247 18966
107 248 38000
107 249 71092
108 109 44874
108 110 34028
108 111 75426
108 112 42781
108 113 52102
108 114 43845
108 115 59836
108 116 24479
108 117 39760
108 118 55742
108 119 30079
108 120 38140
108 121 46579
108 122 40695
108 123 42284
108 124 47916
108 125 28875
108 126 74318
108 127 11261
108 128 66942
108 129 13150
108 130 40202
108 131 71203
108 132 19316
108 133 18349
108 134 30713
108 135 30222
108 136 28921
108 137 25925
108 138 46315
108 139 6783
108 140 52421
108 141 30929
108 142 24782
108 143 31497
108 144 13421
108 145 46884
108 146 41798
108 147 38174
108 148 34519
108 149 54256
108 150 13972
108 151 19066
108 152 9830
108 153 39868
108 154 69301
108 155 64069
108 156 21145
108 157 47798
108 158 25858
108 159 23292
108 160 48336
108 161 53911
108 162 47445
108 163 27456
108 164 51500
108 165 46855
108 166 37752
108 167 48640
108 168 62988
108 169 80124
108 170 16645
108 171 5594
108 172 40340
108 173 54193
108 174 40235
108 175 31652
108 176 24250
108 177 32901
108 178 49015
108 179 36732
108 180 52238
108 181 27366
108 182 27359
108 183 9023
108 184 48593
108 185 46271
108 186 31809
108 187 64528
108 188 31884
108 189 45336
108 190 49309
108 191 29037
108 192 56566
108 193 39426
108 194 45824
108 195 11425
108 196 43699
108 197 11752
108 198 48305
108 199 56946
108 200 19170
108 201 54749
108 202 54459
108 203 36179
108 204 60311
108 205 65537
108 206 58500
108 207 74306
108 208 78163
108 209 23508
108 210 37541
108 211 26279
108 212 38567
108 213 47272
108 214 23584
108 215 36019
108 216 59118
108 217 13782
108 218 20243
108 219 13711
108 220 58818
108 221 63864
108 222 21850
108 223 61934
108 224 32288
108 225 52942
108 226 67117
108 227 83494
108 228 39229
108 229 19944
108 230 16693
108 231 44390
108 232 62081
108 233 49389
108 234 35127
108 235 44511
108 236 45989
108 237 53050
108 238 22917
108 239 59991
108 240 48437
108 241 50700
108 242 55503
108 243 61560
108 244 13756
108 245 37565
108 246 8518
108 247 14474
108 248 30841
108 249 54826
109 110 77568
109 111 32694
109 112 84015
109 113 10107
109 114 73202
109 115 63001
109 116 54845
109 117 40361
109 118 88581
109 119 52093
109 120 77948
109 121 56488
109 122 17371
109 123 87147
109 124 65602
109 125 16407
109 126 74158
109 127 39601
109 128 29654
109 129 56674
109 130 10460
109 131 73823
109 132 43659
109 133 60418
109 134 75121
109 135 15113
109 136 49228
109 137 39420
109 138 47320
109 139 51505
109 140 57699
109 141 20494
109 142 28027
109 143 45970
109 144 57438
109 145 3998
109 146 27128
109 147 80508
109 148 14509
109 149 92342
109 150 58800
109 151 57491
109 152 54612
109 153 76976
109 154 27707
109 155 44501
109 156 61209
109 157 84996
109 158 59412
109 159 41448
109 160 57013
109 161 96262
109 162 62273
109 163 71227
109 164 49467
109 165 62161
109 166 76321
109 167 63203
109 168 55503
109 169 84746
109 170 33849
109 171 41538
109 172 52286
109 173 57508
109 174 8317
109 175 68543
109 176 53118
109 177 53539
109 178 77528
109 179 81050
109 180 86619
109 181 66488
109 182 17591
109 183 49119
109 184 75258
109 185 61016
109 186 37662
109 187 24893
109 188 75976
109 189 463
109 190 30390
109 191 38465
109 192 79032
109 193 83279
109 194 12235
109 195 43033
109 196 38560
109 197 52682
109 198 84927
109 199 51521
109 200 56341
109 201 47413
109 202 57988
109 203 24479
109 204 23023
109 205 49438
109 206 31514
109 207 76541
109 208 83658
109 209 22721
109 210 82153
109 211 61946
109 212 6359
109 213 7611
109 214 27731
109 215 78324
109 216 53841
109 217 46739
109 218 61989
109 219 42225
109 220 14304
109 221 83805
109 222 61996
109 223 47153
109 224 57753
109 225 71749
109 226 65503
109 227 92045
109 228 59400
109 229 33666
109 230 61186
109 231 59075
109 232 47789
109 233 66903
109 234 48473
109 235 4536
109 236 54173
109 237 89068
109 238 64274
109 239 16274
109 240 91927
109 241 85654
109 242 62905
109 243 65609
109 244 50036
109 245 22886
109 246 40304
109 247 57608
109 248 59546
109 249 56778
110 111 105654
110 112 11774
110 113 83386
110 114 32631
110 115 66906
110 116 45532
110 117 57508
110 118 34408
110 119 38287
110 120 12631
110 121 71742
110 122 74717
110 123 15298
110 124 47683
110 125 61165
110 126 79820
110 127 38204
110 128 94965
110 129 21105
110 130 71019
110 131 75369
110 132 37575
110 133 17253
110 134 19331
110 135 63662
110 136 54780
110 137 56476
110 138 60363
110 139 27332
110 140 60694
110 141 60120
110 142 58454
110 143 45186
110 144 26244
110 145 78950
110 146 75187
110 147 6141
110 148 65167
110 149 25835
110 150 20949
110 151 35519
110 152 24531
110 153 18895
110 154 99171
110 155 84184
110 156 32877
110 157 22612
110 158 42693
110 159 53104
110 160 55816
110 161 20199
110 162 50142
110 163 6581
110 164 65277
110 165 49425
110 166 15322
110 167 50971
110 168 76409
110 169 80695
110 170 44492
110 171 36171
110 172 49606
110 173 63206
110 174 71647
110 175 18454
110 176 31532
110 177 56687
110 178 36121
110 179 5545
110 180 29878
110 181 35131
110 182 60063
110 183 34929
110 184 38224
110 185 68858
110 186 62888
110 187 93809
110 188 21506
110 189 78023
110 190 73069
110 191 59861
110 192 47529
110 193 5821
110 194 79751
110 195 34989
110 196 62788
110 197 24922
110 198 23888
110 199 70906
110 200 37221
110 201 70629
110 202 63211
110 203 62482
110 204 89054
110 205 83441
110 206 83358
110 207 78013
110 208 78452
110 209 54969
110 210 8331
110 211 21868
110 212 71215
110 213 78552
110 214 51769
110 215 5182
110 216 72280
110 217 41255
110 218 15892
110 219 36373
110 220 90827
110 221 54964
110 222 32722
110 223 79970
110 224 34766
110 225 49204
110 226 75466
110 227 80201
110 228 41765
110 229 45972
110 230 22654
110 231 48875
110 232 79807
110 233 48581
110 234 62117
110 235 77834
110 236 72142
110 237 28007
110 238 14126
110 239 91450
110 240 14450
110 241 28033
110 242 60879
110 243 67393
110 244 38268
110 245 64386
110 246 41527
110 247 20028
110 248 49436
110 249 64581
111 112 110056
111 113 23570
111 114 93418
111 115 69861
111 116 87533
111 117 55099
111 118 109007
111 119 73185
111 120 103426
111 121 87079
111 122 47645
111 123 116988
111 124 80848
111 125 46781
111 126 75706
111 127 67783
111 128 14347
111 129 85764
111 130 35241
111 131 77466
111 132 68652
111 133 88482
111 134 106132
111 135 47417
111 136 81727
111 137 71951
111 138 58641
111 139 81646
111 140 67662
111 141 45587
111 142 60709
111 143 65678
111 144 88601
111 145 29493
111 146 56533
111 147 107511
111 148 41016
111 149 115778
111 150 88892
111 151 89790
111 152 84723
111 153 100960
111 154 6617
111 155 40519
111 156 93387
111 157 108370
111 158 92068
111 159 74105
111 160 69356
111 161 122652
111 162 76709
111 163 99752
111 164 57704
111 165 76901
111 166 101192
111 167 77240
111 168 57055
111 169 87624
111 170 61312
111 171 71165
111 172 68187
111 173 66238
111 174 35252
111 175 93257
111 176 76908
111 177 85896
111 178 96675
111 179 109832
111 180 108153
111 181 98871
111 182 48569
111 183 80888
111 184 93699
111 185 92199
111 186 69593
111 187 12389
111 188 107220
111 189 32277
111 190 37724
111 191 70737
111 192 94482
111 193 111474
111 194 40329
111 195 70776
111 196 50569
111 197 81055
111 198 107955
111 199 56338
111 200 88735
111 201 52684
111 202 66696
111 203 43823
111 204 17451
111 205 46203
111 206 29276
111 207 79305
111 208 87348
111 209 51943
111 210 111345
111 211 86914
111 212 38123
111 213 28273
111 214 53915
111 215 105409
111 216 57790
111 217 79129
111 218 89762
111 219 69284
111 220 18990
111 221 97000
111 222 94177
111 223 46287
111 224 78909
111 225 86326
111 226 68204
111 227 96513
111 228 77525
111 229 59686
111 230 92101
111 231 74315
111 232 47035
111 233 81752
111 234 80342
111 235 35480
111 236 84613
111 237 111403
111 238 91660
111 239 16440
111 240 119506
111 241 107615
111 242 72621
111 243 72324
111 244 82305
111 245 41796
111 246 72144
111 247 86427
111 248 92209
111 249 64840
112 113 88783
112 114 26546
112 115 63557
112 116 56925
112 117 58546
112 118 23979
112 119 38669
112 120 6893
112 121 83117
112 122 83133
112 123 23020
112 124 43467
112 125 67718
112 126 75294
112 127 44492
112 128 98391
112 129 29666
112 130 76451
112 131 70597
112 132 41458
112 133 24541
112 134 30848
112 135 70991
112 136 65891
112 137 66824
112 138 59881
112 139 36485
112 140 58188
112 141 65201
112 142 67561
112 143 46223
112 144 37111
112 145 84926
112 146 84547
112 147 5651
112 148 70702
112 149 14078
112 150 31111
112 151 46927
112 152 34080
112 153 12129
112 154 103470
112 155 84601
112 156 44479
112 157 12002
112 158 54298
112 159 63561
112 160 53450
112 161 12612
112 162 46686
112 163 17044
112 164 64345
112 165 46006
112 166 9843
112 167 47294
112 168 74726
112 169 74553
112 170 50210
112 171 43758
112 172 48525
112 173 60768
112 174 77387
112 175 17201
112 176 33379
112 177 68048
112 178 28687
112 179 14849
112 180 19501
112 181 46902
112 182 66907
112 183 45236
112 184 31480
112 185 80428
112 186 73176
112 187 97888
112 188 32930
112 189 84456
112 190 75336
112 191 70184
112 192 40183
112 193 11406
112 194 87553
112 195 41009
112 196 63896
112 197 32048
112 198 13432
112 199 69695
112 200 48582
112 201 70110
112 202 60683
112 203 66268
112 204 92961
112 205 83061
112 206 85678
112 207 72975
112 208 72305
112 209 61314
112 210 17455
112 211 23197
112 212 77747
112 213 84048
112 214 56957
112 215 7298
112 216 70714
112 217 51769
112 218 22713
112 219 41824
112 220 96565
112 221 47092
112 222 44362
112 223 79778
112 224 33858
112 225 43564
112 226 72083
112 227 72896
112 228 39413
112 229 50940
112 230 33816
112 231 46202
112 232 79508
112 233 44053
112 234 73185
112 235 84819
112 236 83412
112 237 16870
112 238 20143
112 239 96812
112 240 12016
112 241 17747
112 242 57365
112 243 63596
112 244 49025
112 245 68277
112 246 50881
112 247 28308
112 248 61058
112 249 62303
113 114 75169
113 115 59688
113 116 64290
113 117 39165
113 118 90792
113 119 54119
113 120 82398
113 121 66568
113 122 27220
113 123 94021
113 124 65393
113 125 23293
113 126 69449
113 127 45202
113 128 19598
113 129 62980
113 130 12379
113 131 69734
113 132 47474
113 133 66134
113 134 82753
113 135 23962
113 136 59110
113 137 49300
113 138 45067
113 139 58469
113 140 55309
113 141 23587
113 142 37728
113 143 47199
113 144 65157
113 145 6284
113 146 36912
113 147 85753
113 148 18221
113 149 95909
113 150 65759
113 151 66237
113 152 61568
113 153 80691
113 154 18007
113 155 37292
113 156 69820
113 157 88486
113 158 68719
113 159 51168
113 160 55480
113 161 101262
113 162 61677
113 163 77267
113 164 46175
113 165 61682
113 166 80460
113 167 62472
113 168 50294
113 169 80615
113 170 38913
113 171 48097
113 172 52029
113 173 54676
113 174 11890
113 175 72541
113 176 56470
113 177 63492
113 178 79089
113 179 87276
113 180 89293
113 181 75330
113 182 25025
113 183 57331
113 184 76496
113 185 71122
113 186 47745
113 187 14796
113 188 83782
113 189 9795
113 190 25446
113 191 48476
113 192 79119
113 193 89180
113 194 21136
113 195 48406
113 196 36135
113 197 58525
113 198 88258
113 199 47163
113 200 65203
113 201 43020
113 202 55162
113 203 24416
113 204 13154
113 205 42666
113 206 23669
113 207 72238
113 208 79756
113 209 28776
113 210 88622
113 211 66007
113 212 14675
113 213 4859
113 214 31845
113 215 83602
113 216 49298
113 217 55604
113 218 67549
113 219 47180
113 220 8174
113 221 83102
113 222 70610
113 223 40897
113 224 59917
113 225 71389
113 226 60940
113 227 88501
113 228 60250
113 229 37846
113 230 68726
113 231 58725
113 232 41596
113 233 66563
113 234 58551
113 235 14102
113 236 64238
113 237 92115
113 238 69632
113 239 8065
113 240 97525
113 241 88509
113 242 60568
113 243 62314
113 244 58752
113 245 22423
113 246 48577
113 247 63753
113 248 69216
113 249 53691
114 115 37599
114 116 65961
114 117 38526
114 118 15660
114 119 21148
114 120 20878
114 121 90232
114 122 77814
114 123 47593
114 124 17402
114 125 58554
114 126 48778
114 127 38631
114 128 80259
114 129 34654
114 130 63735
114 131 44059
114 132 30788
114 133 29649
114 134 49803
114 135 63538
114 136 72401
114 137 69615
114 138 37238
114 139 40419
114 140 33074
114 141 52738
114 142 65745
114 143 28039
114 144 46345
114 145 72896
114 146 82213
114 147 28754
114 148 58728
114 149 24253
114 150 39627
114 151 57163
114 152 39876
114 153 14552
114 154 86844
114 155 62063
114 156 56451
114 157 17771
114 158 65266
114 159 67123
114 160 28709
114 161 36839
114 162 21141
114 163 32714
114 164 40800
114 165 20536
114 166 17706
114 167 21514
114 168 49941
114 169 48305
114 170 41589
114 171 41398
114 172 26021
114 173 35630
114 174 65324
114 175 15650
114 176 21454
114 177 75946
114 178 5171
114 179 37958
114 180 14969
114 181 61123
114 182 58586
114 183 50697
114 184 5739
114 185 89323
114 186 75175
114 187 81034
114 188 52113
114 189 73577
114 190 56178
114 191 72576
114 192 15140
114 193 36017
114 194 80131
114 195 35508
114 196 43505
114 197 32639
114 198 16735
114 199 45575
114 200 58313
114 201 46844
114 202 35459
114 203 50818
114 204 75971
114 205 59525
114 206 66070
114 207 46430
114 208 46055
114 209 52392
114 210 40841
114 211 18121
114 212 67604
114 213 70943
114 214 45841
114 215 28084
114 216 46160
114 217 56972
114 218 28242
114 219 34701
114 220 83335
114 221 22803
114 222 56706
114 223 56578
114 224 15449
114 225 17034
114 226 45994
114 227 47583
114 228 16204
114 229 40372
114 230 45014
114 231 21590
114 232 56179
114 233 17763
114 234 78908
114 235 75333
114 236 89768
114 237 18760
114 238 26442
114 239 82713
114 240 38524
114 241 14827
114 242 31410
114 243 37377
114 244 55643
114 245 52853
114 246 52087
114 247 33303
114 248 71649
114 249 37271
115 116 84175
115 117 24147
115 118 49555
115 119 31329
115 120 57172
115 121 102521
115 122 75320
115 123 82167
115 124 20210
115 125 55151
115 126 14484
115 127 49168
115 128 55515
115 129 58518
115 130 52649
115 131 11807
115 132 40530
115 133 56186
115 134 79958
115 135 61247
115 136 86594
115 137 79871
115 138 16285
115 139 60753
115 140 7415
115 141 45990
115 142 70957
115 143 28345
115 144 69385
115 145 60688
115 146 83228
115 147 64609
115 148 50552
115 149 61278
115 150 64272
115 151 78391
115 152 62130
115 153 51448
115 154 64046
115 155 30687
115 156 79498
115 157 55305
115 158 85653
115 159 78857
115 160 11823
115 161 74422
115 162 16911
115 163 64499
115 164 13577
115 165 17609
115 166 53955
115 167 16263
115 168 14522
115 169 22262
115 170 46647
115 171 54686
115 172 19676
115 173 6029
115 174 54940
115 175 48501
115 176 38797
115 177 91168
115 178 37622
115 179 72449
115 180 51057
115 181 85444
115 182 56506
115 183 68823
115 184 34154
115 185 103905
115 186 83322
115 187 58596
115 188 82115
115 189 63186
115 190 34420
115 191 81728
115 192 29657
115 193 71497
115 194 73988
115 195 48413
115 196 24516
115 197 53749
115 198 54180
115 199 13523
115 200 78791
115 201 17296
115 202 5639
115 203 39286
115 204 54071
115 205 26098
115 206 40677
115 207 14899
115 208 20879
115 209 51695
115 210 75163
115 211 45817
115 212 59877
115 213 57284
115 214 44682
115 215 63377
115 216 12302
115 217 73037
115 218 55868
115 219 46139
115 220 67070
115 221 29099
115 222 80049
115 223 24475
115 224 32708
115 225 22202
115 226 8574
115 227 29044
115 228 25199
115 229 43240
115 230 70114
115 231 18091
115 232 23807
115 233 19888
115 234 91064
115 235 66867
115 236 101168
115 237 55319
115 238 55618
115 239 65025
115 240 75552
115 241 51538
115 242 6202
115 243 2627
115 244 73570
115 245 40473
115 246 65122
115 247 57834
115 248 90582
115 249 6283
116 117 63016
116 118 75432
116 119 54483
116 120 54663
116 121 26211
116 122 42751
116 123 45576
116 124 72134
116 125 42734
116 126 98642
116 127 35060
116 128 82324
116 129 31385
116 130 54634
116 131 95627
116 132 43741
116 133 36753
116 134 30776
116 135 40387
116 136 10179
116 137 17073
116 138 70079
116 139 25706
116 140 76762
116 141 48929
116 142 26933
116 143 55840
116 144 20352
116 145 58128
116 146 38111
116 147 51365
116 148 50102
116 149 70498
116 150 27103
116 151 10013
116 152 26105
116 153 58495
116 154 82295
116 155 85161
116 156 13086
116 157 65423
116 158 5042
116 159 14013
116 160 72769
116 161 64961
116 162 71859
116 163 39914
116 164 75132
116 165 71256
116 166 55507
116 167 73049
116 168 86342
116 169 104603
116 170 38775
116 171 29489
116 172 64779
116 173 78446
116 174 53679
116 175 51615
116 176 48245
116 177 11159
116 178 71031
116 179 45225
116 180 71348
116 181 14602
116 182 40622
116 183 15804
116 184 71202
116 185 23797
116 186 22417
116 187 78623
116 188 30130
116 189 55267
116 190 69384
116 191 19756
116 192 79780
116 193 49057
116 194 49997
116 195 35858
116 196 66310
116 197 33654
116 198 66310
116 199 80360
116 200 8346
116 201 77769
116 202 78731
116 203 55894
116 204 75364
116 205 87480
116 206 77191
116 207 98735
116 208 102638
116 209 40254
116 210 44387
116 211 47839
116 212 49624
116 213 60007
116 214 43919
116 215 49640
116 216 82638
116 217 11286
116 218 38450
116 219 38068
116 220 68929
116 221 87300
116 222 13492
116 223 83973
116 224 56232
116 225 76896
116 226 91244
116 227 107853
116 228 63480
116 229 42366
116 230 23161
116 231 68843
116 232 84226
116 233 73585
116 234 17309
116 235 52476
116 236 26668
116 237 71033
116 238 40827
116 239 71118
116 240 57733
116 241 69599
116 242 79961
116 243 85962
116 244 10790
116 245 56715
116 246 19752
116 247 32798
116 248 6417
116 249 78990
117 118 54001
117 119 19878
117 120 51655
117 121 79178
117 122 51361
117 123 71654
117 124 26338
117 125 31032
117 126 37590
117 127 28501
117 128 41740
117 129 42687
117 130 29910
117 131 35844
117 132 22083
117 133 42480
117 134 65517
117 135 37130
117 136 64050
117 137 56603
117 138 7912
117 139 42599
117 140 17769
117 141 21962
117 142 47090
117 143 12403
117 144 51519
117 145 38691
117 146 59097
117 147 57432
117 148 26912
117 149 61786
117 150 47949
117 151 58825
117 152 44778
117 153 47860
117 154 48584
117 155 26716
117 156 60726
117 157 54532
117 158 65274
117 159 55950
117 160 16653
117 161 70968
117 162 22522
117 163 53080
117 164 12320
117 165 22552
117 166 48906
117 167 23307
117 168 23335
117 169 46403
117 170 24280
117 171 34203
117 172 13172
117 173 18179
117 174 32066
117 175 41370
117 176 25981
117 177 68763
117 178 41588
117 179 62674
117 180 53428
117 181 66924
117 182 32360
117 183 48664
117 184 38602
117 185 81028
117 186 59609
117 187 42763
117 188 67385
117 189 40614
117 190 17652
117 191 58205
117 192 40110
117 193 63046
117 194 50566
117 195 29016
117 196 5352
117 197 37340
117 198 53918
117 199 17345
117 200 58860
117 201 15003
117 202 18618
117 203 15910
117 204 37717
117 205 26663
117 206 27676
117 207 38868
117 208 44955
117 209 27647
117 210 64935
117 211 35983
117 212 36457
117 213 35776
117 214 20873
117 215 55610
117 216 19646
117 217 51731
117 218 42948
117 219 26624
117 220 47192
117 221 43948
117 222 61387
117 223 23056
117 224 25034
117 225 32254
117 226 29319
117 227 52663
117 228 22459
117 229 20691
117 230 53312
117 231 19665
117 232 23045
117 233 27450
117 234 67907
117 235 43829
117 236 77685
117 237 56934
117 238 43823
117 239 45915
117 240 69542
117 241 53058
117 242 22803
117 243 26580
117 244 52937
117 245 17492
117 246 43342
117 247 42531
117 248 69403
117 249 17959
118 119 36697
118 120 22072
118 121 100887
118 122 92273
118 123 46982
118 124 30461
118 125 73577
118 126 58256
118 127 52474
118 128 95732
118 129 44470
118 130 79266
118 131 53364
118 132 45505
118 133 38873
118 134 53634
118 135 78299
118 136 83061
118 137 81626
118 138 52068
118 139 51075
118 140 46442
118 141 68178
118 142 79159
118 143 43697
118 144 55113
118 145 88403
118 146 95982
118 147 28701
118 148 74157
118 149 13610
118 150 48330
118 151 65878
118 152 49753
118 153 17015
118 154 102444
118 155 76514
118 156 64325
118 157 11998
118 158 73840
118 159 78814
118 160 42623
118 161 29286
118 162 34684
118 163 37354
118 164 55117
118 165 34217
118 166 20296
118 167 34702
118 168 63117
118 169 54756
118 170 56211
118 171 54327
118 172 41202
118 173 48868
118 174 80801
118 175 24212
118 176 35932
118 177 86090
118 178 12650
118 179 38573
118 180 4536
118 181 67977
118 182 73456
118 183 61233
118 184 16013
118 185 99210
118 186 87546
118 187 96630
118 188 55858
118 189 88966
118 190 71626
118 191 84775
118 192 20750
118 193 35360
118 194 95035
118 195 49110
118 196 58860
118 197 44013
118 198 10610
118 199 59408
118 200 67290
118 201 61177
118 202 48610
118 203 66465
118 204 91567
118 205 73482
118 206 81378
118 207 55136
118 208 52586
118 209 67291
118 210 41307
118 211 29602
118 212 82862
118 213 86528
118 214 61022
118 215 29226
118 216 59638
118 217 67811
118 218 37081
118 219 48716
118 220 98953
118 221 25783
118 222 64406
118 223 70774
118 224 30925
118 225 27360
118 226 57360
118 227 51365
118 228 31549
118 229 55358
118 230 52818
118 231 35980
118 232 70309
118 233 30230
118 234 89981
118 235 90547
118 236 100725
118 237 7775
118 238 34621
118 239 98363
118 240 33955
118 241 6375
118 242 43657
118 243 48705
118 244 65879
118 245 68503
118 246 64241
118 247 42991
118 248 80523
118 249 50564
119 120 31777
119 121 75749
119 122 57740
119 123 52991
119 124 18060
119 125 37851
119 126 45601
119 127 21111
119 128 60607
119 129 27190
119 130 42590
119 131 41982
119 132 11840
119 133 25138
119 134 48968
119 135 43163
119 136 58572
119 137 53647
119 138 22092
119 139 29817
119 140 24182
119 141 31610
119 142 47520
119 143 7664
119 144 38220
119 145 51748
119 146 63095
119 147 37713
119 148 37602
119 149 42619
119 150 32946
119 151 47709
119 152 30936
119 153 28157
119 154 66572
119 155 46162
119 156 48477
119 157 35235
119 158 55320
119 159 51812
119 160 19507
119 161 51100
119 162 17376
119 163 34569
119 164 27098
119 165 16778
119 166 29043
119 167 18567
119 168 38494
119 169 50281
119 170 21960
119 171 25710
119 172 11974
119 173 26430
119 174 44178
119 175 21504
119 176 7536
119 177 62794
119 178 25457
119 179 43641
119 180 35230
119 181 54303
119 182 38100
119 183 38732
119 184 23386
119 185 76055
119 186 58411
119 187 60814
119 188 51064
119 189 52463
119 190 36957
119 191 56183
119 192 28893
119 193 43632
119 194 59463
119 195 19066
119 196 25227
119 197 22495
119 198 34778
119 199 32793
119 200 48300
119 201 32344
119 202 26562
119 203 29892
119 204 55769
119 205 45166
119 206 47237
119 207 45020
119 208 48261
119 209 31937
119 210 46091
119 211 16445
119 212 46593
119 213 49831
119 214 25021
119 215 35969
119 216 34344
119 217 43821
119 218 25072
119 219 17265
119 220 62272
119 221 35365
119 222 48988
119 223 41720
119 224 5804
119 225 23590
119 226 39442
119 227 53416
119 228 9452
119 229 19998
119 230 38795
119 231 14420
119 232 41538
119 233 19562
119 234 64131
119 235 54348
119 236 74831
119 237 38270
119 238 25313
119 239 61762
119 240 49760
119 241 34546
119 242 26195
119 243 32620
119 244 43698
119 245 31944
119 246 36892
119 247 26522
119 248 60779
119 249 27522
120 121 80639
120 122 77906
120 123 26887
120 124 37237
120 125 61756
120 126 69281
120 127 38643
120 128 91629
120 129 25338
120 130 70108
120 131 64658
120 132 34955
120 133 19825
120 134 31611
120 135 65309
120 136 63064
120 137 63079
120 138 53033
120 139 32265
120 140 51601
120 141 58813
120 142 62831
120 143 39341
120 144 34387
120 145 78708
120 146 79886
120 147 7895
120 148 64408
120 149 16235
120 150 27879
120 151 44820
120 152 30225
120 153 6460
120 154 96830
120 155 77721
120 156 42869
120 157 10842
120 158 52574
120 159 59953
120 160 46823
120 161 19402
120 162 40264
120 163 15398
120 164 57542
120 165 39571
120 166 3235
120 167 40932
120 168 68033
120 169 69180
120 170 44098
120 171 38466
120 172 41707
120 173 54176
120 174 71125
120 175 10335
120 176 26611
120 177 65627
120 178 23819
120 179 17489
120 180 17596
120 181 46125
120 182 61056
120 183 41720
120 184 26218
120 185 78418
120 186 69327
120 187 91219
120 188 33858
120 189 78382
120 190 68486
120 191 66390
120 192 35339
120 193 15177
120 194 82004
120 195 35118
120 196 57004
120 197 26844
120 198 11891
120 199 62931
120 200 46359
120 201 63277
120 202 54107
120 203 59610
120 204 86270
120 205 76228
120 206 78823
120 207 67138
120 208 66929
120 209 55318
120 210 20369
120 211 16512
120 212 71731
120 213 77700
120 214 50640
120 215 7566
120 216 63998
120 217 48353
120 218 17917
120 219 35730
120 220 90251
120 221 42619
120 222 42874
120 223 72928
120 224 26985
120 225 37855
120 226 65728
120 227 68128
120 228 32722
120 229 44608
120 230 31587
120 231 39604
120 232 72666
120 233 37926
120 234 70242
120 235 78939
120 236 80735
120 237 16469
120 238 15233
120 239 90401
120 240 18506
120 241 15747
120 242 51003
120 243 57330
120 244 45918
120 245 61631
120 246 46494
120 247 23886
120 248 59327
120 249 55684
121 122 39639
121 123 70773
121 124 93809
121 125 51300
121 126 116596
121 127 54730
121 128 86142
121 129 56429
121 130 60952
121 131 114308
121 132 64060
121 133 62014
121 134 56135
121 135 46295
121 136 17868
121 137 22649
121 138 86944
121 139 50003
121 140 95306
121 141 60024
121 142 32761
121 143 75141
121 144 46257
121 145 60442
121 146 30564
121 147 77570
121 148 58507
121 149 96603
121 150 52821
121 151 36225
121 152 51136
121 153 84119
121 154 83320
121 155 96335
121 156 39067
121 157 91314
121 158 29474
121 159 23971
121 160 92013
121 161 91051
121 162 92742
121 163 66088
121 164 91451
121 165 92227
121 166 81290
121 167 93942
121 168 101563
121 169 124182
121 170 55965
121 171 50125
121 172 84306
121 173 96526
121 174 59161
121 175 76771
121 176 70675
121 177 15070
121 178 95388
121 179 71286
121 180 96950
121 181 38732
121 182 49294
121 183 39726
121 184 95128
121 185 6293
121 186 20156
121 187 81271
121 188 55108
121 189 56778
121 190 80222
121 191 21039
121 192 103129
121 193 75164
121 194 46770
121 195 56737
121 196 81103
121 197 57611
121 198 92136
121 199 95951
121 200 34542
121 201 92645
121 202 96890
121 203 67752
121 204 79454
121 205 99916
121 206 85545
121 207 117414
121 208 122408
121 209 52151
121 210 70282
121 211 72284
121 212 53598
121 213 63565
121 214 58340
121 215 75826
121 216 98384
121 217 33283
121 218 63818
121 219 58490
121 220 68271
121 221 110363
121 222 39352
121 223 96746
121 224 78671
121 225 99163
121 226 108482
121 227 128656
121 228 85161
121 229 59296
121 230 49314
121 231 89466
121 232 97170
121 233 95310
121 234 11623
121 235 52579
121 236 2558
121 237 96893
121 238 66331
121 239 71276
121 240 83704
121 241 95246
121 242 99298
121 243 104651
121 244 35008
121 245 67807
121 246 38911
121 247 57903
121 248 23133
121 249 96706
122 123 81589
122 124 73862
122 125 20626
122 126 87769
122 127 39958
122 128 46800
122 129 53772
122 130 24605
122 131 86758
122 132 47027
122 133 58605
122 134 68036
122 135 14733
122 136 35179
122 137 25857
122 138 59070
122 139 47395
122 140 69124
122 141 29401
122 142 17101
122 143 53317
122 144 50920
122 145 21365
122 146 9761
122 147 78770
122 148 24930
122 149 93524
122 150 54189
122 151 47869
122 152 50286
122 153 78374
122 154 43686
122 155 60834
122 156 51855
122 157 86535
122 158 47704
122 159 28738
122 160 67417
122 161 94567
122 162 71213
122 163 68140
122 164 62250
122 165 70944
122 166 76945
122 167 72287
122 168 70000
122 169 97536
122 170 36226
122 171 39446
122 172 61273
122 173 69458
122 174 22363
122 175 69771
122 176 56458
122 177 38908
122 178 82645
122 179 77172
122 180 89570
122 181 56179
122 182 19846
122 183 41736
122 184 80974
122 185 44578
122 186 22277
122 187 41748
122 188 68403
122 189 17586
122 190 45636
122 191 23904
122 192 86390
122 193 80049
122 194 7518
122 195 43439
122 196 51052
122 197 51129
122 198 86759
122 199 65314
122 200 46383
122 201 61385
122 202 69912
122 203 36163
122 204 40322
122 205 65381
122 206 48418
122 207 89664
122 208 96199
122 209 25868
122 210 77687
122 211 63403
122 212 16531
122 213 24881
122 214 33113
122 215 76596
122 216 67743
122 217 37366
122 218 60421
122 219 43587
122 220 28712
122 221 92180
122 222 52598
122 223 62748
122 224 62801
122 225 79993
122 226 79127
122 227 104025
122 228 66406
122 229 37745
122 230 54941
122 231 67823
122 232 63320
122 233 75297
122 234 32848
122 235 13118
122 236 37238
122 237 91287
122 238 63005
122 239 31651
122 240 89102
122 241 88315
122 242 74074
122 243 77831
122 244 40948
122 245 35266
122 246 33597
122 247 55015
122 248 46301
122 249 69045
123 124 62975
123 125 71010
123 126 95117
123 127 49292
123 128 107222
123 129 31277
123 130 81836
123 131 90658
123 132 50654
123 133 29514
123 134 14800
123 135 72462
123 136 55675
123 137 59870
123 138 75066
123 139 35656
123 140 75870
123 141 71519
123 142 64599
123 143 59527
123 144 30670
123 145 89043
123 146 80297
123 147 19040
123 148 76008
123 149 35699
123 150 28352
123 151 36313
123 152 32546
123 153 33347
123 154 110660
123 155 98364
123 156 32620
123 157 35022
123 158 41477
123 159 56347
123 160 70988
123 161 23228
123 162 65431
123 163 18575
123 164 80084
123 165 64714
123 166 29943
123 167 66267
123 168 91367
123 169 95828
123 170 55819
123 171 45924
123 172 64567
123 173 78364
123 174 82135
123 175 33751
123 176 45898
123 177 56315
123 178 50704
123 179 9764
123 180 42519
123 181 32049
123 182 69593
123 183 39894
123 184 53061
123 185 66741
123 186 66190
123 187 105544
123 188 15666
123 189 87610
123 190 86365
123 191 63180
123 192 62226
123 193 11816
123 194 87479
123 195 46535
123 196 76836
123 197 36252
123 198 36452
123 199 85762
123 200 38107
123 201 85270
123 202 78383
123 203 74907
123 204 100986
123 205 97957
123 206 96510
123 207 93288
123 208 93581
123 209 65246
123 210 7004
123 211 36767
123 212 80825
123 213 89164
123 214 63311
123 215 19509
123 216 87224
123 217 45071
123 218 28782
123 219 48342
123 220 100996
123 221 69477
123 222 32129
123 223 94434
123 224 49844
123 225 64360
123 226 90718
123 227 95010
123 228 56995
123 229 57908
123 230 26649
123 231 64111
123 232 94313
123 233 63860
123 234 62884
123 235 86741
123 236 71700
123 237 39674
123 238 27857
123 239 102008
123 240 15454
123 241 40767
123 242 76159
123 243 82682
123 244 41573
123 245 76694
123 246 48093
123 247 30749
123 248 47641
123 249 79708
124 125 53354
124 126 32162
124 127 39145
124 128 66996
124 129 42972
124 130 55346
124 131 27688
124 132 29830
124 133 39437
124 134 62479
124 135 59129
124 136 76587
124 137 71673
124 138 22390
124 139 46863
124 140 16022
124 141 45590
124 142 65100
124 143 20559
124 144 54667
124 145 64417
124 146 80048
124 147 44854
124 148 51342
124 149 41335
124 150 48666
124 151 64775
124 152 47457
124 153 31339
124 154 74451
124 155 46170
124 156 65079
124 157 35148
124 158 72613
124 159 69871
124 160 12240
124 161 54212
124 162 4294
124 163 46102
124 164 24809
124 165 3970
124 166 34003
124 167 4255
124 168 32834
124 169 33952
124 170 39328
124 171 43741
124 172 13393
124 173 18504
124 174 57316
124 175 29265
124 176 23923
124 177 80756
124 178 17971
124 179 53211
124 180 31346
124 181 70582
124 182 54017
124 183 56331
124 184 14505
124 185 94056
124 186 76321
124 187 68656
124 188 64732
124 189 65907
124 190 43131
124 191 74157
124 192 13774
124 193 51911
124 194 74569
124 195 37102
124 196 30336
124 197 39073
124 198 34059
124 199 28948
124 200 65534
124 201 30835
124 202 18282
124 203 41387
124 204 63670
124 205 43021
124 206 52195
124 207 30375
124 208 31782
124 209 48096
124 210 56010
124 211 27920
124 212 60874
124 213 61775
124 214 40766
124 215 43784
124 216 29229
124 217 61697
124 218 38688
124 219 35324
124 220 73472
124 221 18357
124 222 65509
124 223 40348
124 224 16095
124 225 6174
124 226 28660
124 227 35830
124 228 8690
124 229 36792
124 230 54523
124 231 6676
124 232 39869
124 233 1508
124 234 82191
124 235 68573
124 236 92886
124 237 35510
124 238 37860
124 239 72252
124 240 55480
124 241 31647
124 242 14013
124 243 20129
124 244 61352
124 245 43229
124 246 54939
124 247 41974
124 248 78343
124 249 20186
125 126 68120
125 127 23242
125 128 39766
125 129 40314
125 130 12039
125 131 66759
125 132 28125
125 133 44013
125 134 59472
125 135 6099
125 136 39538
125 137 30221
125 138 38867
125 139 35363
125 140 48721
125 141 9304
125 142 18693
125 143 32868
125 144 41864
125 145 18034
125 146 28079
125 147 64127
125 148 7526
125 149 76470
125 150 42670
125 151 43414
125 152 38473
125 153 61100
125 154 40867
125 155 45058
125 156 46847
125 157 69195
125 158 46747
125 159 31048
125 160 46838
125 161 79904
125 162 50615
125 163 54840
125 164 42453
125 165 50360
125 166 60252
125 167 51681
125 168 51277
125 169 77412
125 170 17764
125 171 25206
125 172 40655
125 173 49208
125 174 11553
125 175 52577
125 176 37709
125 177 44276
125 178 63173
125 179 64698
125 180 71301
125 181 52553
125 182 2148
125 183 34160
125 184 61235
125 185 54466
125 186 31145
125 187 36522
125 188 60489
125 189 16859
125 190 28926
125 191 30641
125 192 66121
125 193 66883
125 194 21615
125 195 26709
125 196 31371
125 197 36276
125 198 69213
125 199 46100
125 200 42523
125 201 42409
125 202 49649
125 203 16865
125 204 32848
125 205 48651
125 206 35074
125 207 69734
125 208 75986
125 209 6451
125 210 65860
125 211 45995
125 212 10066
125 213 18513
125 214 12841
125 215 61941
125 216 48560
125 217 33042
125 218 45591
125 219 26050
125 220 29986
125 221 71702
125 222 47636
125 223 45549
125 224 43218
125 225 59507
125 226 59573
125 227 83615
125 228 46137
125 229 18221
125 230 45450
125 231 47235
125 232 46005
125 233 54773
125 234 41098
125 235 17231
125 236 49406
125 237 73496
125 238 47894
125 239 31122
125 240 75521
125 241 70222
125 242 53586
125 243 57608
125 244 35962
125 245 16619
125 246 25500
125 247 41223
125 248 48296
125 249 48914
126 127 63614
126 128 61611
126 129 72756
126 130 64127
126 131 4893
126 132 55013
126 133 70167
126 134 93811
126 135 74169
126 136 100902
126 137 93960
126 138 29714
126 139 75183
126 140 21897
126 141 58832
126 142 84679
126 143 42824
126 144 83766
126 145 71408
126 146 96119
126 147 76975
126 148 62839
126 149 71062
126 150 78523
126 151 92861
126 152 76497
126 153 63202
126 154 70581
126 155 35195
126 156 93924
126 157 65887
126 158 100137
126 159 93067
126 160 26183
126 161 85300
126 162 29855
126 163 77931
126 164 25669
126 165 30575
126 166 66046
126 167 28931
126 168 19273
126 169 11951
126 170 60891
126 171 69153
126 172 34121
126 173 20242
126 174 66462
126 175 61376
126 176 52989
126 177 105508
126 178 47609
126 179 85355
126 180 60602
126 181 99839
126 182 69636
126 183 83306
126 184 44342
126 185 118149
126 186 97175
126 187 65641
126 188 96006
126 189 74283
126 190 44120
126 191 95699
126 192 37507
126 193 84065
126 194 85712
126 195 62896
126 196 36791
126 197 68083
126 198 64623
126 199 22645
126 200 93271
126 201 26746
126 202 19932
126 203 51634
126 204 61688
126 205 29511
126 206 47813
126 207 4183
126 208 12010
126 209 65212
126 210 88141
126 211 59372
126 212 71783
126 213 67764
126 214 58433
126 215 75941
126 216 20321
126 217 87486
126 218 69730
126 219 60618
126 220 76166
126 221 33970
126 222 94466
126 223 29681
126 224 46459
126 225 31921
126 226 8671
126 227 21112
126 228 38701
126 229 57429
126 230 84386
126 231 31773
126 232 28927
126 233 31370
126 234 105206
126 235 78297
126 236 115173
126 237 64934
126 238 69288
126 239 73704
126 240 87292
126 241 61416
126 242 19504
126 243 12984
126 244 88049
126 245 52517
126 246 79516
126 247 72015
126 248 105052
126 249 19905
127 128 58038
127 129 18016
127 130 32854
127 131 60718
127 132 9332
127 133 20955
127 134 39746
127 135 26704
127 136 37845
127 137 32537
127 138 35164
127 139 15122
127 140 41764
127 141 22234
127 142 27148
127 143 20910
127 144 23727
127 145 40783
127 146 43624
127 147 40910
127 148 26996
127 149 53783
127 150 21801
127 151 30324
127 152 17887
127 153 38512
127 154 61403
127 155 53084
127 156 32332
127 157 46673
127 158 36915
127 159 30763
127 160 37933
127 161 56666
127 162 38022
127 163 32071
127 164 40312
127 165 37500
127 166 37329
127 167 39223
127 168 51754
127 169 70029
127 170 6535
127 171 5710
127 172 30004
127 173 43397
127 174 33443
127 175 29905
127 176 17269
127 177 42257
127 178 43678
127 179 42107
127 180 49638
127 181 38549
127 182 22428
127 183 20185
127 184 42537
127 185 55325
127 186 37395
127 187 56252
127 188 41259
127 189 40047
127 190 38774
127 191 35098
127 192 49448
127 193 43987
127 194 43477
127 195 3537
127 196 32473
127 197 13326
127 198 46844
127 199 45717
127 200 30378
127 201 43488
127 202 43689
127 203 26135
127 204 51711
127 205 54366
127 206 48364
127 207 63834
127 208 68148
127 209 16883
127 210 43563
127 211 23463
127 212 33294
127 213 40359
127 214 14038
127 215 38728
127 216 47910
127 217 23872
127 218 22442
127 219 3995
127 220 52632
127 221 56283
127 222 33017
127 223 50754
127 224 24746
127 225 44680
127 226 56190
127 227 74019
127 228 30562
127 229 9152
127 230 26238
127 231 34775
127 232 50884
127 233 40651
127 234 43108
127 235 40334
127 236 53753
127 237 51339
127 238 24677
127 239 53261
127 240 52441
127 241 48362
127 242 45195
127 243 51024
127 244 24626
127 245 27757
127 246 16118
127 247 18644
127 248 41477
127 249 43930
128 129 75987
128 130 27742
128 131 63224
128 132 57453
128 133 78068
128 134 97457
128 135 42145
128 136 77976
128 137 68214
128 138 44663
128 139 72673
128 140 53438
128 141 36065
128 142 56456
128 143 52977
128 144 80351
128 145 25708
128 146 56455
128 147 96278
128 148 32809
128 149 103180
128 150 79721
128 151 83072
128 152 75655
128 153 88686
128 154 9049
128 155 26439
128 156 86379
128 157 95825
128 158 86470
128 159 69788
128 160 55311
128 161 110999
128 162 62805
128 163 89384
128 164 43469
128 165 63033
128 166 89208
128 167 63282
128 168 42795
128 169 73492
128 170 51507
128 171 62142
128 172 54637
128 173 51955
128 174 28660
128 175 81337
128 176 65021
128 177 82489
128 178 83264
128 179 99472
128 180 95130
128 181 92211
128 182 41817
128 183 73488
128 184 80190
128 185 90610
128 186 67107
128 187 5697
128 188 98768
128 189 29368
128 190 24109
128 191 67654
128 192 80531
128 193 100769
128 194 40440
128 195 60688
128 196 36932
128 197 70978
128 198 95317
128 199 41992
128 200 82245
128 201 38359
128 202 52410
128 203 32484
128 204 6965
128 205 32194
128 206 15005
128 207 65133
128 208 73152
128 209 43715
128 210 101212
128 211 75200
128 212 33275
128 213 22831
128 214 44007
128 215 94240
128 216 43448
128 217 72803
128 218 79174
128 219 58922
128 220 20515
128 221 82819
128 222 87163
128 223 32049
128 224 66210
128 225 72339
128 226 53964
128 227 82302
128 228 64183
128 229 49320
128 230 83549
128 231 60550
128 232 32801
128 233 67840
128 234 77881
128 235 33687
128 236 83824
128 237 98546
128 238 80848
128 239 17100
128 240 108406
128 241 94701
128 242 58348
128 243 57976
128 244 75661
128 245 30602
128 246 65061
128 247 76474
128 248 87621
128 249 50537
129 130 50704
129 131 69012
129 132 20659
129 133 5653
129 134 22847
129 135 42578
129 136 38592
129 137 37790
129 138 47664
129 139 6927
129 140 51338
129 141 40247
129 142 37906
129 143 31672
129 144 11873
129 145 58252
129 146 54881
129 147 25028
129 148 44854
129 149 41561
129 150 5772
129 151 22553
129 152 5313
129 153 27862
129 154 79407
129 155 68937
129 156 22251
129 157 35462
129 158 30645
129 159 34737
129 160 46696
129 161 40796
129 162 43672
129 163 14616
129 164 52933
129 165 42991
129 166 25331
129 167 44788
129 168 64615
129 169 76709
129 170 24541
129 171 15146
129 172 39023
129 173 53518
129 174 51130
129 175 20355
129 176 19771
129 177 41724
129 178 39683
129 179 24385
129 180 40610
129 181 27612
129 182 39105
129 183 16778
129 184 40021
129 185 54982
129 186 44002
129 187 74268
129 188 24699
129 189 57132
129 190 55786
129 191 41081
129 192 48874
129 193 26689
129 194 58660
129 195 15339
129 196 47508
129 197 5371
129 198 36121
129 199 58653
129 200 23662
129 201 57310
129 202 53677
129 203 43804
129 204 69713
129 205 69346
129 206 65731
129 207 72005
129 208 74594
129 209 34281
129 210 25642
129 211 16582
129 212 50315
129 213 58123
129 214 32035
129 215 22870
129 216 60516
129 217 23391
129 218 7538
129 219 17310
129 220 70188
129 221 56516
129 222 22625
129 223 65733
129 224 26943
129 225 46944
129 226 66580
129 227 78677
129 228 34746
129 229 26726
129 230 11653
129 231 41180
129 232 65732
129 233 44309
129 234 45539
129 235 56786
129 236 56258
129 237 40904
129 238 10191
129 239 71013
129 240 35555
129 241 38949
129 242 53288
129 243 59773
129 244 21430
129 245 45536
129 246 21246
129 247 1489
129 248 36996
129 249 54511
130 131 63607
130 132 35247
130 133 53768
130 134 70916
130 135 14969
130 136 50814
130 137 41205
130 138 36877
130 139 46408
130 140 47252
130 141 11335
130 142 29402
130 143 36081
130 144 53446
130 145 9189
130 146 33978
130 147 73379
130 148 5858
130 149 83848
130 150 53665
130 151 55435
130 152 49490
130 153 68568
130 154 29108
130 155 36337
130 156 58832
130 157 76441
130 158 58734
130 159 42447
130 160 46563
130 161 88910
130 162 51934
130 163 64925
130 164 39157
130 165 51843
130 166 68230
130 167 52844
130 168 45784
130 169 74516
130 170 26536
130 171 35947
130 172 41987
130 173 47100
130 174 2339
130 175 60332
130 176 44403
130 177 55458
130 178 67883
130 179 74952
130 180 77554
130 181 64576
130 182 14075
130 183 46059
130 184 65473
130 185 64732
130 186 41064
130 187 24543
130 188 72044
130 189 10704
130 190 21058
130 191 41104
130 192 68873
130 193 76817
130 194 21592
130 195 36033
130 196 28162
130 197 46180
130 198 76265
130 199 41490
130 200 54559
130 201 37431
130 202 47578
130 203 14057
130 204 20812
130 205 40781
130 206 24615
130 207 66375
130 208 73377
130 209 16704
130 210 76340
130 211 53773
130 212 8076
130 213 7597
130 214 19494
130 215 71226
130 216 43858
130 217 45079
130 218 55174
130 219 34802
130 220 20150
130 221 73478
130 222 59620
130 223 38154
130 224 48342
130 225 61472
130 226 55457
130 227 81686
130 228 49429
130 229 25513
130 230 56890
130 231 48775
130 232 38735
130 233 56621
130 234 51557
130 235 14231
130 236 58845
130 237 80229
130 238 57253
130 239 20444
130 240 85146
130 241 76693
130 242 52451
130 243 55248
130 244 47992
130 245 12427
130 246 37479
130 247 51444
130 248 60052
130 249 46405
131 132 51894
131 133 66207
131 134 89731
131 135 72846
131 136 98289
131 137 91659
131 138 27939
131 139 71734
131 140 19038
131 141 57539
131 142 82755
131 143 39818
131 144 80201
131 145 71274
131 146 94834
131 147 72391
131 148 61885
131 149 66191
131 150 74784
131 151 89527
131 152 72917
131 153 58528
131 154 72090
131 155 37038
131 156 90441
131 157 61069
131 158 96935
131 159 90609
131 160 22867
131 161 80490
131 162 25673
131 163 73663
131 164 24542
131 165 26388
131 166 61426
131 167 24683
131 168 20433
131 169 10927
131 170 58400
131 171 66164
131 172 30864
131 173 17832
131 174 65927
131 175 56952
131 176 49251
131 177 102836
131 178 42777
131 179 80894
131 180 55728
131 181 96284
131 182 68168
131 183 80143
131 184 39533
131 185 115636
131 186 95128
131 187 66952
131 188 91945
131 189 73978
131 190 44288
131 191 93531
131 192 32614
131 193 79517
131 194 85109
131 195 59785
131 196 35731
131 197 64468
131 198 59796
131 199 22571
131 200 90006
131 201 26715
131 202 17446
131 203 50614
131 204 62775
131 205 31553
131 206 48974
131 207 3119
131 208 10066
131 209 63453
131 210 83698
131 211 55201
131 212 71059
131 213 67729
131 214 56475
131 215 71404
131 216 20490
131 217 84554
131 218 65693
131 219 57559
131 220 76748
131 221 29164
131 222 90962
131 223 31181
131 224 42441
131 225 27134
131 226 9262
131 227 19109
131 228 34616
131 229 55017
131 230 80662
131 231 27852
131 232 30432
131 233 26815
131 234 102836
131 235 77834
131 236 112966
131 237 60059
131 238 65146
131 239 74444
131 240 82583
131 241 56556
131 242 15800
131 243 9703
131 244 84958
131 245 51666
131 246 76744
131 247 68215
131 248 102020
131 249 17885
132 133 21140
132 134 43506
132 135 32819
132 136 47090
132 137 41844
132 138 27646
132 139 20810
132 140 33118
132 141 23917
132 142 35816
132 143 12221
132 144 29715
132 145 44039
132 146 51737
132 147 38904
132 148 29651
132 149 48715
132 150 25867
132 151 37972
132 152 22781
132 153 33375
132 154 62087
132 155 48301
132 156 39381
132 157 41348
132 158 45126
132 159 40094
132 160 29030
132 161 54029
132 162 28709
132 163 32292
132 164 32919
132 165 28179
132 166 32989
132 167 29911
132 168 44584
132 169 60951
132 170 10801
132 171 14357
132 172 21039
132 173 34938
132 174 36399
132 175 25085
132 176 9587
132 177 51436
132 178 35641
132 179 42284
132 180 43176
132 181 45488
132 182 27951
132 183 28293
132 184 34134
132 185 64582
132 186 46572
132 187 56573
132 188 45336
132 189 44072
132 190 35718
132 191 44349
132 192 40502
132 193 43357
132 194 49531
132 195 7892
132 196 26849
132 197 15293
132 198 41269
132 199 38551
132 200 38297
132 201 36883
132 202 35190
132 203 25015
132 204 51714
132 205 48716
132 206 45914
132 207 54999
132 208 59031
132 209 21792
132 210 44243
132 211 18533
132 212 37675
132 213 42817
132 214 15950
132 215 36832
132 216 40572
132 217 32746
132 218 21982
132 219 5708
132 220 55394
132 221 47157
132 222 39989
132 223 45098
132 224 16003
132 225 35429
132 226 47930
132 227 64740
132 228 21286
132 229 10002
132 230 31279
132 231 25489
132 232 45113
132 233 31337
132 234 52437
132 235 45243
132 236 63084
132 237 45446
132 238 23451
132 239 55458
132 240 50984
132 241 42114
132 242 36225
132 243 42245
132 244 33067
132 245 26975
132 246 25348
132 247 20609
132 248 50128
132 249 35637
133 134 23834
133 135 46793
133 136 44197
133 137 43409
133 138 46648
133 139 12520
133 140 49217
133 141 42912
133 142 43108
133 143 30719
133 144 16734
133 145 61723
133 146 60142
133 147 20290
133 148 47915
133 149 36012
133 150 9979
133 151 27593
133 152 10884
133 153 22211
133 154 82026
133 155 69104
133 156 26814
133 157 29824
133 158 35692
133 159 40378
133 160 44439
133 161 36145
133 162 40599
133 163 11318
133 164 51842
133 165 39896
133 166 19695
133 167 41658
133 168 63425
133 169 73371
133 170 27249
133 171 19338
133 172 37110
133 173 51528
133 174 54398
133 175 14863
133 176 17616
133 177 47246
133 178 34576
133 179 21413
133 180 34976
133 181 31702
133 182 42989
133 183 22417
133 184 35160
133 185 60446
133 186 49593
133 187 76721
133 188 25951
133 189 60870
133 190 56852
133 191 46687
133 192 44221
133 193 23050
133 194 63176
133 195 17745
133 196 47554
133 197 7745
133 198 30471
133 199 57581
133 200 28832
133 201 56624
133 202 51640
133 203 45618
133 204 72023
133 205 69040
133 206 67015
133 207 69132
133 208 71213
133 209 37762
133 210 23186
133 211 11931
133 212 54076
133 213 61299
133 214 34569
133 215 18098
133 216 59285
133 217 29038
133 218 1912
133 219 19220
133 220 73586
133 221 51916
133 222 27089
133 223 65465
133 224 23772
133 225 42929
133 226 64466
133 227 74813
133 228 31620
133 229 28852
133 230 15487
133 231 38400
133 232 65399
133 233 40694
133 234 51175
133 235 60845
133 236 61876
133 237 35254
133 238 4596
133 239 74197
133 240 31515
133 241 33306
133 242 50668
133 243 57232
133 244 27006
133 245 47468
133 246 26668
133 247 4165
133 248 42184
133 249 52654
134 135 60123
134 136 40880
134 137 45367
134 138 70248
134 139 24796
134 140 73040
134 141 61394
134 142 50940
134 143 54245
134 144 17682
134 145 77386
134 146 66084
134 147 25367
134 148 65224
134 149 44885
134 150 17991
134 151 21611
134 152 21876
134 153 37443
134 154 100013
134 155 91768
134 156 17845
134 157 41929
134 158 26737
134 159 41843
134 160 68246
134 161 35736
134 162 64058
134 163 17106
134 164 75486
134 165 63344
134 166 33858
134 167 65066
134 168 87124
134 169 96361
134 170 46167
134 171 35316
134 172 60942
134 173 75361
134 174 70914
134 175 34267
134 176 41439
134 177 41556
134 178 53963
134 179 16484
134 180 49120
134 181 17550
134 182 57840
134 183 26429
134 184 55540
134 185 52327
134 186 51621
134 187 95205
134 188 2311
134 189 75583
134 190 78326
134 191 48635
134 192 64942
134 193 20461
134 194 74288
134 195 37679
134 196 70355
134 197 28215
134 198 43183
134 199 81223
134 200 23394
134 201 80048
134 202 75470
134 203 65880
134 204 90916
134 205 92180
134 206 88082
134 207 92596
134 208 94160
134 209 54220
134 210 14714
134 211 34580
134 212 68916
134 213 77941
134 214 53586
134 215 24474
134 216 82996
134 217 30921
134 218 24096
134 219 39853
134 220 89259
134 221 72590
134 222 17337
134 223 88569
134 224 47354
134 225 65214
134 226 88279
134 227 96976
134 228 55127
134 229 48846
134 230 14031
134 231 62052
134 232 88560
134 233 63623
134 234 48084
134 235 74252
134 236 56990
134 237 47337
134 238 24625
134 239 90581
134 240 28048
134 241 47269
134 242 74345
134 243 80927
134 244 27351
134 245 67477
134 246 35076
134 247 23005
134 248 33036
134 249 76488
135 136 35926
135 137 26259
135 138 44962
135 139 36961
135 140 54815
135 141 15337
135 142 14448
135 143 38585
135 144 42448
135 145 17927
135 146 21988
135 147 67072
135 148 12324
135 149 80455
135 150 44194
135 151 42444
135 152 40042
135 153 65139
135 154 41963
135 155 50154
135 156 46127
135 157 73287
135 158 44763
135 159 27652
135 160 52885
135 161 82921
135 162 56499
135 163 57193
135 164 48508
135 165 56223
135 166 64032
135 167 57580
135 168 57145
135 169 83508
135 170 22094
135 171 27508
135 172 46583
135 173 55306
135 174 13567
135 175 56547
135 176 42370
135 177 40531
135 178 68276
135 179 66805
135 180 75817
135 181 51486
135 182 5115
135 183 34018
135 184 66484
135 185 49856
135 186 26243
135 187 38251
135 188 60927
135 189 15569
135 190 34152
135 191 26153
135 192 71703
135 193 69265
135 194 16822
135 195 30241
135 196 37394
135 197 39076
135 198 73396
135 199 52060
135 200 41341
135 201 48313
135 202 55747
135 203 22739
135 204 35184
135 205 54026
135 206 39343
135 207 75815
135 208 82084
135 209 11226
135 210 67733
135 211 50032
135 212 9299
135 213 19621
135 214 18388
135 215 64879
135 216 54517
135 217 31731
135 218 48486
135 219 29985
135 220 29405
135 221 77449
135 222 46915
135 223 51034
135 224 48354
135 225 65261
135 226 65604
135 227 89704
135 228 51713
135 229 23228
135 230 46255
135 231 53104
135 232 51522
135 233 60564
135 234 36621
135 235 14289
135 236 44283
135 237 77798
135 238 50928
135 239 31163
135 240 78104
135 241 74655
135 242 59666
135 243 63706
135 244 34972
135 245 22289
135 246 25204
135 247 43637
135 248 45505
135 249 55008
136 137 9812
136 138 71568
136 139 32135
136 140 79256
136 141 47112
136 142 21522
136 143 58643
136 144 28802
136 145 52834
136 146 29198
136 147 60431
136 148 47064
136 149 79144
136 150 35187
136 151 19605
136 152 33313
136 153 66351
136 154 76935
136 155 83910
136 156 23076
136 157 73657
136 158 14881
136 159 8528
136 160 75658
136 161 74529
136 162 75778
136 163 48856
136 164 76362
136 165 75230
136 166 63589
136 167 76979
136 168 87071
136 169 107821
136 170 40028
136 171 32863
136 172 67793
136 173 80680
136 174 49493
136 175 58919
136 176 53144
136 177 4805
136 178 77552
136 179 54888
136 180 79162
136 181 24682
136 182 37394
136 183 21862
136 184 77349
136 185 17493
136 186 13341
136 187 73798
136 188 40292
136 189 49615
136 190 67812
136 191 11279
136 192 85472
136 193 58639
136 194 42655
136 195 39507
136 196 66646
136 197 39766
136 198 74440
136 199 81241
136 200 17815
136 201 78257
136 202 81013
136 203 54598
136 204 71034
136 205 86839
136 206 74609
136 207 101408
136 208 105965
136 209 38584
136 210 54215
136 211 54425
136 212 44726
136 213 55216
136 214 43691
136 215 58595
136 216 83616
136 217 15430
136 218 46018
136 219 41420
136 220 62816
136 221 92784
136 222 23547
136 223 83464
136 224 61173
136 225 81778
136 226 93075
136 227 111830
136 228 67904
136 229 43537
136 230 32141
136 231 72578
136 232 83802
136 233 78077
136 234 7351
136 235 46260
136 236 17697
136 237 79210
136 238 48559
136 239 65312
136 240 67459
136 241 77473
136 242 82944
136 243 88588
136 244 17213
136 245 55065
136 246 21743
136 247 40071
136 248 11344
136 249 81021
137 138 64333
137 139 30890
137 140 72661
137 141 38278
137 142 11812
137 143 52605
137 144 30355
137 145 43023
137 146 21193
137 147 61650
137 148 37716
137 149 79314
137 150 35737
137 151 23891
137 152 32876
137 153 65485
137 154 67127
137 155 75028
137 156 27859
137 157 73230
137 158 22101
137 159 3525
137 160 69410
137 161 76635
137 162 70391
137 163 50126
137 164 68901
137 165 69901
137 166 63104
137 167 71587
137 168 79207
137 169 101561
137 170 33343
137 171 28444
137 172 61756
137 173 73877
137 174 39809
137 175 57464
137 176 49142
137 177 14285
137 178 74781
137 179 57527
137 180 78035
137 181 31185
137 182 28098
137 183 21606
137 184 74153
137 185 24637
137 186 6425
137 187 63996
137 188 45237
137 189 39808
137 190 58878
137 191 3387
137 192 81677
137 193 61004
137 194 33236
137 195 34880
137 196 58723
137 197 37615
137 198 73843
137 199 73513
137 200 22179
137 201 70313
137 202 74241
137 203 45915
137 204 61280
137 205 78226
137 206 65253
137 207 94765
137 208 99804
137 209 30004
137 210 57333
137 211 52204
137 212 34947
137 213 45431
137 214 35828
137 215 59644
137 216 75931
137 217 15245
137 218 45313
137 219 36421
137 220 53068
137 221 88697
137 222 28512
137 223 74936
137 224 57000
137 225 77205
137 226 85882
137 227 106174
137 228 63098
137 229 36651
137 230 34226
137 231 67075
137 232 75315
137 233 73180
137 234 11324
137 235 36506
137 236 21383
137 237 78619
137 238 47979
137 239 55527
137 240 70072
137 241 76454
137 242 76689
137 243 82005
137 244 18478
137 245 46206
137 246 17532
137 247 39266
137 248 20506
137 249 74066
138 139 48456
138 140 10383
138 141 29712
138 142 54972
138 143 16009
138 144 57358
138 145 45314
138 146 66945
138 147 59503
138 148 34396
138 149 61305
138 150 53184
138 151 65322
138 152 50358
138 153 48469
138 154 52333
138 155 24954
138 156 66953
138 157 54338
138 158 72079
138 159 63570
138 160 10757
138 161 71952
138 162 18159
138 163 56591
138 164 5283
138 165 18420
138 166 50055
138 167 18620
138 168 16973
138 169 38546
138 170 31591
138 171 40861
138 172 11461
138 173 10391
138 174 39118
138 175 43055
138 176 29253
138 177 76244
138 178 39423
138 179 65732
138 180 52159
138 181 73095
138 182 40238
138 183 55315
138 184 36146
138 185 88665
138 186 67461
138 187 46583
138 188 72233
138 189 47538
138 190 21082
138 191 66008
138 192 35870
138 193 65646
138 194 57959
138 195 35164
138 196 8939
138 197 42447
138 198 53537
138 199 10989
138 200 65485
138 201 10292
138 202 10849
138 203 23180
138 204 41675
138 205 23218
138 206 29810
138 207 30957
138 208 37144
138 209 35556
138 210 68179
138 211 38498
138 212 43828
138 213 42134
138 214 28718
138 215 57858
138 216 12928
138 217 58806
138 218 46829
138 219 32775
138 220 52857
138 221 38600
138 222 67579
138 223 19897
138 224 26081
138 225 27690
138 226 21553
138 227 45034
138 228 21199
138 229 28043
138 230 58780
138 231 16156
138 232 19636
138 233 23185
138 234 75614
138 235 51005
138 236 85487
138 237 55993
138 238 47301
138 239 51221
138 240 71379
138 241 52061
138 242 15616
138 243 18766
138 244 59781
138 245 24517
138 246 50549
138 247 47306
138 248 76489
138 249 10058
139 140 53404
139 141 36616
139 142 31209
139 143 32832
139 144 8925
139 145 53397
139 146 48106
139 147 31687
139 148 40639
139 149 48487
139 150 7307
139 151 17941
139 152 3110
139 153 34650
139 154 75432
139 155 68001
139 156 18745
139 157 42341
139 158 25759
139 159 27880
139 160 49002
139 161 47326
139 162 47003
139 163 20752
139 164 53728
139 165 46360
139 166 32214
139 167 48168
139 168 65385
139 169 80054
139 170 21423
139 171 10543
139 172 41077
139 173 55396
139 174 46580
139 175 26869
139 176 22974
139 177 35536
139 178 45539
139 179 29949
139 180 47318
139 181 24749
139 182 33938
139 183 10299
139 184 45556
139 185 48904
139 186 37081
139 187 70518
139 188 26205
139 189 51967
139 190 53893
139 191 34168
139 192 54075
139 193 32672
139 194 52603
139 195 13640
139 196 47006
139 197 7954
139 198 42969
139 199 59346
139 200 18675
139 201 57548
139 202 55610
139 203 41179
139 204 66165
139 205 68986
139 206 63459
139 207 74793
139 208 78005
139 209 29724
139 210 30776
139 211 22342
139 212 45175
139 213 53620
139 214 28800
139 215 29561
139 216 61381
139 217 16762
139 218 14426
139 219 16005
139 220 65347
139 221 61599
139 222 19305
139 223 65361
139 224 30805
139 225 51364
139 226 68467
139 227 82690
139 228 38319
139 229 24274
139 230 11116
139 231 44208
139 232 65439
139 233 48277
139 234 38927
139 235 51248
139 236 49715
139 237 47749
139 238 17097
139 239 66417
139 240 41708
139 241 45690
139 242 55934
139 243 62249
139 244 15225
139 245 42729
139 246 14400
139 247 8387
139 248 31685
139 249 56214
140 141 39723
140 142 63980
140 143 20930
140 144 62077
140 145 55688
140 146 76733
140 147 58795
140 148 44628
140 149 57238
140 150 57074
140 151 71001
140 152 54838
140 153 46199
140 154 61542
140 155 30636
140 156 72149
140 157 50822
140 158 78243
140 159 71576
140 160 4882
140 161 69534
140 162 11957
140 163 57924
140 164 9970
140 165 12540
140 166 48429
140 167 11766
140 168 16872
140 169 29039
140 170 39371
140 171 47273
140 172 12353
140 173 2583
140 174 49485
140 175 42446
140 176 31701
140 177 83812
140 178 33993
140 179 66217
140 180 47351
140 181 78119
140 182 49959
140 183 61410
140 184 30525
140 185 96598
140 186 76248
140 187 55892
140 188 75168
140 189 57919
140 190 30734
140 191 74585
140 192 28004
140 193 65503
140 194 68248
140 195 40999
140 196 19267
140 197 46491
140 198 49809
140 199 13065
140 200 71389
140 201 15542
140 202 2520
140 203 33478
140 204 51120
140 205 27106
140 206 38432
140 207 22155
140 208 27436
140 209 44908
140 210 68871
140 211 39243
140 212 54119
140 213 52479
140 214 37763
140 215 57433
140 216 13207
140 217 65630
140 218 48995
140 219 38724
140 220 63003
140 221 29406
140 222 72707
140 223 24624
140 224 26085
140 225 19865
140 226 15261
140 227 34905
140 228 18994
140 229 36010
140 230 62894
140 231 11997
140 232 24092
140 233 16228
140 234 83816
140 235 61357
140 236 93992
140 237 51484
140 238 48897
140 239 61238
140 240 70093
140 241 47599
140 242 5260
140 243 9349
140 244 66155
140 245 34871
140 246 57742
140 247 50701
140 248 83169
140 249 4198
141 142 27263
141 143 25565
141 144 44349
141 145 20287
141 146 37310
141 147 62253
141 148 5992
141 149 72522
141 150 43711
141 151 47947
141 152 39616
141 153 57234
141 154 39177
141 155 36804
141 156 50968
141 157 65119
141 158 52439
141 159 38593
141 160 38141
141 161 77697
141 162 42529
141 163 54167
141 164 33171
141 165 42343
141 166 56905
141 167 43536
141 168 42035
141 169 68241
141 170 15732
141 171 26080
141 172 32491
141 173 40088
141 174 12645
141 175 49002
141 176 33085
141 177 51911
141 178 57035
141 179 64246
141 180 66349
141 181 56996
141 182 10982
141 183 37972
141 184 54774
141 185 62835
141 186 39911
141 187 34031
141 188 62707
141 189 20858
141 190 20704
141 191 39111
141 192 58802
141 193 65935
141 194 29064
141 195 25190
141 196 22069
141 197 35470
141 198 64956
141 199 36806
141 200 47348
141 201 33145
141 202 40538
141 203 7734
141 204 29566
141 205 39973
141 206 28358
141 207 60496
141 208 66855
141 209 8683
141 210 65773
141 211 42448
141 212 15301
141 213 18900
141 214 8352
141 215 60114
141 216 39266
141 217 38354
141 218 44232
141 219 23760
141 220 31477
141 221 63919
141 222 51738
141 223 36740
141 224 37296
141 225 51763
141 226 50275
141 227 74624
141 228 39014
141 229 14283
141 230 47490
141 231 39221
141 232 37152
141 233 46949
141 234 49439
141 235 23043
141 236 58230
141 237 68956
141 238 46215
141 239 31611
141 240 74115
141 241 65452
141 242 44691
141 243 48477
141 244 40768
141 245 7953
141 246 30042
141 247 40864
141 248 54882
141 249 39732
142 143 45032
142 144 33940
142 145 31479
142 146 17060
142 147 62885
142 148 26101
142 149 78838
142 150 37638
142 151 30941
142 152 33924
142 153 64095
142 154 55660
142 155 63729
142 156 34894
142 157 72166
142 158 31655
142 159 13442
142 160 61205
142 161 78527
142 162 63248
142 163 51881
142 164 59211
142 165 62837
142 166 62250
142 167 64416
142 168 68965
142 169 93019
142 170 25776
142 171 24881
142 172 53954
142 173 64928
142 174 27999
142 175 55623
142 176 44415
142 177 26090
142 178 70814
142 179 60558
142 180 76014
142 181 39509
142 182 16623
142 183 24706
142 184 69672
142 185 35773
142 186 12680
142 187 52337
142 188 51303
142 189 28438
142 190 47580
142 191 11948
142 192 76317
142 193 63602
142 194 23698
142 195 30250
142 196 48582
142 197 36066
142 198 72560
142 199 63465
142 200 29531
142 201 60040
142 202 65326
142 203 34991
142 204 49512
142 205 67182
142 206 53570
142 207 85824
142 208 91388
142 209 19576
142 210 60918
142 211 49630
142 212 23228
142 213 33722
142 214 26282
142 215 60746
142 216 65914
142 217 20315
142 218 44990
142 219 31123
142 220 42011
142 221 82876
142 222 35650
142 223 63991
142 224 51738
142 225 70959
142 226 76364
142 227 98306
142 228 56845
142 229 28549
142 230 37974
142 231 59847
142 232 64411
142 233 66599
142 234 22411
142 235 25544
142 236 30992
142 237 77238
142 238 47651
142 239 44272
142 240 72709
142 241 74598
142 242 68375
142 243 73236
142 244 23884
142 245 35067
142 246 16940
142 247 39252
142 248 31523
142 249 64931
143 144 41662
143 145 45270
143 146 59552
143 147 45029
143 148 31490
143 149 50211
143 150 37232
143 151 50186
143 152 34549
143 153 35821
143 154 59073
143 155 39000
143 156 51513
143 157 42848
143 158 57335
143 159 51226
143 160 17029
143 161 58702
143 162 18255
143 163 40966
143 164 21267
143 165 17884
143 166 36661
143 167 19407
143 168 32943
143 169 49178
143 170 19399
143 171 26356
143 172 9169
143 173 22717
143 174 37840
143 175 29027
143 176 13667
143 177 63121
143 178 31896
143 179 50411
143 180 42531
143 181 57576
143 182 33471
143 183 40496
143 184 29398
143 185 76080
143 186 56738
143 187 53294
143 188 56224
143 189 46312
143 190 29293
143 191 54803
143 192 33321
143 193 50683
143 194 54255
143 195 20081
143 196 17746
143 197 26493
143 198 42355
143 199 26995
143 200 50518
143 201 25907
143 202 22971
143 203 22802
143 204 48240
143 205 38442
143 206 39580
143 207 42932
143 208 47337
143 209 27538
143 210 52736
143 211 23583
143 212 40833
143 213 43085
143 214 20210
143 215 43209
143 216 28846
143 217 44737
143 218 31000
143 219 17794
143 220 55372
143 221 38864
143 222 52103
143 223 34908
143 224 13249
143 225 26677
143 226 35718
143 227 53580
143 228 13449
143 229 16491
143 230 42888
143 231 14840
143 232 34796
143 233 22010
143 234 63558
143 235 48594
143 236 73985
143 237 45725
143 238 31671
143 239 54682
143 240 57144
143 241 41945
143 242 24305
143 243 30133
143 244 45225
143 245 24827
143 246 36986
143 247 31297
143 248 62243
143 249 23430
144 145 59729
144 146 49939
144 147 31704
144 148 47832
144 149 50373
144 150 6820
144 151 10869
144 152 7287
144 153 38152
144 154 82553
144 155 76779
144 156 10417
144 157 45103
144 158 18960
144 159 26930
144 160 57591
144 161 46325
144 162 55145
144 163 20106
144 164 62634
144 165 54480
144 166 35158
144 167 56286
144 168 74298
144 169 88230
144 170 29756
144 171 18577
144 172 49727
144 173 64123
144 174 53353
144 175 31495
144 176 31064
144 177 31241
144 178 51303
144 179 27210
144 180 51003
144 181 16083
144 182 40194
144 183 9266
144 184 51793
144 185 44148
144 186 36780
144 187 77864
144 188 18625
144 189 57900
144 190 62421
144 191 33742
144 192 60719
144 193 30649
144 194 56901
144 195 22530
144 196 55888
144 197 15751
144 198 45970
144 199 68262
144 200 12187
144 201 66472
144 202 64323
144 203 49463
144 204 73698
144 205 77864
144 206 71792
144 207 83236
144 208 86143
144 209 36805
144 210 27206
144 211 28379
144 212 51240
144 213 60363
144 214 36915
144 215 29822
144 216 70286
144 217 15113
144 218 18305
144 219 24909
144 220 71587
144 221 68373
144 222 10846
144 223 74240
144 224 38582
144 225 58779
144 226 77207
144 227 90443
144 228 46302
144 229 32826
144 230 4038
144 231 52495
144 232 74328
144 233 56032
144 234 36077
144 235 56606
144 236 46406
144 237 50704
144 238 20565
144 239 72945
144 240 39725
144 241 49250
144 242 64412
144 243 70801
144 244 12024
144 245 50907
144 246 17523
144 247 13107
144 248 25502
144 249 64985
145 146 31119
145 147 81630
145 148 14397
145 149 92738
145 150 60704
145 151 60345
145 152 56506
145 153 77413
145 154 24191
145 155 40959
145 156 63989
145 157 85349
145 158 62607
145 159 44922
145 160 55307
145 161 97291
145 162 60932
145 163 72704
145 164 47114
145 165 60863
145 166 76942
145 167 61814
145 168 52555
145 169 82201
145 170 34740
145 171 43197
145 172 51036
145 173 55343
145 174 7653
145 175 69087
145 176 53337
145 177 57209
145 178 77066
145 179 82628
145 180 86630
145 181 69405
145 182 19551
145 183 51663
145 184 74662
145 185 64917
145 186 41488
145 187 21062
145 188 78332
145 189 3788
145 190 27384
145 191 42195
145 192 77992
145 193 84706
145 194 15955
145 195 44122
145 196 36438
145 197 54028
145 198 85212
145 199 48827
145 200 59263
145 201 44690
145 202 55826
145 203 23036
145 204 19037
145 205 46023
145 206 27779
145 207 73926
145 208 81187
145 209 23994
145 210 83848
145 211 62502
145 212 8648
145 213 3861
145 214 28119
145 215 79457
145 216 51096
145 217 49653
145 218 63224
145 219 43115
145 220 11954
145 221 82473
145 222 64779
145 223 43873
145 224 57487
145 225 70523
145 226 62783
145 227 89707
145 228 58608
145 229 34144
145 230 63389
145 231 57816
145 232 44528
145 233 65672
145 234 52289
145 235 8398
145 236 58138
145 237 89239
145 238 65420
145 239 13285
145 240 93223
145 241 85739
145 242 60929
145 243 63309
145 244 52866
145 245 21254
145 246 42866
145 247 59111
145 248 62987
145 249 54523
146 147 79789
146 148 33562
146 149 95897
146 150 54262
146 151 44896
146 152 50713
146 153 81119
146 154 52960
146 155 70309
146 156 48898
146 157 89205
146 158 43152
146 159 24597
146 160 74629
146 161 95336
146 162 77742
146 163 68640
146 164 70473
146 165 77409
146 166 79306
146 167 78863
146 168 78799
146 169 105489
146 170 41144
146 171 41853
146 172 68000
146 173 77276
146 174 31808
146 175 72619
146 176 60771
146 177 32175
146 178 87211
146 179 76985
146 180 92934
146 181 52376
146 182 26775
146 183 40702
146 184 85858
146 185 35894
146 186 15875
146 187 51315
146 188 66124
146 189 27336
146 190 54864
146 191 18357
146 192 91983
146 193 80183
146 194 16307
146 195 46899
146 196 59329
146 197 53124
146 198 89581
146 199 73885
146 200 43235
146 201 70054
146 202 77714
146 203 44549
146 204 50041
146 205 74715
146 206 58084
146 207 97802
146 208 104051
146 209 32165
146 210 77137
146 211 66545
146 212 25937
146 213 34639
146 214 39541
146 215 77667
146 216 76334
146 217 35232
146 218 62030
146 219 47519
146 220 37813
146 221 98186
146 222 49579
146 223 71975
146 224 67737
146 225 86082
146 226 87532
146 227 111588
146 228 72162
146 229 43305
146 230 53958
146 231 74324
146 232 72523
146 233 81521
146 234 25331
146 235 22825
146 236 28084
146 237 94244
146 238 64695
146 239 40908
146 240 89307
146 241 91548
146 242 81519
146 243 85677
146 244 38762
146 245 43882
146 246 33722
146 247 56248
146 248 40542
146 249 76993
147 148 67569
147 149 19695
147 150 25917
147 151 41358
147 152 29120
147 153 14340
147 154 100963
147 155 83875
147 156 38854
147 157 16763
147 158 48675
147 159 58342
147 160 53964
147 161 15855
147 162 47706
147 163 11599
147 164 64205
147 165 47003
147 166 11051
147 167 48431
147 168 74989
147 169 77059
147 170 46911
147 171 39626
147 172 48372
147 173 61354
147 174 74180
147 175 16493
147 176 31653
147 177 62502
147 178 31677
147 179 9918
147 180 24167
147 181 41255
147 182 63187
147 183 40045
147 184 34112
147 185 74818
147 186 68031
147 187 95474
147 188 27496
147 189 80956
147 190 73710
147 191 65023
147 192 43210
147 193 7285
147 194 83459
147 195 37514
147 196 62774
147 197 27996
147 198 18102
147 199 69711
147 200 43029
147 201 69792
147 202 61313
147 203 63909
147 204 90617
147 205 82714
147 206 84054
147 207 74911
147 208 74809
147 209 57793
147 210 12732
147 211 21471
147 212 74190
147 213 80965
147 214 53927
147 215 2193
147 216 70907
147 217 46514
147 218 18590
147 219 38581
147 220 93395
147 221 50437
147 222 38729
147 223 79332
147 224 33467
147 225 45695
147 226 73180
147 227 76005
147 228 39813
147 229 47976
147 230 28308
147 231 46823
147 232 79112
147 233 45605
147 234 67744
147 235 81077
147 236 77901
147 237 22024
147 238 16234
147 239 93811
147 240 12174
147 241 22342
147 242 58474
147 243 64874
147 244 43677
147 245 65877
147 246 46069
147 247 23756
147 248 55431
147 249 62816
148 149 78341
148 150 47877
148 151 50282
148 152 43710
148 153 63021
148 154 34802
148 155 37854
148 156 53570
148 157 70952
148 158 53999
148 159 38574
148 160 43402
148 161 83134
148 162 48164
148 163 59067
148 164 37352
148 165 48009
148 166 62588
148 167 49140
148 168 45238
148 169 72704
148 170 20694
148 171 30149
148 172 38131
148 173 44775
148 174 6749
148 175 54716
148 176 38943
148 177 51799
148 178 63025
148 179 69094
148 180 72295
148 181 59416
148 182 9672
148 183 40693
148 184 60750
148 185 61847
148 186 38382
148 187 30034
148 188 66395
148 189 14869
148 190 21828
148 191 38031
148 192 64654
148 193 70963
148 194 23661
148 195 30185
148 196 26156
148 197 40322
148 198 70817
148 199 40412
148 200 49493
148 201 36524
148 202 45239
148 203 11275
148 204 25994
148 205 41708
148 206 27552
148 207 64768
148 208 71421
148 209 11027
148 210 70487
148 211 48139
148 212 9606
148 213 13401
148 214 13769
148 215 65411
148 216 42849
148 217 40136
148 218 49329
148 219 28988
148 220 25863
148 221 69631
148 222 54354
148 223 38746
148 224 43285
148 225 57509
148 226 54198
148 227 79430
148 228 44933
148 229 19803
148 230 51211
148 231 44898
148 232 39247
148 233 52678
148 234 48507
148 235 17234
148 236 56541
148 237 74859
148 238 51423
148 239 26286
148 240 79310
148 241 71380
148 242 49712
148 243 53097
148 244 42898
148 245 10352
148 246 32260
148 247 45588
148 248 55747
148 249 44269
149 150 44003
149 151 60554
149 152 46456
149 153 15374
149 154 109162
149 155 86217
149 156 58299
149 157 7431
149 158 68100
149 159 76184
149 160 52951
149 161 15798
149 162 45281
149 163 30647
149 164 65027
149 165 44706
149 166 16611
149 167 45551
149 168 74108
149 169 68189
149 170 58707
149 171 54220
149 172 49928
149 173 59773
149 174 85089
149 175 23917
149 176 39451
149 177 81552
149 178 23696
149 179 28648
149 180 10469
149 181 60932
149 182 75970
149 183 57932
149 184 27138
149 185 94148
149 186 85558
149 187 103418
149 188 46932
149 189 92760
149 190 79324
149 191 82625
149 192 33773
149 193 24893
149 194 97255
149 195 50251
149 196 66974
149 197 42773
149 198 7871
149 199 69826
149 200 62157
149 201 71057
149 202 59578
149 203 72198
149 204 98380
149 205 83775
149 206 89461
149 207 68141
149 208 65998
149 209 70025
149 210 31041
149 211 30479
149 212 86271
149 213 91362
149 214 64664
149 215 21074
149 216 70377
149 217 64557
149 218 34100
149 219 50510
149 220 103942
149 221 39323
149 222 58223
149 223 80803
149 224 36970
149 225 39433
149 226 69431
149 227 64973
149 228 40112
149 229 58683
149 230 47338
149 231 45842
149 232 80414
149 233 41443
149 234 86363
149 235 93699
149 236 96778
149 237 6146
149 238 31416
149 239 103775
149 240 21324
149 241 9745
149 242 55174
149 243 60736
149 244 62057
149 245 74254
149 246 62662
149 247 40102
149 248 74869
149 249 61433
150 151 17682
150 152 4197
150 153 31399
150 154 82650
150 155 73941
150 156 16857
150 157 38495
150 158 25762
150 159 32452
150 160 52449
150 161 41140
150 162 49429
150 163 14458
150 164 58463
150 165 48746
150 166 28477
150 167 50541
150 168 70153
150 169 82449
150 170 28274
150 171 17731
150 172 44746
150 173 59236
150 174 53869
150 175 24679
150 176 25542
150 177 37871
150 178 44549
150 179 22984
150 180 44254
150 181 21967
150 182 41241
150 183 14133
150 184 45124
150 185 50890
150 186 42115
150 187 77685
150 188 19633
150 189 59262
150 190 60338
150 191 39108
150 192 54136
150 193 25965
150 194 59630
150 195 19695
150 196 52641
150 197 10740
150 198 39318
150 199 64166
150 200 19001
150 201 62702
150 202 59402
150 203 47929
150 204 73277
150 205 74566
150 206 70098
150 207 77777
150 208 80328
150 209 36999
150 210 23618
150 211 21785
150 212 52474
150 213 60908
150 214 35742
150 215 23908
150 216 66071
150 217 20663
150 218 11496
150 219 21897
150 220 72654
150 221 61816
150 222 17160
150 223 70944
150 224 32673
150 225 52516
150 226 72307
150 227 84313
150 228 40492
150 229 30869
150 230 5885
150 231 46950
150 232 70970
150 233 49989
150 234 42369
150 235 58483
150 236 52866
150 237 44072
150 238 13750
150 239 73715
150 240 35078
150 241 42514
150 242 59058
150 243 65539
150 244 18053
150 245 49558
150 246 20703
150 247 6697
150 248 32321
150 249 60208
151 152 17507
151 153 48883
151 154 84124
151 155 82747
151 156 4014
151 157 55620
151 158 8103
151 159 20387
151 160 66717
151 161 55018
151 162 64940
151 163 29935
151 164 70529
151 165 64299
151 166 45797
151 167 66107
151 168 82045
151 169 97976
151 170 35311
151 171 24630
151 172 58745
151 173 72891
151 174 54884
151 175 42362
151 176 40911
151 177 21169
151 178 62145
151 179 35320
151 180 61715
151 181 9141
151 182 41453
151 183 10287
151 184 62569
151 185 33612
151 186 30057
151 187 79931
151 188 21359
151 189 57939
151 190 67550
151 191 27098
151 192 71411
151 193 39114
151 194 54640
151 195 30203
151 196 62702
151 197 25720
151 198 56547
151 199 76001
151 200 1801
151 201 73810
151 202 73131
151 203 54140
151 204 76202
151 205 84451
151 206 76211
151 207 92602
151 208 95936
151 209 39578
151 210 34610
151 211 39132
151 212 51698
151 213 61649
151 214 41613
151 215 39648
151 216 78158
151 217 10788
151 218 29173
151 219 32573
151 220 71791
151 221 79033
151 222 4734
151 223 80862
151 224 48695
151 225 69150
151 226 85902
151 227 100604
151 228 56255
151 229 38770
151 230 13239
151 231 62120
151 232 81032
151 233 66179
151 234 26938
151 235 55826
151 236 36651
151 237 61242
151 238 31408
151 239 73604
151 240 47873
151 241 59942
151 242 73738
151 243 79979
151 244 7485
151 245 55283
151 246 18028
151 247 23867
151 248 14655
151 249 73609
152 153 33069
152 154 78495
152 155 70471
152 156 17642
152 157 40550
152 158 25551
152 159 29728
152 160 50328
152 161 44628
152 162 47872
152 163 17958
152 164 55640
152 165 47210
152 166 30427
152 167 49016
152 168 67324
152 169 80959
152 170 24291
152 171 13578
152 172 42485
152 173 56909
152 174 49679
152 175 25664
152 176 23785
152 177 36412
152 178 44931
152 179 26949
152 180 45856
152 181 23368
152 182 37048
152 183 11567
152 184 45183
152 185 49671
152 186 39169
152 187 73556
152 188 23374
152 189 55074
152 190 56589
152 191 36206
152 192 53935
152 193 29765
152 194 55597
152 195 16065
152 196 49322
152 197 8465
152 198 41258
152 199 61304
152 200 18510
152 201 59654
152 202 57102
152 203 44013
152 204 69176
152 205 71293
152 206 66249
152 207 75950
152 208 78877
152 209 32814
152 210 27711
152 211 21764
152 212 48283
152 213 56718
152 214 31720
152 215 27030
152 216 63282
152 217 18206
152 218 12716
152 219 18362
152 220 68457
152 221 61541
152 222 18108
152 223 67668
152 224 31363
152 225 51687
152 226 69996
152 227 83262
152 228 39049
152 229 27016
152 230 8553
152 231 45209
152 232 67723
152 233 48835
152 234 40306
152 235 54331
152 236 50993
152 237 46039
152 238 15301
152 239 69521
152 240 38838
152 241 44178
152 242 57130
152 243 63527
152 244 16130
152 245 45601
152 246 17008
152 247 6772
152 248 31798
152 249 57797
153 154 94343
153 155 73361
153 156 47313
153 157 8163
153 158 56830
153 159 62528
153 160 41514
153 161 23514
153 162 34601
153 163 20651
153 164 52731
153 165 33928
153 166 3601
153 167 35186
153 168 62847
153 169 62806
153 170 43337
153 171 39285
153 172 37024
153 173 48783
153 174 69770
153 175 8608
153 176 24233
153 177 69241
153 178 17361
153 179 23914
153 180 12854
153 181 51058
153 182 60617
153 183 44623
153 184 19785
153 185 82288
153 186 71574
153 187 88645
153 188 39724
153 189 77395
153 190 65113
153 191 68718
153 192 28879
153 193 21624
153 194 81951
153 195 34989
153 196 53165
153 197 28161
153 198 8465
153 199 57961
153 200 50314
153 201 58599
153 202 48681
153 203 57216
153 204 83635
153 205 71526
153 206 75382
153 207 60948
153 208 60556
153 209 54655
153 210 26799
153 211 15119
153 212 70897
153 213 76105
153 214 49318
153 215 13963
153 216 58879
153 217 51249
153 218 20354
153 219 35168
153 220 88689
153 221 36173
153 222 47400
153 223 68326
153 224 22834
153 225 31581
153 226 59965
153 227 61669
153 228 27617
153 229 43325
153 230 35804
153 231 34248
153 232 68019
153 233 31928
153 234 73375
153 235 78327
153 236 84044
153 237 13183
153 238 17793
153 239 88600
153 240 24144
153 241 11127
153 242 45252
153 243 51468
153 244 49139
153 245 59265
153 246 48375
153 247 26373
153 248 63521
153 249 50342
154 155 35448
154 156 87652
154 157 101753
154 158 86724
154 159 69101
154 160 63074
154 161 116070
154 162 70340
154 163 93312
154 164 51615
154 165 70515
154 166 94585
154 167 70898
154 168 51659
154 169 82437
154 170 54909
154 171 64921
154 172 61701
154 173 60208
154 174 29315
154 175 86652
154 176 70300
154 177 81234
154 178 90140
154 179 103400
154 180 101560
154 181 93239
154 182 42732
154 183 75026
154 184 87185
154 185 88208
154 186 65188
154 187 5821
154 188 101152
154 189 27323
154 190 31324
154 191 66128
154 192 88123
154 193 104992
154 194 36654
154 195 64348
154 196 44133
154 197 74642
154 198 101341
154 199 50551
154 200 83129
154 201 46785
154 202 60673
154 203 37221
154 204 10878
154 205 41215
154 206 23369
154 207 74058
154 208 82054
154 209 45793
154 210 104950
154 211 80319
154 212 32682
154 213 22477
154 214 47478
154 215 98867
154 216 52121
154 217 73544
154 218 83283
154 219 62814
154 220 15218
154 221 90804
154 222 88442
154 223 40956
154 224 72300
154 225 79991
154 226 62839
154 227 91188
154 228 70985
154 229 53200
154 230 85992
154 231 67890
154 232 41710
154 233 75382
154 234 75991
154 235 30984
154 236 80904
154 237 104797
154 238 85153
154 239 12054
154 240 112978
154 241 101014
154 242 66565
154 243 66549
154 244 76642
154 245 35199
154 246 66338
154 247 80041
154 248 87175
154 249 58854
155 156 85187
155 157 79287
155 158 88238
155 159 75395
155 160 33934
155 161 96799
155 162 41891
155 163 79792
155 164 21396
155 165 42322
155 166 74816
155 167 42008
155 168 16791
155 169 47106
155 170 47479
155 171 58515
155 172 36409
155 173 28553
155 174 38505
155 175 67579
155 176 52654
155 177 88711
155 178 63886
155 179 89380
155 180 76900
155 181 91398
155 182 47106
155 183 72464
155 184 60501
155 185 99482
155 186 76187
155 187 30733
155 188 93542
155 189 44476
155 190 16156
155 191 75670
155 192 58638
155 193 89676
155 194 56732
155 195 54413
155 196 21550
155 197 63566
155 198 78473
155 199 17704
155 200 82467
155 201 15341
155 202 28931
155 203 29372
155 204 27248
155 205 5787
155 206 13738
155 207 38795
155 208 46849
155 209 45353
155 210 91651
155 211 62524
155 212 44374
155 213 37098
155 214 41330
155 215 82119
155 216 18408
155 217 74170
155 218 69632
155 219 52112
155 220 42736
155 221 59445
155 222 85904
155 223 6213
155 224 50746
155 225 50494
155 226 27796
155 227 56022
155 228 46139
155 229 44126
155 230 79010
155 231 40604
155 232 6887
155 233 46625
155 234 86092
155 235 49016
155 236 94391
155 237 80820
155 238 70538
155 239 39875
155 240 95900
155 241 76887
155 242 34775
155 243 32908
155 244 76092
155 245 28852
155 246 65627
155 247 68908
155 248 91300
155 249 26912
156 157 53709
156 158 9821
156 159 24364
156 160 67741
156 161 51985
156 162 65507
156 163 27674
156 164 72200
156 165 64847
156 166 44091
156 167 66654
156 168 83799
156 169 98593
156 170 37713
156 171 26732
156 172 59822
156 173 74129
156 174 58364
156 175 41290
156 176 41416
156 177 24140
156 178 61330
156 179 32223
156 180 60064
156 181 6221
156 182 44929
156 183 12999
156 184 61973
156 185 35982
156 186 33976
156 187 83363
156 188 17456
156 189 61661
156 190 70225
156 191 31037
156 192 70991
156 193 36098
156 194 58589
156 195 31805
156 196 64805
156 197 26094
156 198 54707
156 199 77751
156 200 5680
156 201 75728
156 202 74347
156 203 56906
156 204 79543
156 205 86676
156 206 79104
156 207 93491
156 208 96515
156 209 42743
156 210 31311
156 211 38636
156 212 55344
156 213 65189
156 214 44314
156 215 37260
156 216 79851
156 217 14648
156 218 28228
156 219 34202
156 220 75513
156 221 78666
156 222 790
156 223 83070
156 224 48989
156 225 69186
156 226 87192
156 227 100860
156 228 56691
156 229 41076
156 230 11566
156 231 62812
156 232 83210
156 233 66446
156 234 30339
156 235 59644
156 236 39675
156 237 59337
156 238 30250
156 239 77265
156 240 44684
156 241 58262
156 242 74642
156 243 80982
156 244 11197
156 245 58135
156 246 21354
156 247 23424
156 248 16581
156 249 74926
157 158 63405
157 159 70198
157 160 46382
157 161 19427
157 162 38906
157 163 26199
157 164 58232
157 165 38294
157 166 10131
157 167 39283
157 168 67677
157 169 64018
157 170 51441
157 171 47398
157 172 42907
157 173 53385
157 174 77699
157 175 16771
157 176 32039
157 177 76335
157 178 18311
157 179 26595
157 180 7500
157 181 56921
157 182 68742
157 183 52110
157 184 21548
157 185 89199
157 186 79385
157 187 96015
157 188 44116
157 189 85412
157 190 72021
157 191 76496
157 192 29368
157 193 23365
157 194 90102
157 195 43152
157 196 59754
157 197 36154
157 198 1458
157 199 63181
157 200 57140
157 201 64225
157 202 53221
157 203 64769
157 204 90980
157 205 77033
157 206 82194
157 207 63218
157 208 61788
157 209 62757
157 210 29314
157 211 23256
157 212 78953
157 213 83948
157 214 57297
157 215 17454
157 216 63855
157 217 58752
157 218 27926
157 219 43308
157 220 96526
157 221 35800
157 222 53715
157 223 73983
157 224 29625
157 225 33981
157 226 63629
157 227 61687
157 228 33150
157 229 51331
157 230 42399
157 231 39180
157 232 73620
157 233 35421
157 234 80777
157 235 86417
157 236 91348
157 237 5629
157 238 25277
157 239 96347
157 240 22655
157 241 5755
157 242 49133
157 243 54966
157 244 56463
157 245 66826
157 246 56278
157 247 33979
157 248 70154
157 249 55018
158 159 18982
158 160 74077
158 161 61648
158 162 72634
158 163 37460
158 164 77219
158 165 72006
158 166 53683
158 167 73810
158 168 88597
158 169 105595
158 170 41247
158 171 31223
158 172 66083
158 173 80043
158 174 57889
158 175 50438
158 176 48702
158 177 14842
158 178 70249
158 179 41884
158 180 69636
158 181 9832
158 182 44667
158 183 16841
158 184 70665
158 185 26172
158 186 27440
158 187 82916
158 188 25870
158 189 59842
158 190 72655
158 191 24796
158 192 79482
158 193 45797
158 194 54906
158 195 37254
158 196 68845
158 197 33642
158 198 64373
158 199 82576
158 200 7087
158 201 80169
158 202 80304
158 203 59154
158 204 79525
158 205 90308
158 206 80787
158 207 100026
158 208 103581
158 209 43818
158 210 40814
158 211 47226
158 212 54044
158 213 64350
158 214 46909
158 215 47074
158 216 84798
158 217 14112
158 218 37258
158 219 39565
158 220 73570
158 221 87092
158 222 9987
158 223 86760
158 224 56564
158 225 77099
158 226 92974
158 227 108434
158 228 64040
158 229 44806
158 230 21043
158 231 69740
158 232 86979
158 233 74032
158 234 21690
158 235 57182
158 236 30257
158 237 69033
158 238 39460
158 239 75683
158 240 54245
158 241 67849
158 242 81179
158 243 87328
158 244 12339
158 245 60097
158 246 22618
158 247 31967
158 248 6769
158 249 80683
159 160 68157
159 161 73241
159 162 68770
159 163 46791
159 164 68270
159 165 68256
159 166 60067
159 167 69970
159 168 78826
159 169 100344
159 170 32211
159 171 26294
159 172 60396
159 173 72897
159 174 41204
159 175 54615
159 176 46967
159 177 13320
159 178 72294
159 179 54070
159 180 75151
159 181 27839
159 182 28902
159 183 18326
159 184 71785
159 185 25095
159 186 9895
159 187 65753
159 188 41723
159 189 41853
159 190 59290
159 191 6859
159 192 79503
159 193 57573
159 194 36002
159 195 32856
159 196 58364
159 197 34855
159 198 70845
159 199 73044
159 200 18686
159 201 69977
159 202 73245
159 203 46102
159 204 62831
159 205 78368
159 206 66108
159 207 93723
159 208 98541
159 209 30091
159 210 53845
159 211 49523
159 212 36633
159 213 47121
159 214 35394
159 215 56355
159 216 75438
159 217 11849
159 218 42273
159 219 34548
159 220 55327
159 221 86626
159 222 25026
159 223 75012
159 224 54905
159 225 75287
159 226 85115
159 227 104698
159 228 61241
159 229 35639
159 230 30771
159 231 65496
159 232 75360
159 233 71374
159 234 12353
159 235 38790
159 236 23029
159 237 75626
159 238 44924
159 239 57665
159 240 66628
159 241 73545
159 242 75448
159 243 80924
159 244 14999
159 245 46546
159 246 15142
159 247 36220
159 248 18105
159 249 73163
160 161 64919
160 162 7958
160 163 53051
160 164 12572
160 165 8407
160 166 43666
160 167 8141
160 168 21357
160 169 32188
160 170 36070
160 171 43324
160 172 7997
160 173 7400
160 174 48715
160 175 37589
160 176 26988
160 177 80148
160 178 30036
160 179 61337
160 180 43248
160 181 73660
160 182 47909
160 183 57277
160 184 26615
160 185 93076
160 186 73267
160 187 57332
160 188 70386
160 189 57267
160 190 31838
160 191 71475
160 192 25276
160 193 60643
160 194 67055
160 195 36919
160 196 19454
160 197 41934
160 198 45415
160 199 16893
160 200 67166
160 201 18596
160 202 7396
160 203 32549
160 204 52431
160 205 30924
160 206 40381
160 207 25970
160 208 30396
160 209 42543
160 210 63989
160 211 34367
160 212 52993
160 213 52305
160 214 35242
160 215 52582
160 216 17475
160 217 61724
160 218 44180
160 219 34705
160 220 63376
160 221 27861
160 222 68283
160 223 28151
160 224 21208
160 225 17056
160 226 20034
160 227 37121
160 228 14151
160 229 32854
160 230 58291
160 231 7269
160 232 27693
160 233 12783
160 234 80461
160 235 60441
160 236 90787
160 237 47304
160 238 44043
160 239 61845
160 240 65325
160 241 43392
160 242 7292
160 243 13262
160 244 62091
160 245 34143
160 246 54015
160 247 46019
160 248 79158
160 249 8863
161 162 57763
161 163 26703
161 164 76245
161 165 57116
161 166 22063
161 167 58245
161 168 86274
161 169 83303
161 170 62551
161 171 55481
161 172 60521
161 173 72115
161 174 89790
161 175 29735
161 176 45982
161 177 76096
161 178 37738
161 179 19767
161 180 25610
161 181 53122
161 182 79001
161 183 55119
161 184 40959
161 185 87712
161 186 83054
161 187 110496
161 188 37356
161 189 96707
161 190 87884
161 191 80022
161 192 48662
161 193 15905
161 194 99311
161 195 53232
161 196 76310
161 197 43846
161 198 20736
161 199 81460
161 200 56777
161 201 82106
161 202 71990
161 203 78875
161 204 105571
161 205 95038
161 206 98218
161 207 82645
161 208 81084
161 209 73541
161 210 21041
161 211 35809
161 212 89960
161 213 96506
161 214 69419
161 215 18047
161 216 82338
161 217 61398
161 218 34435
161 219 54180
161 220 108992
161 221 54728
161 222 51706
161 223 91825
161 224 46099
161 225 53382
161 226 82833
161 227 80529
161 228 51119
161 229 63419
161 230 42595
161 231 57652
161 232 91524
161 233 54600
161 234 81881
161 235 96901
161 236 91625
161 237 21554
161 238 32030
161 239 109303
161 240 7837
161 241 24371
161 242 68225
161 243 74208
161 244 58336
161 245 80881
161 246 61635
161 247 39561
161 248 68256
161 249 73704
162 163 48077
162 164 20520
162 165 720
162 166 37049
162 167 1202
162 168 28828
162 169 33087
162 170 37521
162 171 42941
162 172 10039
162 173 14497
162 174 53964
162 175 31696
162 176 24091
162 177 80070
162 178 22130
162 179 55686
162 180 35425
162 181 71181
162 182 51408
162 183 56100
162 184 18688
162 185 93271
162 186 74786
162 187 64556
162 188 66275
162 189 62564
162 190 39016
162 191 72741
162 192 17785
162 193 54629
162 194 71586
162 195 36313
162 196 26281
162 197 39413
162 198 37873
162 199 24748
162 200 65591
162 201 26553
162 202 14319
162 203 37905
162 204 59589
162 205 38813
162 206 47969
162 207 28551
162 208 31013
162 209 45628
162 210 58435
162 211 29538
162 212 57746
162 213 58180
162 214 38252
162 215 46502
162 216 25127
162 217 61167
162 218 40036
162 219 34358
162 220 69714
162 221 21544
162 222 65979
162 223 36095
162 224 16835
162 225 9747
162 226 25477
162 227 36077
162 228 8980
162 229 34735
162 230 55313
162 231 3419
162 232 35626
162 233 5042
162 234 81121
162 235 65388
162 236 91714
162 237 39537
162 238 39476
162 239 68404
162 240 58666
162 241 35647
162 242 10772
162 243 17251
162 244 61072
162 245 39687
162 246 54043
162 247 42788
162 248 78150
162 249 16152
163 164 61658
163 165 47357
163 166 17143
163 167 49009
163 168 73043
163 169 79766
163 170 38463
163 171 29742
163 172 46307
163 173 60365
163 174 65474
163 175 17276
163 176 27365
163 177 51019
163 178 36864
163 179 10097
163 180 32933
163 181 30728
163 182 53683
163 183 28532
163 184 38448
163 185 63507
163 186 56523
163 187 88026
163 188 19416
163 189 71684
163 190 67994
163 191 53505
163 192 47853
163 193 12074
163 194 73210
163 195 28977
163 196 58269
163 197 18745
163 198 27287
163 199 67361
163 200 31568
163 201 66759
163 202 60417
163 203 56926
163 204 83337
163 205 79405
163 206 78207
163 207 76436
163 208 77545
163 209 48710
163 210 11956
163 211 18692
163 212 64869
163 213 72420
163 214 45838
163 215 9745
163 216 68894
163 217 34951
163 218 10312
163 219 30527
163 220 84613
163 221 55490
163 222 27626
163 223 75874
163 224 31846
163 225 48417
163 226 72983
163 227 80035
163 228 39333
163 229 40162
163 230 16777
163 231 46415
163 232 75760
163 233 47155
163 234 56159
163 235 71398
163 236 66369
163 237 31807
163 238 9300
163 239 85323
163 240 20988
163 241 31092
163 242 58645
163 243 65225
163 244 32081
163 245 58783
163 246 34960
163 247 13619
163 248 44229
163 249 61640
164 165 20934
164 166 54502
164 167 20696
164 168 11691
164 169 35404
164 170 36503
164 171 46018
164 172 15847
164 173 8666
164 174 41463
164 175 47719
164 176 34374
164 177 81068
164 178 42492
164 179 70684
164 180 55561
164 181 78350
164 182 43971
164 183 60486
164 184 39105
164 185 93346
164 186 71792
164 187 45993
164 188 77481
164 189 49643
164 190 21099
164 191 70454
164 192 37641
164 193 70481
164 194 60596
164 195 40401
164 196 11198
164 197 47724
164 198 57354
164 199 5740
164 200 70666
164 201 6065
164 202 9145
164 203 26089
164 204 41270
164 205 18819
164 206 28464
164 207 27417
164 208 34222
164 209 39667
164 210 73170
164 211 43413
164 212 46525
164 213 43708
164 214 33114
164 215 62617
164 216 7654
164 217 63850
164 218 51982
164 219 38008
164 220 53661
164 221 39371
164 222 72830
164 223 15777
164 224 30739
164 225 29426
164 226 17181
164 227 42599
164 228 25167
164 229 32927
164 230 64063
164 231 19250
164 232 15391
164 233 25334
164 234 80211
164 235 53387
164 236 89928
164 237 59529
164 238 52384
164 239 51732
164 240 75974
164 241 55600
164 242 14958
164 243 16201
164 244 64904
164 245 27125
164 246 55531
164 247 52562
164 248 81535
164 249 7527
165 166 36359
165 167 1808
165 168 29412
165 169 33750
165 170 37092
165 171 42384
165 172 9882
165 173 15093
165 174 53856
165 175 30981
165 176 23433
165 177 79510
165 178 21634
165 179 54970
165 180 34892
165 181 70511
165 182 51127
165 183 55491
165 184 18209
165 185 92723
165 186 74330
165 187 64725
165 188 65562
165 189 62456
165 190 39192
165 191 72269
165 192 17639
165 193 53919
165 194 71389
165 195 35751
165 196 26421
165 197 38753
165 198 37271
165 199 25255
165 200 64958
165 201 26980
165 202 14928
165 203 37829
165 204 59747
165 205 39310
165 206 48226
165 207 29261
165 208 31669
165 209 45317
165 210 57718
165 211 28820
165 212 57582
165 213 58144
165 214 37946
165 215 45793
165 216 25681
165 217 60587
165 218 39326
165 219 33815
165 220 69735
165 221 21644
165 222 65317
165 223 36558
165 224 16137
165 225 9707
165 226 26178
165 227 36648
165 228 8281
165 229 34345
165 230 54630
165 231 3129
165 232 36098
165 233 4906
165 234 80605
165 235 65239
165 236 91212
165 237 38986
165 238 38760
165 239 68457
165 240 57983
165 241 35088
165 242 11480
165 243 17968
165 244 60468
165 245 39630
165 246 53501
165 247 42101
165 248 77541
165 249 16738
166 167 37709
166 168 64909
166 169 66010
166 170 42514
166 171 37611
166 172 38686
166 173 51006
166 174 69326
166 175 7945
166 176 24285
166 177 66348
166 178 20840
166 179 20419
166 180 15975
166 181 47683
166 182 59650
166 183 41992
166 184 23118
166 185 79302
166 186 69270
166 187 88937
166 188 36136
166 189 76749
166 190 65895
166 191 66375
166 192 32316
166 193 18312
166 194 80798
166 195 33792
166 196 54247
166 197 26187
166 198 10851
166 199 59854
166 200 47271
166 201 60275
166 202 50932
166 203 57373
166 204 83963
166 205 73225
166 206 76216
166 207 63912
166 208 63760
166 209 53802
166 210 23308
166 211 14457
166 212 70160
166 213 75805
166 214 48827
166 215 10470
166 216 60887
166 217 48633
166 218 17795
166 219 34207
166 220 88379
166 221 39678
166 222 44150
166 223 69951
166 224 24074
166 225 34651
166 226 62507
166 227 65077
166 228 29593
166 229 42798
166 230 32640
166 231 36434
166 232 69676
166 233 34690
166 234 70683
166 235 77474
166 236 81285
166 237 15625
166 238 15146
166 239 88429
166 240 21664
166 241 14172
166 242 47781
166 243 54100
166 244 46383
166 245 59408
166 246 46208
166 247 23848
166 248 60402
166 249 52525
167 168 28588
167 169 31945
167 170 38697
167 171 44142
167 172 11053
167 173 14253
167 174 54889
167 175 32518
167 176 25241
167 177 81271
167 178 22227
167 179 56514
167 180 35596
167 181 72314
167 182 52494
167 183 57288
167 184 18760
167 185 94472
167 186 75971
167 187 65125
167 188 67289
167 189 63489
167 190 39585
167 191 73932
167 192 17250
167 193 55394
167 194 72598
167 195 37514
167 196 26913
167 197 40560
167 198 38220
167 199 24711
167 200 66764
167 201 26689
167 202 14039
167 203 38800
167 204 60175
167 205 38786
167 206 48404
167 207 27530
167 208 29861
167 209 46737
167 210 59276
167 211 30519
167 212 58730
167 213 59024
167 214 39358
167 215 47263
167 216 24974
167 217 62364
167 218 41069
167 219 35560
167 220 70488
167 221 20667
167 222 67123
167 223 36146
167 224 17913
167 225 9096
167 226 24800
167 227 34877
167 228 10060
167 229 35894
167 230 56424
167 231 4569
167 232 35657
167 233 4641
167 234 82321
167 235 66356
167 236 92911
167 237 39749
167 238 40467
167 239 69135
167 240 59290
167 241 35878
167 242 10075
167 243 16453
167 244 62262
167 245 40561
167 246 55245
167 247 43892
167 248 79337
167 249 15933
168 169 30894
168 170 47580
168 171 57464
168 172 26809
168 173 14339
168 174 48119
168 175 58514
168 176 45883
168 177 91823
168 178 50781
168 179 81868
168 180 64180
168 181 89964
168 182 53017
168 183 71939
168 184 47302
168 185 103797
168 186 81638
168 187 46558
168 188 89133
168 189 55595
168 190 25171
168 191 80524
168 192 43846
168 193 81471
168 194 67330
168 195 51994
168 196 20484
168 197 59414
168 198 66675
168 199 6048
168 200 82132
168 201 8925
168 202 14552
168 203 34420
168 204 42480
168 205 11710
168 206 28625
168 207 22468
168 208 30409
168 209 49428
168 210 84415
168 211 54609
168 212 53672
168 213 48837
168 214 43436
168 215 73501
168 216 4150
168 217 75059
168 218 63506
168 219 49597
168 220 56905
168 221 43621
168 222 84438
168 223 10774
168 224 41668
168 225 36035
168 226 11180
168 227 39530
168 228 35317
168 229 43988
168 230 75752
168 231 28623
168 232 10032
168 233 32911
168 234 90530
168 235 59772
168 236 99914
168 237 68335
168 238 63805
168 239 54431
168 240 86536
168 241 64459
168 242 19647
168 243 16458
168 244 76262
168 245 34926
168 246 66644
168 247 64228
168 248 92723
168 249 12676
169 170 68220
169 171 75306
169 172 40032
169 173 28235
169 174 76832
169 175 62614
169 176 57177
169 177 112282
169 178 45925
169 179 86126
169 180 57826
169 181 104257
169 182 78763
169 183 88937
169 184 43083
169 185 125255
169 186 105266
169 187 77426
169 188 98626
169 189 84902
169 190 55176
169 191 103561
169 192 34655
169 193 84318
169 194 95997
169 195 68786
169 196 46567
169 197 72500
169 198 62643
169 199 33462
169 200 98581
169 201 37611
169 202 27808
169 203 61429
169 204 73371
169 205 41446
169 206 59518
169 207 8435
169 208 2251
169 209 73884
169 210 88991
169 211 61852
169 212 81929
169 213 78651
169 214 66789
169 215 76339
169 216 31326
169 217 93693
169 218 72639
169 219 66658
169 220 87559
169 221 29048
169 222 99066
169 223 41490
169 224 49778
169 225 31492
169 226 19797
169 227 9335
169 228 41964
169 229 64938
169 230 88328
169 231 35861
169 232 40735
169 233 32752
169 234 112642
169 235 88745
169 236 122925
169 237 62073
169 238 71769
169 239 85200
169 240 86325
169 241 58948
169 242 24896
169 243 19841
169 244 93850
169 245 62525
169 246 86140
169 247 75781
169 248 110950
169 249 28509
170 171 11191
170 172 28485
170 173 40695
170 174 27269
170 175 34813
170 176 20291
170 177 44673
170 178 46433
170 179 48530
170 180 53738
170 181 43920
170 182 17345
170 183 25025
170 184 44856
170 185 57266
170 186 37339
170 187 49730
170 188 47625
170 189 34284
170 190 32691
170 191 35437
170 192 50854
170 193 50297
170 194 38875
170 195 9504
170 196 27600
170 197 19743
170 198 51478
170 199 41619
170 200 35125
170 201 38999
170 202 41039
170 203 19761
170 204 45177
170 205 49164
170 206 42068
170 207 61513
170 208 66461
170 209 11318
170 210 50041
170 211 28230
170 212 27649
170 213 34094
170 214 7504
170 215 44746
170 216 43925
170 217 27500
170 218 28637
170 219 8386
170 220 46485
170 221 57208
170 222 38435
170 223 45588
170 224 26679
170 225 45219
170 226 53056
170 227 72947
170 228 31149
170 229 3592
170 230 32507
170 231 34134
170 232 45780
170 233 40827
170 234 44449
170 235 34995
170 236 54717
170 237 55805
170 238 30737
170 239 46978
170 240 58616
170 241 52600
170 242 43346
170 243 48720
170 244 28932
170 245 21313
170 246 19065
170 247 25134
170 248 45146
170 249 40999
171 172 35351
171 173 48966
171 174 36211
171 175 30767
171 176 20703
171 177 37129
171 178 46542
171 179 39513
171 180 51135
171 181 32953
171 182 23961
171 183 14475
171 184 45763
171 185 50350
171 186 33800
171 187 59980
171 188 36663
171 189 41996
171 190 43881
171 191 31270
171 192 53246
171 193 41814
171 194 43841
171 195 6644
171 196 38107
171 197 11710
171 198 47742
171 199 51428
171 200 24667
171 201 49182
171 202 49247
171 203 30889
171 204 55622
171 205 59946
171 206 53217
171 207 69275
171 208 73388
171 209 19321
171 210 40656
171 211 24758
171 212 35179
171 213 43240
171 214 18376
171 215 37435
171 216 53619
171 217 18402
171 218 21087
171 219 8649
171 220 55148
171 221 60332
171 222 27432
171 223 56341
171 224 28612
171 225 49038
171 226 61815
171 227 79013
171 228 35069
171 229 14393
171 230 21465
171 231 39780
171 232 56488
171 233 45236
171 234 38529
171 235 41665
171 236 49309
171 237 52393
171 238 23615
171 239 56088
171 240 50603
171 241 49718
171 242 50551
171 243 56487
171 244 18960
171 245 32359
171 246 11215
171 247 16144
171 248 35899
171 249 49540
172 173 14496
172 174 43985
172 175 31881
172 176 19507
172 177 72251
172 178 28650
172 179 55060
172 180 40988
172 181 65776
172 182 41511
172 183 49281
172 184 25554
172 185 85239
172 186 65808
172 187 55883
172 188 63037
172 189 52584
172 190 30545
172 191 63919
172 192 27090
172 193 54720
172 194 61550
172 195 28926
172 196 17705
172 197 34142
172 198 42132
172 199 21351
172 200 59179
172 201 21595
172 202 14655
172 203 28001
172 204 50849
172 205 34542
172 206 40177
172 207 33965
172 208 38176
172 209 35838
172 210 57609
172 211 27803
172 212 47709
172 213 48383
172 214 28460
172 215 46809
172 216 22674
172 217 53753
172 218 37010
172 219 26721
172 220 60128
172 221 31522
172 222 60374
172 223 31305
172 224 14919
172 225 19488
172 226 27561
172 227 44462
172 228 9839
172 229 25428
172 230 50554
172 231 6789
172 232 31008
172 233 14637
172 234 72726
172 235 55360
172 236 83138
172 237 44721
172 238 37124
172 239 58978
172 240 60127
172 241 40797
172 242 15202
172 243 21247
172 244 54096
172 245 29836
172 246 46109
172 247 38422
172 248 71166
172 249 15550
173 174 49367
173 175 44988
173 176 33964
173 177 85275
173 178 36467
173 179 68725
173 180 49849
173 181 80135
173 182 50534
173 183 63203
173 184 32992
173 185 97961
173 186 77297
173 187 54616
173 188 77475
173 189 57710
173 190 29748
173 191 75714
173 192 30137
173 193 68043
173 194 68303
173 195 42790
173 196 18948
173 197 48607
173 198 52364
173 199 10867
173 200 73235
173 201 13732
173 202 487
173 203 33538
173 204 49920
173 205 24803
173 206 36964
173 207 20917
173 208 26778
173 209 45677
173 210 71368
173 211 41698
173 212 54175
173 213 52036
173 214 38653
173 215 59980
173 216 10778
173 217 67267
173 218 51348
173 219 40482
173 220 62246
173 221 31097
173 222 74700
173 223 22463
173 224 28547
173 225 22079
173 226 13087
173 227 34663
173 228 21545
173 229 37265
173 230 65034
173 231 14572
173 232 21900
173 233 18638
173 234 85084
173 235 61280
173 236 95160
173 237 53998
173 238 51303
173 239 60366
173 240 72670
173 241 50120
173 242 6402
173 243 8402
173 244 67895
173 245 34813
173 246 59274
173 247 52916
173 248 84859
173 249 1699
174 175 61460
174 176 45685
174 177 54089
174 178 69548
174 179 75457
174 180 78993
174 181 64015
174 182 13436
174 183 45711
174 184 67199
174 185 63068
174 186 39388
174 187 25077
174 188 71976
174 189 8600
174 190 23352
174 191 39556
174 192 70786
174 193 77427
174 194 19254
174 195 36716
174 196 30440
174 197 46747
174 198 77559
174 199 43826
174 200 53943
174 201 39769
174 202 49844
174 203 16170
174 204 21696
174 205 43020
174 206 26532
174 207 68700
174 208 75684
174 209 16890
174 210 76768
174 211 54879
174 212 5871
174 213 7041
174 214 20500
174 215 72015
174 216 46195
174 217 44402
174 218 55855
174 219 35615
174 220 19216
174 221 75499
174 222 59154
174 223 40431
174 224 49897
174 225 63457
174 226 57792
174 227 83971
174 228 51237
174 229 26531
174 230 56883
174 231 50775
174 232 41018
174 233 58609
174 234 49971
174 235 11927
174 236 57019
174 237 81588
174 238 58000
174 239 19887
174 240 85855
174 241 78094
174 242 54673
174 243 57535
174 244 47413
174 245 14622
174 246 37031
174 247 51927
174 248 58966
174 249 48690
175 176 16358
175 177 62075
175 178 20206
175 179 23996
175 180 20587
175 181 45689
175 182 52055
175 183 37065
175 184 21376
175 185 75302
175 186 63451
175 187 81012
175 188 36574
175 189 68967
175 190 58151
175 191 60644
175 192 30747
175 193 23057
175 194 73355
175 195 26382
175 196 46722
175 197 19900
175 198 17006
175 199 53218
175 200 43652
175 201 53337
175 202 44967
175 203 49436
175 204 76044
175 205 66273
175 206 68488
175 207 59629
175 208 60384
175 209 46127
175 210 26766
175 211 6597
175 212 62423
175 213 67900
175 214 40969
175 215 15002
175 216 54424
175 217 43619
175 218 13194
175 219 26594
175 220 80478
175 221 38438
175 222 41485
175 223 62917
175 224 16987
175 225 31186
175 226 57069
175 227 62760
175 228 23456
175 229 34949
175 230 29746
175 231 30534
175 232 62683
175 233 30209
175 234 65790
175 235 69807
175 236 76557
175 237 21627
175 238 11041
175 239 80501
175 240 28339
175 241 19059
175 242 42446
175 243 48947
175 244 41784
175 245 51469
175 246 40169
175 247 18894
175 248 56992
175 249 46418
176 177 57147
176 178 26444
176 179 36744
176 180 33599
176 181 47122
176 182 37530
176 183 32444
176 184 25279
176 185 70521
176 186 54370
176 187 64655
176 188 43530
176 189 53524
176 190 42080
176 191 51921
176 192 32544
176 193 37071
176 194 59107
176 195 14358
176 196 31278
176 197 15323
176 198 31875
176 199 40100
176 200 41629
176 201 39394
176 202 34092
176 203 33092
176 204 59687
176 205 52061
176 206 52429
176 207 52256
176 208 55102
176 209 31378
176 210 39080
176 211 10233
176 212 47200
176 213 51912
176 214 25389
176 215 29752
176 216 41736
176 217 38000
176 218 17623
176 219 13297
176 220 64492
176 221 39689
176 222 41892
176 223 48547
176 224 8039
176 225 28714
176 226 46962
176 227 59733
176 228 15345
176 229 19540
176 230 31414
176 231 21451
176 232 48417
176 233 25358
176 234 59124
176 235 54802
176 236 69945
176 237 35950
176 238 18066
176 239 64368
176 240 43822
176 241 32562
176 242 33517
176 243 40007
176 244 37478
176 245 35130
176 246 31833
176 247 19040
176 248 54428
176 249 35057
177 178 81073
177 179 56346
177 180 82089
177 181 24528
177 182 42135
177 183 25249
177 184 81011
177 185 13409
177 186 16671
177 187 78224
177 188 40712
177 189 53915
177 190 72609
177 191 15164
177 192 89300
177 193 60195
177 194 46422
177 195 43758
177 196 71412
177 197 43335
177 198 77182
177 199 85979
177 200 19475
177 201 83020
177 202 85601
177 203 59402
177 204 75560
177 205 91643
177 206 79350
177 207 105955
177 208 110405
177 209 43389
177 210 55441
177 211 57877
177 212 49216
177 213 59691
177 214 48466
177 215 60756
177 216 88348
177 217 19165
177 218 49013
177 219 45743
177 220 66939
177 221 96686
177 222 24478
177 223 88267
177 224 65186
177 225 85842
177 226 97729
177 227 116143
177 228 72066
177 229 48202
177 230 34246
177 231 76905
177 232 88603
177 233 82238
177 234 7497
177 235 50419
177 236 15535
177 237 81928
177 238 51480
177 239 69518
177 240 68824
177 241 80365
177 242 87426
177 243 93133
177 244 20338
177 245 59864
177 246 26142
177 247 43181
177 248 9413
177 249 85642
178 179 41256
178 180 13446
178 181 65873
178 182 63283
178 183 55825
178 184 3484
178 185 94441
178 186 80328
178 187 84320
178 188 56271
178 189 77893
178 190 59157
178 191 77737
178 192 11544
178 193 38952
178 194 84780
178 195 40599
178 196 46346
178 197 37786
178 198 17020
178 199 46877
178 200 63326
178 201 48555
178 202 36233
178 203 54678
178 204 79263
178 205 60941
178 206 68816
178 207 44907
178 208 43682
178 209 57090
178 210 44144
178 211 23211
178 212 72048
178 213 74973
178 214 50392
178 215 31303
178 216 47200
178 217 62122
178 218 33102
178 219 39728
178 220 87262
178 221 18843
178 222 61562
178 223 58181
178 224 19955
178 225 15775
178 226 45735
178 227 44340
178 228 19156
178 229 45060
178 230 49841
178 231 23330
178 232 57729
178 233 17896
178 234 84074
178 235 79800
178 236 94933
178 237 17698
178 238 31177
178 239 86504
178 240 40400
178 241 13953
178 242 31563
178 243 37040
178 244 60759
178 245 56689
178 246 57255
178 247 38312
178 248 76672
178 249 38153
179 180 34045
179 181 33509
179 182 63470
179 183 36326
179 184 43490
179 185 67972
179 186 63950
179 187 98122
179 188 18399
179 189 81508
179 190 77936
179 191 60909
179 192 52732
179 193 3995
179 194 82544
179 195 39057
179 196 67923
179 197 28791
179 198 27963
179 199 76331
179 200 37092
179 201 75981
179 202 68733
179 203 67006
179 204 93434
179 205 88754
179 206 88182
179 207 83527
179 208 83881
179 209 58643
179 210 2889
179 211 27277
179 212 74692
179 213 82424
179 214 55923
179 215 9954
179 216 77734
179 217 42306
179 218 20328
179 219 40624
179 220 94557
179 221 60084
179 222 31939
179 223 85264
179 224 40254
179 225 54644
179 226 81007
179 227 85472
179 228 47300
179 229 50259
179 230 23301
179 231 54413
179 232 85115
179 233 54097
179 234 62235
179 235 81064
179 236 71880
179 237 31695
179 238 18946
179 239 95325
179 240 12596
179 241 32231
179 242 66424
179 243 72938
179 244 39076
179 245 68870
179 246 43651
179 247 23530
179 248 48507
179 249 70091
180 181 63606
180 182 71064
180 183 57388
180 184 16926
180 185 95142
180 186 84037
180 187 95764
180 188 51339
180 189 87016
180 190 71078
180 191 81225
180 192 23320
180 193 30861
180 194 92613
180 195 46205
180 196 58452
180 197 40486
180 198 6090
180 199 60136
180 200 63159
180 201 61621
180 202 49628
180 203 65121
180 204 90702
180 205 74169
180 206 81019
180 207 57672
180 208 55623
180 209 64942
180 210 36787
180 211 26390
180 212 80774
180 213 84921
180 214 58931
180 215 24697
180 216 60547
180 217 63996
180 218 33145
180 219 45990
180 220 97425
180 221 29119
180 222 60125
180 223 71317
180 224 29428
180 225 29063
180 226 59115
180 227 54929
180 228 31172
180 229 53136
180 230 48596
180 231 36311
180 232 70891
180 233 31331
180 234 86149
180 235 88397
180 236 96848
180 237 4332
180 238 30620
180 239 96984
180 240 29789
180 241 1851
180 242 45009
180 243 50421
180 244 61956
180 245 67174
180 246 60754
180 247 39124
180 248 76341
180 249 51528
181 182 50587
181 183 19089
181 184 66736
181 185 34780
181 186 36890
181 187 89068
181 188 16384
181 189 66934
181 190 76392
181 191 34115
181 192 75891
181 193 37494
181 194 63148
181 195 37972
181 196 71022
181 197 31826
181 198 58015
181 199 83916
181 200 10147
181 201 81925
181 202 80344
181 203 63044
181 204 85343
181 205 92897
181 206 85199
181 207 99318
181 208 102158
181 209 48680
181 210 32095
181 211 43628
181 212 60759
181 213 70762
181 214 50466
181 215 39895
181 216 86003
181 217 19756
181 218 32932
181 219 40370
181 220 80777
181 221 83596
181 222 5538
181 223 89291
181 224 54533
181 225 74481
181 226 93211
181 227 106274
181 228 62302
181 229 47293
181 230 16218
181 231 68565
181 232 89430
181 233 71921
181 234 31512
181 235 64691
181 236 39725
181 237 62518
181 238 34701
181 239 82647
181 240 45521
181 241 61775
181 242 80495
181 243 86878
181 244 16602
181 245 64243
181 246 27157
181 247 28657
181 248 15601
181 249 80962
182 183 32322
182 184 61446
182 185 52390
182 186 29140
182 187 38483
182 188 58809
182 189 18052
182 190 30961
182 191 28568
182 192 66596
182 193 65746
182 194 21580
182 195 25941
182 196 32961
182 197 35244
182 198 68805
182 199 47758
182 200 40531
182 201 44124
182 202 50967
182 203 18663
182 204 34886
182 205 50628
182 206 37216
182 207 71164
182 208 77299
182 209 6195
182 210 64561
182 211 45498
182 212 11243
182 213 20302
182 214 13273
182 215 60996
182 216 50219
182 217 31020
182 218 44612
182 219 25464
182 220 31465
182 221 72335
182 222 45719
182 223 47492
182 224 43343
182 225 60147
182 226 61126
182 227 84816
182 228 46605
182 229 18224
182 230 43838
182 231 48009
182 232 47936
182 233 55454
182 234 39013
182 235 17913
182 236 47428
182 237 73149
182 238 46971
182 239 32752
182 240 74458
182 241 69941
182 242 54752
182 243 58935
182 244 33987
182 245 18541
182 246 23606
182 247 40066
182 248 46161
182 249 50296
183 184 55782
183 185 38634
183 186 27992
183 187 70602
183 188 27026
183 189 49578
183 190 57325
183 191 24980
183 192 64180
183 193 39639
183 194 47866
183 195 20415
183 196 52456
183 197 18102
183 198 52824
183 199 65902
183 200 10196
183 201 63626
183 202 63465
183 203 43957
183 204 66686
183 205 74172
183 206 66117
183 207 83240
183 208 86950
183 209 29798
183 210 36437
183 211 32638
183 212 43062
183 213 52624
183 214 31390
183 215 38041
183 216 68093
183 217 6642
183 218 24270
183 219 22725
183 220 63380
183 221 71642
183 222 13767
183 223 70586
183 224 40439
183 225 61113
183 226 76137
183 227 92064
183 228 47680
183 229 28492
183 230 13303
183 231 53122
183 232 70761
183 233 57781
183 234 28761
183 235 47974
183 236 39494
183 237 57606
183 238 26867
183 239 64943
183 240 48753
183 241 55723
183 242 64411
183 243 70518
183 244 5045
183 245 45156
183 246 8815
183 247 18264
183 248 22050
183 249 63845
184 185 94410
184 186 79551
184 187 81364
184 188 57850
184 189 75613
184 190 56098
184 191 77031
184 192 9405
184 193 41395
184 194 82848
184 195 39606
184 196 43258
184 197 37681
184 198 20303
184 199 43432
184 200 63673
184 201 45164
184 202 32756
184 203 52083
184 204 76315
184 205 57501
184 206 65660
184 207 41735
184 208 40834
184 209 55266
184 210 46378
184 211 23439
184 212 69900
184 213 72463
184 214 48407
184 215 33569
184 216 43732
184 217 61942
184 218 33816
184 219 38552
184 220 84666
184 221 17066
184 222 62247
184 223 54766
184 224 18182
184 225 12435
184 226 42299
184 227 41985
184 228 16304
184 229 43262
184 230 50588
184 231 20010
184 232 54306
184 233 14412
184 234 83719
184 235 77666
184 236 94581
184 237 21167
184 238 32095
184 239 83820
184 240 43325
184 241 17393
184 242 28085
184 243 33606
184 244 60769
184 245 54074
184 246 56673
184 247 38706
184 248 76981
184 249 34679
185 186 23680
185 187 85896
185 188 51114
185 189 61332
185 190 83327
185 191 23826
185 192 102709
185 193 71911
185 194 51882
185 195 56993
185 196 83315
185 197 56731
185 198 90098
185 199 98062
185 200 32061
185 201 94916
185 202 98304
185 203 70507
185 204 83829
185 205 102806
185 206 89197
185 207 118753
185 208 123414
185 209 54636
185 210 66763
185 211 71235
185 212 57681
185 213 67873
185 214 60372
185 215 73179
185 216 100468
185 217 32566
185 218 62179
185 219 58913
185 220 73290
185 221 110088
185 222 36157
185 223 99542
185 224 78559
185 225 99198
185 226 110211
185 227 129322
185 228 85370
185 229 60721
185 230 46850
185 231 90070
185 232 99929
185 233 95543
185 234 13397
185 235 57291
185 236 8724
185 237 94815
185 238 64592
185 239 76203
185 240 80210
185 241 93395
185 242 100366
185 243 105941
185 244 33683
185 245 70730
185 246 39234
185 247 56425
185 248 19470
185 249 98247
186 187 62541
186 188 51413
186 189 38005
186 190 60068
186 191 3041
186 192 86809
186 193 67429
186 194 29795
186 195 40019
186 196 61236
186 197 43556
186 198 79966
186 199 76115
186 200 28309
186 201 72713
186 202 77683
186 203 47644
186 204 60274
186 205 79766
186 206 65577
186 207 98213
186 208 103583
186 209 32225
186 210 63740
186 211 58021
186 212 34031
186 213 44306
186 214 38743
186 215 66015
186 216 78561
186 217 21669
186 218 51502
186 219 41360
186 220 50604
186 221 93677
186 222 34599
186 223 76609
186 224 62093
186 225 81999
186 226 88918
186 227 110265
186 228 67851
186 229 40421
186 230 40649
186 231 71422
186 232 77040
186 233 77828
186 234 10812
186 235 34215
186 236 18320
186 237 84734
186 238 54177
186 239 53316
186 240 76497
186 241 82483
186 242 80498
186 243 85551
186 244 24890
186 245 47662
186 246 23306
186 247 45468
186 248 24684
186 249 77363
187 188 96412
187 189 24567
187 190 25542
187 191 63248
187 192 82341
187 193 99629
187 194 35164
187 195 59108
187 196 38330
187 197 69418
187 198 95589
187 199 45145
187 200 79012
187 201 41305
187 202 55085
187 203 31621
187 204 5064
187 205 36520
187 206 18009
187 207 69015
187 208 76963
187 209 41060
187 210 99732
187 211 74714
187 212 29121
187 213 18643
187 214 42254
187 215 93391
187 216 46802
187 217 69478
187 218 77935
187 219 57501
187 220 14842
187 221 85098
187 222 84152
187 223 35960
187 224 66529
187 225 74220
187 226 57728
187 227 86061
187 228 65165
187 229 47869
187 230 81212
187 231 62086
187 232 36715
187 233 69597
187 234 73347
187 235 28697
187 236 78916
187 237 99019
187 238 79752
187 239 11420
187 240 107523
187 241 95228
187 242 60952
187 243 61124
187 244 72470
187 245 29620
187 246 62010
187 247 74854
187 248 83728
187 249 53293
188 189 76437
188 190 79938
188 191 48457
188 192 67253
188 193 22341
188 194 74784
188 195 39317
188 196 72176
188 197 30048
188 198 45383
188 199 83215
188 200 23106
188 201 81980
188 202 77590
188 203 67372
188 204 92179
188 205 94042
188 206 89622
188 207 94819
188 208 96428
188 209 55374
188 210 16438
188 211 36822
188 212 69815
188 213 78988
188 214 54999
188 215 26667
188 216 85011
188 217 31118
188 218 26277
188 219 41530
188 220 90166
188 221 74901
188 222 16872
188 223 90427
188 224 49547
188 225 67502
188 226 90415
188 227 99275
188 228 57334
188 229 50390
188 230 15219
188 231 64239
188 232 90430
188 233 65883
188 234 47413
188 235 74979
188 236 56052
188 237 49497
188 238 26872
188 239 91561
188 240 29599
188 241 49489
188 242 76529
188 243 83108
188 244 27529
188 245 68934
188 246 35775
188 247 24939
188 248 31975
188 249 78586
189 190 30464
189 191 38831
189 192 79352
189 193 83734
189 194 12286
189 195 43477
189 196 38762
189 197 53135
189 198 85339
189 199 51651
189 200 56787
189 201 47537
189 202 58190
189 203 24744
189 204 22769
189 205 49442
189 206 31434
189 207 76686
189 208 83824
189 209 23166
189 210 82613
189 211 62370
189 212 6817
189 213 7499
189 214 28139
189 215 78772
189 216 53964
189 217 47185
189 218 62439
189 219 42661
189 220 13853
189 221 84099
189 222 62448
189 223 47184
189 224 58130
189 225 72052
189 226 65631
189 227 92229
189 228 59738
189 229 34081
189 230 61649
189 231 59373
189 232 47824
189 233 67205
189 234 48817
189 235 4634
189 236 54456
189 237 89474
189 238 64721
189 239 15851
189 240 92380
189 241 86055
189 242 63130
189 243 65795
189 244 50486
189 245 23130
189 246 40763
189 247 58065
189 248 59953
189 249 56968
190 191 59519
190 192 56801
190 193 78783
190 194 42365
190 195 40648
190 196 12860
190 197 50485
190 198 71453
190 199 21718
190 200 67144
190 201 17574
190 202 30231
190 203 13503
190 204 20600
190 205 19913
190 206 10349
190 207 46812
190 208 54311
190 209 29321
190 210 79949
190 211 52309
190 212 29114
190 213 23676
190 214 25938
190 215 71766
190 216 23878
190 217 58546
190 218 57683
190 219 38513
190 220 32653
190 221 59669
190 222 70967
190 223 17118
190 224 42410
190 225 48680
190 226 35550
190 227 63082
190 228 40077
190 229 29625
190 230 65007
190 231 36591
190 232 17684
190 233 44058
190 234 69937
190 235 34729
190 236 78305
190 237 74558
190 238 59013
190 239 30640
190 240 85884
190 241 70691
190 242 35919
190 243 37036
190 244 60665
190 245 12759
190 246 50055
190 247 55985
190 248 75441
190 249 28607
191 192 84419
191 193 64391
191 194 31389
191 195 37598
191 196 60065
191 197 40765
191 198 77093
191 199 74917
191 200 25362
191 201 71607
191 202 76090
191 203 46819
191 204 60765
191 205 79072
191 206 65443
191 207 96627
191 208 101842
191 209 31121
191 210 60701
191 211 55294
191 212 34415
191 213 44823
191 214 37342
191 215 63013
191 216 77351
191 217 18632
191 218 48593
191 219 39033
191 220 51776
191 221 91361
191 222 31672
191 223 75849
191 224 59712
191 225 79768
191 226 87523
191 227 108378
191 228 65633
191 229 38630
191 230 37608
191 231 69398
191 232 76256
191 233 75665
191 234 10484
191 235 35264
191 236 19480
191 237 81866
191 238 51264
191 239 54371
191 240 73457
191 241 79657
191 242 78733
191 243 83913
191 244 21850
191 245 46965
191 246 20569
191 247 42552
191 248 22502
191 249 75838
192 193 50489
192 194 87573
192 195 46821
192 196 44057
192 197 46131
192 198 27988
192 199 40999
192 200 72443
192 201 43487
192 202 29791
192 203 54998
192 204 77374
192 205 54896
192 206 65639
192 207 34420
192 208 32429
192 209 60521
192 210 55622
192 211 32355
192 212 74100
192 213 75434
192 214 53339
192 215 42786
192 216 40774
192 217 70150
192 218 42962
192 219 45464
192 220 87215
192 221 7716
192 222 71293
192 223 52592
192 224 24716
192 225 8225
192 226 36992
192 227 32798
192 228 19992
192 229 48770
192 230 59699
192 231 20445
192 232 52036
192 233 12748
192 234 91617
192 235 81843
192 236 102455
192 237 27627
192 238 41350
192 239 86020
192 240 51789
192 241 24341
192 242 24217
192 243 28471
192 244 69207
192 245 56876
192 246 64363
192 247 47612
192 248 85685
192 249 31813
193 194 85231
193 195 40793
193 196 68349
193 197 30684
193 198 24774
193 199 76064
193 200 40874
193 201 75931
193 202 68023
193 203 68288
193 204 94871
193 205 88793
193 206 89086
193 207 82070
193 208 82069
193 209 60717
193 210 6149
193 211 27190
193 212 76922
193 213 84343
193 214 57586
193 215 8131
193 216 77360
193 217 45761
193 218 21712
193 219 42192
193 220 96596
193 221 57690
193 222 35835
193 223 85352
193 224 39811
193 225 52923
193 226 80070
193 227 83286
193 228 46512
193 229 51793
193 230 26824
193 231 53584
193 232 85169
193 233 52708
193 234 65990
193 235 83472
193 236 75723
193 237 28256
193 238 19922
193 239 97243
193 240 9124
193 241 29080
193 242 65399
193 243 71847
193 244 42607
193 245 70197
193 246 46664
193 247 25681
193 248 52442
193 249 69464
194 195 47013
194 196 49478
194 197 55528
194 198 90218
194 199 63080
194 200 53221
194 201 59023
194 202 68773
194 203 34780
194 204 34267
194 205 61629
194 206 43713
194 207 87910
194 208 94802
194 209 27757
194 210 83241
194 211 66849
194 212 14131
194 213 19767
194 214 34444
194 215 81270
194 216 65450
194 217 43982
194 218 64925
194 219 46805
194 220 21516
194 221 92920
194 222 59346
194 223 59275
194 224 64826
194 225 80741
194 226 77041
194 227 102964
194 228 67626
194 229 39761
194 230 60878
194 231 68263
194 232 59897
194 233 75950
194 234 40341
194 235 7718
194 236 44320
194 237 94619
194 238 67429
194 239 24603
194 240 94195
194 241 91464
194 242 73357
194 243 76563
194 244 47530
194 245 33515
194 246 39397
194 247 59813
194 248 53723
194 249 67715
195 196 33366
195 197 10312
195 198 43336
195 199 45946
195 200 30465
195 201 43999
195 202 43050
195 203 28466
195 204 54484
195 205 55346
195 206 50474
195 207 62889
195 208 66848
195 209 20315
195 210 40624
195 211 19965
195 212 36745
195 213 43579
195 214 16870
195 215 35338
195 216 48049
195 217 24918
195 218 19145
195 219 2399
195 220 55927
195 221 53819
195 222 32444
195 223 51721
195 224 22123
195 225 42435
195 226 55747
195 227 72389
195 228 28435
195 229 11389
195 230 24598
195 231 33172
195 232 51802
195 233 38598
195 234 45130
195 235 43838
195 236 55884
195 237 47848
195 238 21298
195 239 56471
195 240 49140
195 241 44906
195 242 44103
195 243 50137
195 244 25175
195 245 30198
195 246 17839
195 247 15787
195 248 42240
195 249 43452
196 197 42141
196 198 59111
196 199 14884
196 200 62626
196 201 11613
196 202 19428
196 203 14891
196 204 33335
196 205 21980
196 206 22567
196 207 38615
196 208 45330
196 209 29011
196 210 70154
196 211 41318
196 212 35379
196 213 33213
196 214 22970
196 215 60944
196 216 17336
196 217 55062
196 218 48088
196 219 31005
196 220 43956
196 221 47282
196 222 65488
196 223 18355
196 224 30332
196 225 35999
196 226 28210
196 227 53533
196 228 27335
196 229 24039
196 230 57874
196 231 23756
196 232 18442
196 233 31310
196 234 70046
196 235 42362
196 236 79482
196 237 62033
196 238 49037
196 239 42391
196 240 74890
196 241 58139
196 242 24521
196 243 27102
196 244 56520
196 245 15969
196 246 46559
196 247 47427
196 248 72646
196 249 18253
197 198 36614
197 199 53431
197 200 26556
197 201 52012
197 202 48786
197 203 38670
197 204 64794
197 205 63994
197 206 60477
197 207 67497
197 208 70422
197 209 30048
197 210 30315
197 211 14709
197 212 46337
197 213 53680
197 214 27171
197 215 25804
197 216 55331
197 217 24336
197 218 9411
197 219 12106
197 220 65912
197 221 53647
197 222 26570
197 223 60379
197 224 22982
197 225 43457
197 226 61690
197 227 74898
197 228 30614
197 229 21659
197 230 16442
197 231 36745
197 232 60384
197 233 40468
197 234 46361
197 235 53104
197 236 57205
197 237 41344
197 238 11907
197 239 66583
197 240 39245
197 241 38950
197 242 48688
197 243 55106
197 244 23101
197 245 40444
197 246 20270
197 247 5527
197 248 39634
197 249 49543
198 199 62247
198 200 58048
198 201 63364
198 202 52192
198 203 64436
198 204 90547
198 205 76138
198 206 81592
198 207 61919
198 208 60415
198 209 62785
198 210 30699
198 211 23385
198 212 78920
198 213 83749
198 214 57206
198 215 18716
198 216 62880
198 217 59463
198 218 28585
198 219 43412
198 220 96320
198 221 34370
198 222 54728
198 223 73119
198 224 29110
198 225 32738
198 226 62471
198 227 60256
198 228 32338
198 229 51266
198 230 43345
198 231 38242
198 232 72745
198 233 34291
198 234 81530
198 235 86421
198 236 92136
198 237 4783
198 238 25960
198 239 96090
198 240 24102
198 241 4315
198 242 48020
198 243 53798
198 244 57234
198 245 66493
198 246 56803
198 247 34634
198 248 71112
198 249 54006
199 200 76094
199 201 4149
199 202 11233
199 203 29343
199 204 40704
199 205 14074
199 206 27184
199 207 25121
199 208 32602
199 209 43892
199 210 78836
199 211 49055
199 212 49195
199 213 45228
199 214 37693
199 215 68159
199 216 2461
199 217 69075
199 218 57713
199 219 43549
199 220 54229
199 221 41783
199 222 78390
199 223 11596
199 224 36270
199 225 32907
199 226 13982
199 227 41443
199 228 30344
199 229 38028
199 230 69746
199 231 24006
199 232 11040
199 233 29253
199 234 84837
199 235 55652
199 236 94349
199 237 64197
199 238 58094
199 239 52007
199 240 81401
199 241 60284
199 242 17077
199 243 15999
199 244 70244
199 245 30060
199 246 60683
199 247 58292
199 248 86748
199 249 9211
200 201 73820
200 202 73485
200 203 53694
200 204 75353
200 205 84289
200 206 75666
200 207 93090
200 208 96557
200 209 38895
200 210 36402
200 211 40237
200 212 50619
200 213 60654
200 214 41231
200 215 41295
200 216 78279
200 217 9610
200 218 30458
200 219 32811
200 220 70631
200 221 80041
200 222 6345
200 223 80712
200 224 49481
200 225 70013
200 226 86211
200 227 101358
200 228 56972
200 229 38627
200 230 14820
200 231 62720
200 232 80899
200 233 66951
200 234 25153
200 235 54576
200 236 34927
200 237 62757
200 238 32750
200 239 72501
200 240 49651
200 241 61396
200 242 74233
200 243 80425
200 244 6601
200 245 54782
200 246 17322
200 247 25015
200 248 13354
200 249 73916
201 202 14163
201 203 25575
201 204 36779
201 205 12951
201 206 23433
201 207 29269
201 208 36739
201 209 40505
201 210 78405
201 211 48771
201 212 45188
201 213 41084
201 214 34583
201 215 68149
201 216 6432
201 217 66498
201 218 56892
201 219 41603
201 220 50120
201 221 44823
201 222 76389
201 223 9758
201 224 36355
201 225 35297
201 226 18098
201 227 45550
201 228 31110
201 229 35412
201 230 68163
201 231 25310
201 232 9421
201 233 31317
201 234 81633
201 235 51567
201 236 90990
201 237 65581
201 238 57460
201 239 47932
201 240 81651
201 241 61651
201 242 20125
201 243 19847
201 244 67830
201 245 26179
201 246 58033
201 247 57048
201 248 84127
201 249 12227
202 203 34005
202 204 50394
202 205 25126
202 206 37422
202 207 20538
202 208 26337
202 209 46092
202 210 71385
202 211 41741
202 212 54645
202 213 52521
202 214 39054
202 215 59952
202 216 11064
202 217 67561
202 218 51443
202 219 40749
202 220 62732
202 221 30676
202 222 74915
202 223 22826
202 224 28585
202 225 21755
202 226 12906
202 227 34196
202 228 21514
202 229 37619
202 230 65207
202 231 14506
202 232 22256
202 233 18382
202 234 85441
202 235 61755
202 236 95532
202 237 53787
202 238 51373
202 239 60850
202 240 72596
202 241 49915
202 242 5962
202 243 7968
202 244 68169
202 245 35286
202 246 59587
202 247 53064
202 248 85144
202 249 2024
203 204 26716
203 205 32311
203 206 22330
203 207 53505
203 208 60150
203 209 16013
203 210 68789
203 211 43101
203 212 20649
203 213 20463
203 214 12613
203 215 61845
203 216 31796
203 217 45044
203 218 46696
203 219 26567
203 220 32589
203 221 59449
203 222 57657
203 223 29037
203 224 35694
203 225 47487
203 226 43013
203 227 68201
203 228 35858
203 229 17096
203 230 52268
203 231 34780
203 232 29437
203 233 42636
203 234 57117
203 235 27926
203 236 65963
203 237 68106
203 238 48367
203 239 31898
203 240 75999
203 241 64420
203 242 38618
203 243 41838
203 244 47193
203 245 2058
203 246 36561
203 247 44191
203 248 61976
203 249 33003
204 205 32988
204 206 13876
204 207 64941
204 208 72821
204 209 36964
204 210 95093
204 211 69775
204 212 26360
204 213 15968
204 214 37678
204 215 88545
204 216 42462
204 217 65890
204 218 73200
204 219 52814
204 220 15972
204 221 80237
204 222 80329
204 223 32073
204 224 61478
204 225 69272
204 226 53603
204 227 81870
204 228 60108
204 229 43181
204 230 76962
204 231 57084
204 232 32822
204 233 64627
204 234 71028
204 235 27217
204 236 77163
204 237 93963
204 238 74971
204 239 12828
204 240 102691
204 241 90170
204 242 56221
204 243 56626
204 244 68777
204 245 24739
204 246 58207
204 247 70258
204 248 80656
204 249 48639
205 206 19337
205 207 33187
205 208 41258
205 209 48288
205 210 91135
205 211 61610
205 212 48856
205 213 42170
205 214 43574
205 215 81052
205 216 14136
205 217 76344
205 218 69413
205 219 52985
205 220 48358
205 221 55142
205 222 87371
205 223 3625
205 224 49297
205 225 46880
205 226 22372
205 227 50437
205 228 43986
205 229 45681
205 230 79844
205 231 37935
205 232 3646
205 233 43319
205 234 89412
205 235 53916
205 236 98052
205 237 78202
205 238 70108
205 239 45551
205 240 94595
205 241 74282
205 242 30741
205 243 28141
205 244 78046
205 245 32115
205 246 67789
205 247 69193
205 248 93719
205 249 23112
206 207 51093
206 208 59003
206 209 36974
206 210 90156
206 211 62658
206 212 32324
206 213 23947
206 214 34918
206 215 82106
206 216 28797
206 217 66710
206 218 67896
206 219 48421
206 220 29022
206 221 67818
206 222 79862
206 223 18207
206 224 52624
206 225 57431
206 226 39772
206 227 68080
206 228 49888
206 229 39238
206 230 74564
206 231 45841
206 232 18954
206 233 52990
206 234 75926
206 235 36049
206 236 83455
206 237 84586
206 238 69280
206 239 26231
206 240 96228
206 241 80698
206 242 43352
206 243 43180
206 244 69101
206 245 20974
206 246 58383
206 247 65997
206 248 83031
206 249 35564
207 208 8076
207 209 66496
207 210 86343
207 211 58039
207 212 73887
207 213 70346
207 214 59543
207 215 73972
207 216 22939
207 217 87667
207 218 68587
207 219 60668
207 220 79140
207 221 30387
207 222 94007
207 223 33103
207 224 45360
207 225 29422
207 226 11364
207 227 17253
207 228 37519
207 229 58126
207 230 83658
207 231 30829
207 232 32348
207 233 29433
207 234 105947
207 235 80592
207 236 116067
207 237 61997
207 238 67992
207 239 76769
207 240 84934
207 241 58570
207 242 18864
207 243 12822
207 244 88061
207 245 54516
207 246 79863
207 247 71192
207 248 105126
207 249 20918
208 209 72337
208 210 86746
208 211 59667
208 212 80708
208 213 77677
208 214 65197
208 215 74090
208 216 30551
208 217 91763
208 218 70466
208 219 64739
208 220 86806
208 221 26914
208 222 96983
208 223 41105
208 224 47655
208 225 29251
208 226 19234
208 227 9179
208 228 39856
208 229 63212
208 230 86204
208 231 33842
208 232 40352
208 233 30567
208 234 110853
208 235 87607
208 236 121177
208 237 59877
208 238 69577
208 239 84510
208 240 84082
208 241 56734
208 242 23115
208 243 18380
208 244 91876
208 245 61298
208 246 84265
208 247 73654
208 248 108975
208 249 27159
209 210 59905
209 211 39547
209 212 16434
209 213 23919
209 214 7381
209 215 55610
209 216 46339
209 217 29764
209 218 39300
209 219 19602
209 220 35913
209 221 66371
209 222 43523
209 223 44958
209 224 37152
209 225 54199
209 226 56838
209 227 79609
209 228 40539
209 229 12030
209 230 40200
209 231 42216
209 232 45325
209 233 49548
209 234 41273
209 235 23681
209 236 50486
209 237 67088
209 238 41560
209 239 36771
209 240 69276
209 241 63841
209 242 49538
209 243 54047
209 244 32297
209 245 16566
209 246 21576
209 247 35120
209 248 46200
209 249 45578
210 211 29806
210 212 75801
210 213 83764
210 214 57486
210 215 12841
210 216 80275
210 217 42188
210 218 22266
210 219 42295
210 220 95794
210 221 62971
210 222 30965
210 223 87627
210 224 42858
210 225 57504
210 226 83714
210 227 88361
210 228 49991
210 229 51919
210 230 23207
210 231 57107
210 232 87492
210 233 56911
210 234 61543
210 235 82017
210 236 70970
210 237 34325
210 238 21117
210 239 96653
210 240 13448
210 241 34983
210 242 69159
210 243 75685
210 244 38855
210 245 70622
210 246 44095
210 247 24919
210 248 47341
210 249 72717
211 212 55829
211 213 61348
211 214 34384
211 215 19626
211 216 50470
211 217 39002
211 218 10887
211 219 20052
211 220 73922
211 221 40031
211 222 38945
211 223 58163
211 224 13158
211 225 31076
211 226 54292
211 227 62979
211 228 20691
211 229 28360
211 230 27411
211 231 27745
211 232 57983
211 233 29100
211 234 61068
211 235 63225
211 236 71908
211 237 27884
211 238 9957
211 239 73983
211 240 33623
211 241 25014
211 242 40004
211 243 46591
211 244 37552
211 245 45120
211 246 34727
211 247 15277
211 248 53556
211 249 42998
212 213 10494
212 214 21850
212 215 72004
212 216 51594
212 217 41010
212 218 55657
212 219 36002
212 220 20351
212 221 79187
212 222 56134
212 223 46221
212 224 52166
212 225 67046
212 226 63115
212 227 88838
212 228 54278
212 229 27674
212 230 54951
212 231 54466
212 232 46796
212 233 62224
212 234 44729
212 235 7770
212 236 51411
212 237 83121
212 238 57956
212 239 21921
212 240 85581
212 241 79762
212 242 59237
212 243 62446
212 244 44218
212 245 19410
212 246 34256
212 247 51250
212 248 54621
212 249 53600
213 214 27091
213 215 78809
213 216 47470
213 217 51073
213 218 62725
213 219 42384
213 220 12584
213 221 79690
213 222 65979
213 223 40047
213 224 55612
213 225 67836
213 226 59158
213 227 86263
213 228 56290
213 229 33110
213 230 63911
213 231 55134
213 232 40707
213 233 62992
213 234 55063
213 235 12129
213 236 61303
213 237 87666
213 238 64825
213 239 12903
213 240 92710
213 241 84097
213 242 57734
213 243 59908
213 244 54166
213 245 18558
213 246 43898
213 247 58899
213 248 65084
213 249 51162
214 215 51784
214 216 40105
214 217 32851
214 218 35880
214 219 15408
214 220 39617
214 221 59069
214 222 45061
214 223 40090
214 224 30447
214 225 46886
214 226 50191
214 227 72344
214 228 33347
214 229 6033
214 230 39828
214 231 34841
214 232 40368
214 233 42210
214 234 47150
214 235 29526
214 236 56819
214 237 61337
214 238 37867
214 239 39893
214 240 65769
214 241 57938
214 242 42296
214 243 46980
214 244 34793
214 245 13992
214 246 24300
214 247 32601
214 248 50145
214 249 38651
215 216 69404
215 217 44542
215 218 16397
215 219 36424
215 220 91230
215 221 50131
215 222 37166
215 223 77648
215 224 31889
215 225 44895
215 226 71951
215 227 75542
215 228 38438
215 229 45842
215 230 26520
215 231 45492
215 232 77441
215 233 44591
215 234 65892
215 235 78885
215 236 76114
215 237 22896
215 238 14050
215 239 91661
215 240 14167
215 241 22851
215 242 57273
215 243 63717
215 244 41757
215 245 63807
215 246 43952
215 247 21587
215 248 53839
215 249 61417
216 217 71352
216 218 59359
216 219 45655
216 220 56258
216 221 41106
216 222 80482
216 223 12197
216 224 37551
216 225 32800
216 226 11689
216 227 39483
216 228 31302
216 229 40337
216 230 71691
216 231 24713
216 232 11548
216 233 29410
216 234 87254
216 235 57998
216 236 96789
216 237 64664
216 238 59655
216 239 53967
216 240 82495
216 241 60769
216 242 16606
216 243 14620
216 244 72474
216 245 32496
216 246 62985
216 247 60115
216 248 89032
216 249 9080
217 218 30900
217 219 27042
217 220 61033
217 221 77522
217 222 15419
217 223 72817
217 224 46038
217 225 66708
217 226 80017
217 227 97234
217 228 53009
217 229 31089
217 230 19015
217 231 58069
217 232 73055
217 233 63171
217 234 22171
217 235 45038
217 236 32954
217 237 64245
217 238 33504
217 239 62891
217 240 54836
217 241 62340
217 242 68953
217 243 74870
217 244 3590
217 245 45987
217 246 8557
217 247 24879
217 248 17685
217 249 67780
218 219 20481
218 220 75059
218 221 50671
218 222 28468
218 223 65856
218 224 23272
218 225 41963
218 226 64213
218 227 73866
218 228 31076
218 229 30083
218 230 16774
218 231 37962
218 232 65768
218 233 39908
218 234 53021
218 235 62492
218 236 63704
218 237 33368
218 238 2685
218 239 75614
218 240 30003
218 241 31463
218 242 50253
218 243 56833
218 244 28814
218 245 48575
218 246 28577
218 247 6053
218 248 43799
218 249 52520
219 220 54825
219 221 52330
219 222 34841
219 223 49360
219 224 20757
219 225 40786
219 226 53415
219 227 70413
219 228 26700
219 229 9635
219 230 26909
219 231 31166
219 232 49435
219 233 36826
219 234 46870
219 235 43267
219 236 57567
219 237 47835
219 238 22465
219 239 55241
219 240 50368
219 241 44762
219 242 41917
219 243 47896
219 244 27431
219 245 28356
219 246 19687
219 247 17631
219 248 44464
219 249 41121
220 221 91085
220 222 76300
220 223 47004
220 224 68066
220 225 79441
220 226 67787
220 227 95670
220 228 68415
220 229 45646
220 230 75281
220 231 66799
220 232 47732
220 233 74625
220 234 61354
220 235 16562
220 236 65831
220 237 100213
220 238 77214
220 239 3425
220 240 105062
220 241 96625
220 242 68251
220 243 69687
220 244 64339
220 245 30593
220 246 54566
220 247 71032
220 248 73421
220 249 61187
221 222 78976
221 223 53260
221 224 31720
221 225 12195
221 226 35201
221 227 25886
221 228 26060
221 229 54881
221 230 67398
221 231 24739
221 232 52636
221 233 16972
221 234 98812
221 235 86864
221 236 109625
221 237 33266
221 238 49066
221 239 89649
221 240 58431
221 241 30407
221 242 24733
221 243 27334
221 244 76679
221 245 61224
221 246 71508
221 247 55269
221 248 93250
221 249 32656
222 223 83763
222 224 49426
222 225 69570
222 226 87768
222 227 101274
222 228 57146
222 229 41787
222 230 11739
222 231 63305
222 232 83899
222 233 66870
222 234 30781
222 235 60424
222 236 40005
222 237 59341
222 238 30444
222 239 78054
222 240 44363
222 241 58318
222 242 75165
222 243 81518
222 244 11979
222 245 58893
222 246 22142
222 247 23770
222 248 16714
222 249 75508
223 224 45964
223 225 44485
223 226 21919
223 227 50253
223 228 40867
223 229 42095
223 230 76219
223 231 35015
223 232 755
223 233 40733
223 234 86153
223 235 51584
223 236 94914
223 237 75301
223 238 66579
223 239 44348
223 240 91253
223 241 71374
223 242 28624
223 243 26709
223 244 74487
223 245 28952
223 246 64264
223 247 65587
223 248 90227
223 249 20802
224 225 20683
224 226 41153
224 227 51916
224 228 7856
224 229 25127
224 230 38550
224 231 14701
224 232 45716
224 233 17486
224 234 67104
224 235 59904
224 236 77909
224 237 32506
224 238 22911
224 239 67566
224 240 45298
224 241 28761
224 242 26995
224 243 33581
224 244 45479
224 245 37745
224 246 39792
224 247 26004
224 248 62382
224 249 29867
225 226 30071
225 227 31903
225 228 14151
225 229 42789
225 230 58297
225 231 12708
225 232 43946
225 233 4851
225 234 87563
225 235 74741
225 236 98316
225 237 33373
225 238 40801
225 239 78148
225 240 55513
225 241 29705
225 242 16411
225 243 21386
225 244 66155
225 245 49308
225 246 60253
225 247 45834
225 248 83013
225 249 23769
226 227 28349
226 228 33731
226 229 49538
226 230 78113
226 231 26615
226 232 21170
226 233 28234
226 234 97166
226 235 69631
226 236 107003
226 237 63411
226 238 64043
226 239 65406
226 240 84085
226 241 59687
226 242 14726
226 243 8695
226 244 80772
226 245 43866
226 246 71891
226 247 65957
226 248 97662
226 249 12295
227 228 44405
227 229 69857
227 230 90128
227 231 39252
227 232 49501
227 233 34431
227 234 117049
227 235 95895
227 236 127547
227 237 58999
227 238 72680
227 239 93438
227 240 84312
227 241 56267
227 242 30077
227 243 26439
227 244 97063
227 245 69460
227 246 90088
227 247 77618
227 248 114104
227 249 35281
228 229 28870
228 230 46374
228 231 7117
228 232 40524
228 233 10174
228 234 73547
228 235 62041
228 236 84265
228 237 34882
228 238 30588
228 239 67527
228 240 51228
228 241 30960
228 242 19316
228 243 25901
228 244 52694
228 245 37830
228 246 46274
228 247 33836
228 248 69709
228 249 23005
229 230 35390
229 231 31325
229 232 42274
229 233 38276
229 234 47823
229 235 35262
229 236 57994
229 237 55447
229 238 31987
229 239 45884
229 240 59871
229 241 52098
229 242 40104
229 243 45355
229 244 32481
229 245 18810
229 246 22657
229 247 27162
229 248 48738
229 249 37526
230 231 52833
230 232 76271
230 233 55838
230 234 39470
230 235 60457
230 236 49599
230 237 48024
230 238 18705
230 239 76566
230 240 35858
230 241 46807
230 242 64929
230 243 71402
230 244 15786
230 245 53792
230 246 21483
230 247 12552
230 248 27770
230 249 65982
231 232 34602
231 233 7859
231 234 77849
231 235 62130
231 236 88414
231 237 40288
231 238 37592
231 239 65576
231 240 58098
231 241 36362
231 242 12294
231 243 18880
231 244 58068
231 245 36600
231 246 50836
231 247 40365
231 248 75161
231 249 16102
232 233 40234
232 234 86544
232 235 52212
232 236 95350
232 237 74890
232 238 66463
232 239 45085
232 240 91012
232 241 70964
232 242 28027
232 243 26022
232 244 74694
232 245 29396
232 246 64506
232 247 65569
232 248 90492
232 249 20232
233 234 83692
233 235 69911
233 236 94390
233 237 35545
233 238 39019
233 239 73360
233 240 56068
233 241 31719
233 242 13740
233 243 19617
233 244 62806
233 245 44459
233 246 56436
233 247 43294
233 248 79784
233 249 20334
234 235 45012
234 236 10863
234 237 86307
234 238 55597
234 239 64101
234 240 74803
234 241 84481
234 242 87750
234 243 93164
234 244 24325
234 245 57333
234 246 27320
234 247 47025
234 248 16850
234 249 85304
235 236 50220
235 237 90673
235 238 64871
235 239 19115
235 240 92259
235 241 87356
235 242 66525
235 243 69461
235 244 48448
235 245 26489
235 246 39205
235 247 57809
235 248 56872
235 249 60614
236 237 96905
236 238 66253
236 239 68855
236 240 84358
236 241 95164
236 242 98062
236 243 103330
236 244 34910
236 245 65963
236 246 38118
236 247 57740
236 248 24155
236 249 95303
237 238 30743
237 239 99884
237 240 26242
237 241 3933
237 242 49249
237 243 54716
237 244 62006
237 245 70163
237 246 61554
237 247 39417
237 248 75782
237 249 55670
238 239 77696
238 240 27903
238 241 28917
238 242 49877
238 243 56466
238 244 31346
238 245 50280
238 246 31261
238 247 8713
238 248 46059
238 249 52537
239 240 105590
239 241 96242
239 242 66465
239 243 67632
239 244 66129
239 245 29860
239 246 56149
239 247 71798
239 248 75769
239 249 59246
240 241 28247
240 242 69364
240 243 75609
240 244 51644
240 245 77955
240 246 55769
240 247 34467
240 248 60788
240 249 74186
241 242 45443
241 243 50992
241 244 60262
241 245 66476
241 246 59218
241 247 37461
241 248 74561
241 249 51789
242 243 6589
242 244 69258
242 245 40052
242 246 61289
242 247 52527
242 248 86340
242 249 7924
243 244 75311
243 245 43049
243 246 67043
243 247 59037
243 248 92359
243 249 8849
244 245 48246
244 246 10730
244 247 22900
244 248 17100
244 249 68492
245 246 37562
245 247 45958
245 248 62729
245 249 34200
246 247 22655
246 248 26095
246 249 59712
247 248 38361
247 249 53944
248 249 85407
